episode,steps,cumulative_steps,total_return,coordinator_return,mean_local_return,sum_local_return,minimum_local_return,maximum_local_return,local_update_count,coordinator_update_count,terminated_early,mg1_return,mg2_return,mg3_return,mg4_return,mg5_return,moving_average_return,moving_average_coordinator_return,moving_average_local_return,cumulative_local_updates,cumulative_coordinator_updates
1,24,24,-11121.566414047778,-4685.2874319881375,-1287.255796411928,-6436.27898205964,-1477.4498303176856,-980.7762817617772,0,0,False,-980.7762817617772,-1477.4498303176856,-1339.8208920254488,-1398.7513570678625,-1239.4806208868658,-11121.566414047778,-4685.2874319881375,-1287.255796411928,0,0
2,24,48,-10697.20691459204,-4511.918124569243,-1237.057758004559,-6185.288790022795,-1372.658360665404,-1089.753465003177,0,0,False,-1213.346275436677,-1089.753465003177,-1278.057604320348,-1231.473084597189,-1372.658360665404,-10909.386664319909,-4598.6027782786905,-1262.1567772082435,0,0
3,24,72,-14724.811865567252,-6431.897839761356,-1658.5828051611788,-8292.914025805894,-1898.2973892185532,-1376.0041479293743,0,0,False,-1376.0041479293743,-1898.2973892185532,-1544.2923405975696,-1596.1251165565602,-1878.1950315038368,-12181.195064735692,-5209.7011321062455,-1394.2987865258885,0,0
4,24,96,-8651.89130918516,-3305.429522683599,-1069.2923573003122,-5346.461786501561,-1143.8055245214773,-932.7322193333172,0,0,False,-1143.8055245214773,-1100.4857557098233,-1025.9343604561318,-1143.5039264808124,-932.7322193333172,-11298.869125848058,-4733.633229750584,-1313.0471792194944,0,0
5,24,120,-18045.2079406538,-8238.887954623202,-1961.2639972061197,-9806.319986030598,-2295.422312781628,-1698.3632230552194,0,0,False,-1811.6170307616533,-1897.906332698289,-1698.3632230552194,-2295.422312781628,-2103.011086733807,-12648.136888809206,-5434.684174725107,-1442.6905428168197,0,0
6,24,144,-50411.881738576514,-8626.287599612215,-8357.11882779286,-41785.5941389643,-33741.72914798777,-1826.9030709769177,0,0,False,-1885.5532263708765,-1826.9030709769177,-33741.72914798777,-2037.381106023288,-2294.027587605443,-18942.094363770422,-5966.618078872959,-2595.095256979493,0,0
7,24,168,-18271.960706871258,-8303.457069497621,-1993.700727474728,-9968.503637373638,-2494.100805363904,-1651.812638021924,0,0,False,-1651.812638021924,-2494.100805363904,-1729.0893046343683,-1933.3298319626167,-2160.1710573908254,-18846.3609842134,-6300.452220390768,-2509.181752764526,0,0
8,24,192,-21078.37765980819,-9710.9967309271,-2273.4761857762182,-11367.380928881092,-2564.9331065549486,-1877.25471253902,0,0,False,-1877.25471253902,-2496.5409047141693,-1945.8165267249587,-2564.9331065549486,-2482.835678347994,-19125.363068662748,-6726.770284207809,-2479.718556890988,0,0
9,24,216,-16060.375248636436,-7301.276467636527,-1751.8197561999818,-8759.09878099991,-1977.2322219046653,-1543.4634963235055,0,0,False,-1579.4841835814875,-1694.13528549966,-1543.4634963235055,-1964.7835936905908,-1977.2322219046653,-18784.8088664376,-6790.604304588778,-2398.840912369765,0,0
10,24,240,-14518.98150020814,-6588.2402122343865,-1586.1482575947507,-7930.741287973754,-1848.882724950324,-1481.7996004073325,0,0,False,-1505.9274132134967,-1581.9935422425892,-1481.7996004073325,-1512.1380071600129,-1848.882724950324,-18358.226129814655,-6770.367895353338,-2317.5716468922637,0,0
11,24,264,-8843.919069049776,-3178.992912676304,-1132.9852312746943,-5664.926156373472,-1273.7680217937905,-1014.5179478425268,0,0,False,-1014.5179478425268,-1273.7680217937905,-1022.1263488708988,-1103.049421293079,-1251.4644165731768,-17493.289124290575,-6443.879260564518,-2209.881972745212,0,0
12,24,288,-17259.112817788842,-7814.64177486399,-1888.8942085849708,-9444.471042924852,-2011.7346617746596,-1731.7430058619968,0,0,False,-1731.7430058619968,-2001.3936078748527,-1834.0537448825085,-2011.7346617746596,-1865.546022530836,-17473.774432082097,-6558.109470089473,-2183.1329923985254,0,0
13,24,312,-15525.633510406557,-7012.263233260734,-1702.6740554291646,-8513.370277145823,-1900.5768444763837,-1493.6997476661354,0,0,False,-1493.6997476661354,-1842.2475507736024,-1658.9296427752597,-1617.9164914544424,-1900.5768444763837,-17323.917438107055,-6593.0443749488,-2146.174612631651,0,0
14,24,336,-14049.55549381251,-6217.378047105538,-1566.4354893413945,-7832.177446706973,-1772.4894876893134,-1345.4686181384336,0,0,False,-1461.1307674946388,-1680.340749753717,-1345.4686181384336,-1572.747823630869,-1772.4894876893134,-17090.034442086016,-6566.21106581714,-2104.7646752537757,0,0
15,24,360,-9557.329081420785,-3739.869314730558,-1163.4919533380455,-5817.459766690227,-1327.3724352638048,-1047.8243033764825,0,0,False,-1047.8243033764825,-1122.4458142109222,-1099.0740260882046,-1327.3724352638048,-1220.7431877508136,-16587.854084708335,-6377.788282411367,-2042.013160459394,0,0
16,24,384,-9098.760248891202,-3248.7347019563745,-1170.0051093869654,-5850.025546934827,-1289.3675707310765,-867.438725472688,0,0,False,-867.438725472688,-1244.348663257533,-1259.3664005449596,-1289.3675707310765,-1189.5041869285697,-16119.785719969765,-6182.22243363293,-1987.5126572673669,0,0
17,24,408,-22959.520732971905,-10699.96380358356,-2451.9113858776686,-12259.556929388344,-2771.855846105305,-1963.561405781497,0,0,False,-1963.561405781497,-2771.855846105305,-2221.6122633816653,-2583.097189399747,-2719.4302247201304,-16522.12307367577,-6447.971925982967,-2014.8302295385613,0,0
18,24,432,-16743.806427967687,-7424.934793729469,-1863.774326847644,-9318.871634238218,-2123.998981940027,-1574.0950300257214,0,0,False,-1574.0950300257214,-1818.5623629533643,-1809.6488065650344,-1992.5664527540705,-2123.998981940027,-16534.438815580877,-6502.247640857773,-2006.4382349446214,0,0
19,24,456,-13775.061047341442,-5873.0911402576585,-1580.3939814167566,-7901.969907083782,-1708.3925329546696,-1313.295880522178,0,0,False,-1313.295880522178,-1708.3925329546696,-1561.6499112934214,-1664.825136206242,-1653.8064461072706,-16389.20840672617,-6469.134140826188,-1984.014853179997,0,0
20,24,480,-13243.79348554177,-5870.896926712331,-1474.5793117658875,-7372.896558829438,-1682.377295190427,-1232.9725048355692,0,0,False,-1434.003706905053,-1619.3233599820253,-1232.9725048355692,-1404.2196919163623,-1682.377295190427,-16231.93766066695,-6439.222280120495,-1958.5430761092914,0,0
21,24,504,-11690.26370897842,-4907.174118147304,-1356.6179181662233,-6783.089590831116,-1495.51374671807,-1289.689464387516,0,0,False,-1307.4800098156634,-1343.9669633091414,-1289.689464387516,-1346.4394066007255,-1495.51374671807,-16260.372525413482,-6450.316614428453,-1962.0111821970063,0,0
22,24,528,-12727.92613252973,-5329.543018216536,-1479.6766228626389,-7398.383114313194,-1675.5707275888203,-1231.761635883146,85,17,False,-1350.3957914749617,-1473.6990445964668,-1231.761635883146,-1675.5707275888203,-1666.955914769799,-16361.908486310369,-6491.197859110818,-1974.1421254399102,85,17
23,24,552,-18728.749357595618,-8695.521354529888,-2006.645600613146,-10033.228003065731,-2279.259017017324,-1604.7143507690237,120,24,False,-1604.7143507690237,-1992.9338756438945,-1913.3583043233432,-2242.962455312146,-2279.259017017324,-16562.105360911788,-6604.379034849245,-1991.5452652125084,205,41
24,24,576,-23878.055517972927,-4098.032547149333,-3956.004594164719,-19780.022970823597,-15172.147135463132,-1059.2060423811556,120,24,False,-15172.147135463132,-1262.912425869267,-1059.2060423811556,-1099.6090447400409,-1186.1483223699936,-17323.413571351175,-6644.0091860725315,-2135.880877055729,325,65
25,24,600,-15819.754653319898,-6727.464500102168,-1818.4580306435464,-9092.290153217731,-2516.0129869381867,-1292.7652989451426,120,24,False,-2516.0129869381867,-1544.1255397506366,-1292.7652989451426,-1807.6472954748788,-1931.739032108887,-17212.140906984478,-6568.43801334648,-2128.7405787276,445,89
26,24,624,-14544.76488811291,-5280.759572678283,-1852.8010630869253,-9264.005315434626,-3405.121071333495,-1346.2589841022016,120,24,False,-1346.2589841022016,-1478.00013833883,-3405.121071333495,-1383.1125640366704,-1651.51255762343,-15418.785064461297,-6401.161611999783,-1803.5246904923035,565,113
27,24,648,-12432.96761751384,-5302.980317801143,-1425.9974599425393,-7129.987299712697,-1724.4311776226305,-1199.5692955729912,120,24,False,-1276.4732433978925,-1471.3674550374883,-1199.5692955729912,-1458.1461280816948,-1724.4311776226305,-15126.835409993428,-6251.1377744149595,-1775.139527115694,685,137
28,24,672,-13541.94384030209,-5999.721985905127,-1508.4443708793929,-7542.221854396964,-1788.4984740804657,-1080.7719080261863,120,24,False,-1416.313188886744,-1750.3064058639918,-1080.7719080261863,-1506.331877539577,-1788.4984740804657,-14750.013719018123,-6065.574037163861,-1736.8879363708525,805,161
29,24,696,-21128.127358945865,-9943.132175769262,-2236.9990366353204,-11184.995183176605,-2735.377645937664,-1856.2891904785308,120,24,False,-2056.0897062616987,-2530.479226777556,-1856.2891904785308,-2006.7594137211536,-2735.377645937664,-15003.401324533595,-6197.666822570497,-1761.1469003926195,925,185
30,24,720,-12733.28586963616,-5737.033971743842,-1399.2503795784637,-6996.251897892318,-1878.746029736512,-1165.414251969275,120,24,False,-1225.9302283259185,-1441.775163985811,-1165.414251969275,-1284.3862238748004,-1878.746029736512,-14914.116543004997,-6155.10651054597,-1751.8020064918055,1045,209
31,24,744,-13437.092561037109,-5789.546669907238,-1529.5091782259738,-7647.545891129869,-2119.7974515136857,-1204.9835184651142,120,24,False,-1350.0634873073468,-1510.1042963823638,-1204.9835184651142,-1462.5971374613591,-2119.7974515136857,-15143.775217604363,-6285.634198407517,-1771.6282038393692,1165,233
32,24,768,-17917.819678239837,-8424.166303055608,-1898.7306750368452,-9493.653375184227,-2480.7913030617487,-1208.766279929579,120,24,False,-1746.078538391709,-2156.526441431408,-1208.766279929579,-1901.490812369783,-2480.7913030617487,-15176.710560626914,-6316.110424817098,-1772.1200271619632,1285,257
33,24,792,-14120.196907434089,-6309.273447371097,-1562.1846920125984,-7810.923460062992,-2017.004084604778,-1066.556413236562,120,24,False,-1418.288511597122,-1700.765917324907,-1066.556413236562,-1608.3085332996236,-2017.004084604778,-15106.438730478292,-6280.960935522616,-1765.0955589911348,1405,281
34,24,816,-15650.845195024976,-7057.017583845303,-1718.765522235935,-8593.827611179673,-2368.4847014573784,-1264.2673874396069,120,24,False,-1500.367650318349,-1764.533602376053,-1264.2673874396069,-1696.1742695882867,-2368.4847014573784,-15186.503215538914,-6322.942912359605,-1772.7120606358617,1525,305
35,24,840,-22202.284375506693,-10605.361578774548,-2319.384559346429,-11596.922796732144,-2925.2232722077965,-1865.806953856739,120,24,False,-2198.4550798516843,-2452.6290061803584,-1865.806953856739,-2154.808484635565,-2925.2232722077965,-15818.750980243209,-6666.217525561804,-1830.5066909362808,1645,329
36,24,864,-12661.43879281239,-5796.534344071317,-1372.9808897482148,-6864.904448741075,-1798.1103584525947,-991.8375604879934,120,24,False,-1376.5878678454333,-1503.2200325680033,-991.8375604879934,-1195.14862938705,-1798.1103584525947,-15996.884907439267,-6793.607507667551,-1840.6554799543433,1765,353
37,24,888,-12953.619831937543,-5718.852901462433,-1446.9533860950226,-7234.766930475112,-2012.902838380828,-967.3609132177849,120,24,False,-1319.3419884946254,-1443.4684045255074,-967.3609132177849,-1491.6927858563668,-2012.902838380828,-15496.589862387551,-6544.551962561494,-1790.407579965211,1885,377
38,24,912,-11095.293169790097,-4724.150472083368,-1274.2285395413455,-6371.142697706728,-1587.736132096116,-1076.300041872216,120,24,False,-1160.1978605675552,-1329.9121599048308,-1076.300041872216,-1216.9965032660098,-1587.736132096116,-15214.164199478671,-6409.512746479189,-1760.9302905998961,2005,401
39,24,936,-8849.682452399611,-3411.536951179955,-1087.6291002439311,-5438.145501219656,-1384.6641507274226,-863.5418155273584,120,24,False,-1006.4397551766248,-1109.3946059738837,-863.5418155273584,-1074.1051738143667,-1384.6641507274226,-14967.89526973158,-6286.435037025304,-1736.2920465412546,2125,425
40,24,960,-22112.77475899476,-10484.640189055684,-2325.6269139878154,-11628.134569939077,-3080.6517073422856,-1640.2719563062046,120,24,False,-2095.8113501749917,-2427.945124483369,-1640.2719563062046,-2383.454431632225,-3080.6517073422856,-15411.34433340423,-6517.122200142471,-1778.8444266523516,2245,449
41,24,984,-15145.35032952942,-6977.263555079263,-1633.617354890032,-8168.086774450159,-2250.7810721230912,-1070.197739808803,120,24,False,-1665.9752106801122,-1749.6702313588974,-1070.197739808803,-1431.462520479257,-2250.7810721230912,-15584.09866443178,-6620.62667198907,-1792.6943984885415,2365,473
42,24,1008,-9628.600839365148,-3825.704461526068,-1160.579275567816,-5802.89637783908,-1709.8188883576868,-724.9312674036183,120,24,False,-982.1497709742288,-1379.4310504932046,-724.9312674036183,-1006.5654006103416,-1709.8188883576868,-15429.132399773549,-6545.434744154547,-1776.7395311238008,2485,497
43,24,1032,-10316.523446120713,-4501.381912336966,-1163.028306756749,-5815.141533783745,-1624.6077155170194,-863.1514547269854,120,24,False,-1089.1186741174115,-1212.0051119786729,-863.1514547269854,-1026.2585774436552,-1624.6077155170194,-15008.521104199803,-6335.7277720449,-1734.5586664309808,2605,521
44,24,1056,-16256.80092287422,-7378.775532759397,-1775.6050780229648,-8878.025390114824,-2139.561048275896,-1417.1486046368248,120,24,False,-1691.91185803167,-1911.626812714372,-1417.1486046368248,-1717.777066456061,-2139.561048275896,-14627.45837444487,-6499.764921325403,-1625.5386906238932,2725,545
45,24,1080,-21799.21001452689,-10314.461524347407,-2296.949698035896,-11484.74849017948,-2757.9884365431903,-1898.0167429184276,120,24,False,-2167.076542507759,-2417.801340976197,-1898.0167429184276,-2243.865427233906,-2757.9884365431903,-14926.431142505218,-6679.114772537665,-1649.4632739935103,2845,569
46,24,1104,-6525.516259911339,-2222.327327687061,-860.6377864448557,-4303.188932224279,-1164.3223799032612,-621.6073395657213,120,24,False,-887.6640628656929,-884.98585082562,-621.6073395657213,-744.6092990639826,-1164.3223799032612,-14525.46871109514,-6526.193160288104,-1599.855110161407,2965,593
47,24,1128,-12865.725936009232,-5780.139871336388,-1417.1172129345691,-7085.586064672845,-1743.0519168622586,-1137.7119746228757,120,24,False,-1340.3067018204777,-1456.7320114740528,-1137.7119746228757,-1407.7834598931806,-1743.0519168622586,-14547.106627019912,-6550.051137964866,-1599.4110978110084,3085,617
48,24,1152,-17381.670678264338,-8061.262442614628,-1864.0816471299415,-9320.40823564971,-2343.973898373498,-1520.2314246256385,120,24,False,-1735.5648173022853,-1978.29063606424,-1520.2314246256385,-1742.3474592840494,-2343.973898373498,-14739.092968918023,-6653.128160800341,-1617.192961623536,3205,641
49,24,1176,-8383.328011423971,-3543.401308029945,-967.9853406788052,-4839.926703394026,-1198.195578951996,-825.6530103408079,120,24,False,-958.0364751874648,-991.6220301431936,-825.6530103408079,-866.4196087705631,-1198.195578951996,-14101.853001541927,-6333.141617413376,-1553.7422768257102,3325,665
50,24,1200,-11343.426354815858,-4897.669763374124,-1289.1513182883468,-6445.756591441734,-1559.7326668314286,-1041.6642836686349,120,24,False,-1240.8526418551262,-1350.697840138336,-1041.6642836686349,-1252.809158948207,-1559.7326668314286,-14032.360025800914,-6291.17340699489,-1548.2373237612042,3445,689
51,24,1224,-18961.400566900036,-8750.171699172348,-2042.2457735455373,-10211.228867727688,-2494.070327664039,-1718.3432544691027,120,24,False,-1911.6251938351388,-2148.793849453424,-1718.3432544691027,-1938.3962423059827,-2494.070327664039,-14308.57542609406,-6439.204658458146,-1573.8741535271824,3565,713
52,24,1248,-9977.182026421622,-4311.34085989108,-1133.1682333061085,-5665.841166530541,-1372.480056378014,-937.7522131348468,120,24,False,-1056.955136970173,-1193.9044491539023,-937.7522131348468,-1104.7493108936046,-1372.480056378014,-13911.543543503145,-6233.563386299918,-1535.5960314406457,3685,737
53,24,1272,-10167.000497045912,-4335.563409549135,-1166.2874174993551,-5831.437087496776,-1466.3236299681987,-968.3382148313764,120,24,False,-1089.891544415911,-1211.1124492125248,-968.3382148313764,-1095.7712490687663,-1466.3236299681987,-13713.883722983737,-6134.877884408821,-1515.8011677149834,3805,761
54,24,1296,-15379.427413569238,-7134.291613822379,-1649.0271599493717,-8245.135799746859,-2201.3234725445595,-1272.8792683268964,120,24,False,-1604.5149173417924,-1704.284223661102,-1272.8792683268964,-1462.1339178725073,-2201.3234725445595,-13700.31283391095,-6138.741585907675,-1512.3142496006553,3925,785
55,24,1320,-13997.573622930116,-6206.991031905618,-1558.1165182048994,-7790.582591024498,-1828.448859582105,-1341.26637640672,120,24,False,-1462.0450608376009,-1645.222258494895,-1341.26637640672,-1513.6000357031776,-1828.448859582105,-13290.077296282125,-5918.823058564229,-1474.2508475435789,4045,809
56,24,1344,-13444.167440335254,-6033.525613507638,-1482.1283653655232,-7410.641826827616,-1774.7059063017143,-1242.732763542828,120,24,False,-1393.670211762675,-1550.590423166969,-1242.732763542828,-1448.9425220534288,-1774.7059063017143,-13329.213728658267,-5930.672622036045,-1479.7082213244444,4165,833
57,24,1368,-14238.486562012738,-6325.646858858226,-1582.5679406309025,-7912.839703154512,-1829.5655611809088,-1372.733369940536,120,24,False,-1481.5345632417889,-1666.5146135904015,-1372.733369940536,-1562.4915952008769,-1829.5655611809088,-13393.457065162025,-5961.012319905834,-1486.4889490512383,4285,857
58,24,1392,-15841.143044056484,-7481.71309256338,-1671.885990298621,-8359.429951493104,-2027.253879753895,-1395.809740801278,120,24,False,-1577.45462755785,-1759.6090696542317,-1395.809740801278,-1599.302633725851,-2027.253879753895,-13630.749558875346,-6098.890450929835,-1506.371821589102,4405,881
59,24,1416,-10464.835727047965,-4426.912131718291,-1207.584719065935,-6037.923595329674,-1472.5753417621431,-1021.0321320780783,120,24,False,-1165.8214562587189,-1264.4986684680728,-1021.0321320780783,-1113.9959967626608,-1472.5753417621431,-13711.507222607761,-6149.6592099567515,-1512.3696025302022,4525,905
60,24,1440,-9311.436369911346,-4022.600236343676,-1057.767226713534,-5288.83613356767,-1378.1984335684297,-860.6336427296667,120,24,False,-1000.084776264725,-1089.00909541522,-860.6336427296667,-960.9101855896292,-1378.1984335684297,-13071.440303153591,-5826.557212321151,-1448.9766181664882,4645,929
61,24,1464,-10666.503910311225,-4857.210740272946,-1161.8586340076556,-5809.293170038278,-1389.8942372544495,-996.5850857213916,120,24,False,-1090.6586712527348,-1218.5351267755111,-996.5850857213916,-1113.6200490341912,-1389.8942372544495,-12847.497982192683,-5720.554571580835,-1425.3886821223693,4765,953
62,24,1488,-14379.916630916405,-6792.674590810168,-1517.4484080212471,-7587.242040106235,-1830.2493992068496,-1275.8914371618353,120,24,False,-1441.2943826497835,-1592.116483686546,-1275.8914371618353,-1447.6903374012195,-1830.2493992068496,-13085.063771770245,-5868.903078045039,-1443.2321387450409,4885,977
63,24,1512,-16082.925665012324,-7695.746007405497,-1677.4359315213655,-8387.179657606828,-2015.691686891246,-1418.9474202558374,120,24,False,-1596.1226498918252,-1761.8432727463194,-1418.9474202558374,-1594.5746278216,-2015.691686891246,-13373.383882714825,-6028.621282798466,-1468.952519983272,5005,1001
64,24,1536,-22937.55562611888,-10987.66105390776,-2389.978914442223,-11949.894572211117,-2896.550406613825,-2011.625169758261,120,24,False,-2251.9342447752,-2520.476597426019,-2011.625169758261,-2269.308153637809,-2896.550406613825,-13707.421617877058,-6209.065558855885,-1499.6712118042346,5125,1025
65,24,1560,-7685.500779631331,-3229.4593949643727,-891.2082769333917,-4456.041384666959,-1059.535836972315,-773.7038779830693,120,24,False,-852.4142677003779,-930.599622652584,-773.7038779830693,-839.7877793586123,-1059.535836972315,-13001.73615613228,-5854.815452386732,-1429.3841407491095,5245,1049
66,24,1584,-10213.5236857567,-4725.036629708076,-1097.6974112097246,-5488.487056048622,-1301.720341594738,-952.0349373625832,120,24,False,-1036.099234261367,-1150.7445315128025,-952.0349373625832,-1047.888011317132,-1301.720341594738,-13186.13652742455,-5979.950917487784,-1441.2371219873528,5365,1073
67,24,1608,-9068.682674452772,-3631.621548380936,-1087.412225214367,-5437.061126071835,-1297.3424114559982,-930.598866415462,120,24,False,-1021.945688119717,-1143.7905144420972,-930.598866415462,-1043.383645638561,-1297.3424114559982,-12996.284364346726,-5872.525001340011,-1424.7518726013427,5485,1097
68,24,1632,-13627.787133621923,-6620.299236077707,-1401.4975795088435,-7007.487897544219,-1650.956970639069,-1219.4358927357048,120,24,False,-1325.9334367244228,-1470.6621574068315,-1219.4358927357048,-1340.4994400381906,-1650.956970639069,-12808.590187114605,-5800.4768410131655,-1401.622669220288,5605,1121
69,24,1656,-19158.01298733162,-9390.787753556911,-1953.4450467549411,-9767.225233774709,-2299.432959618171,-1703.4213513930574,120,24,False,-1839.9588300175908,-2048.4616726623485,-1703.4213513930574,-1875.9504200835388,-2299.432959618171,-13347.324435909986,-6092.846163289514,-1450.8956545240949,5725,1145
70,24,1680,-14393.330869339206,-6909.737364398657,-1496.71870098811,-7483.59350494055,-1766.886510855025,-1302.6774362690578,120,24,False,-1399.3786684171007,-1581.16802437126,-1302.6774362690578,-1433.482865028106,-1766.886510855025,-13499.819661636157,-6193.44954334074,-1461.274023659083,5845,1169
71,24,1704,-11421.70422917074,-5350.08157891035,-1214.3245300520782,-6071.622650260391,-1447.0510883930433,-1047.3010706949603,120,24,False,-1148.2851910090758,-1281.9890449538566,-1047.3010706949603,-1146.9962552094553,-1447.0510883930433,-13122.834844749692,-6023.4450373276395,-1419.87796148441,5965,1193
72,24,1728,-22383.92258929888,-10948.479114706868,-2287.0886949184014,-11435.443474592006,-2757.130485308405,-1951.6977085982253,120,24,False,-2143.651612950462,-2419.888039540312,-1951.6977085982253,-2163.075628194601,-2757.130485308405,-13743.171872893552,-6355.3019500684295,-1477.5739845650246,6085,1217
73,24,1752,-12857.105951733918,-5950.689536118813,-1381.2832831230212,-6906.4164156151055,-1620.0833385234585,-1193.8151997297002,120,24,False,-1306.5136677419985,-1455.2400182347824,-1193.8151997297002,-1330.7641913851664,-1620.0833385234585,-13877.677145627953,-6436.058256396913,-1488.3237778462078,6205,1241
74,24,1776,-19857.159173865417,-9586.122722379989,-2054.207290297086,-10271.036451485428,-2506.7948228691225,-1735.6389521960705,120,24,False,-1930.5942871246705,-2176.040925950187,-1735.6389521960705,-1921.9674633453772,-2506.7948228691225,-14101.563733642764,-6558.649811824794,-1508.5827843635936,6325,1265
75,24,1800,-22098.585708238028,-10698.851850972198,-2279.946771453166,-11399.73385726583,-2730.415040753845,-1948.422970008012,120,24,False,-2138.650228142937,-2413.8111623440022,-1948.422970008012,-2168.4344560170334,-2730.415040753845,-14506.614337908157,-6783.242852778123,-1544.6742970260068,6445,1289
76,24,1824,-20124.08194377718,-9697.106203381732,-2085.3951480790897,-10426.975740395448,-2533.636646171136,-1760.0767684379107,120,24,False,-1952.2282811568557,-2209.2957033430366,-1760.0767684379107,-1971.7383412865088,-2533.636646171136,-14840.610063080254,-6966.421882271828,-1574.8376361616852,6565,1313
77,24,1848,-13891.925872556078,-6527.735753208024,-1472.8380238696109,-7364.190119348053,-1729.5127989958885,-1286.9926496225632,120,24,False,-1400.5920332057292,-1556.3160643945723,-1286.9926496225632,-1390.7765731293005,-1729.5127989958885,-14823.282028607422,-6976.5263269893185,-1569.3511403236205,6685,1337
78,24,1872,-14584.407791482949,-6657.240012024673,-1585.433555891655,-7927.167779458276,-1876.4957514658167,-1370.8902472503682,120,24,False,-1468.7646400994877,-1676.5908585778857,-1370.8902472503682,-1534.4262820647184,-1876.4957514658167,-14760.445265978744,-6935.302672962383,-1565.0285186032725,6805,1361
79,24,1896,-12736.84964142666,-5608.654071703599,-1425.6391139446123,-7128.195569723062,-1694.44736788206,-1233.7030483600952,120,24,False,-1335.0226511366554,-1495.237438618991,-1233.7030483600952,-1369.7850637252604,-1694.44736788206,-14874.045961697679,-6994.389769961647,-1575.931238347206,6925,1385
80,24,1920,-17108.481527435513,-7712.275329342677,-1879.2412396185675,-9396.206198092836,-2202.1674896732466,-1631.3581717193315,120,24,False,-1760.560357164471,-1982.8874870445688,-1631.3581717193315,-1819.232692491221,-2202.1674896732466,-15263.898219573884,-7178.8735246115975,-1617.004938992458,7045,1409
81,24,1944,-14715.125311188322,-6687.454994844175,-1605.5340632688294,-8027.670316344147,-1932.743521449651,-1361.0870098426824,120,24,False,-1518.1428499665144,-1698.7668396495906,-1361.0870098426824,-1516.9300954357084,-1932.743521449651,-15466.32928961774,-7270.385737340158,-1639.1887104555165,7165,1433
82,24,1968,-17549.2474055323,-7982.441866060159,-1913.361107894428,-9566.80553947214,-2256.372861104668,-1660.7392339333478,120,24,False,-1786.9416401075016,-2015.0461622063808,-1660.7392339333478,-1847.7056421202435,-2256.372861104668,-15624.795828348535,-7329.874101102658,-1658.9843454491754,7285,1457
83,24,1992,-9755.81897663814,-3875.7515393957337,-1176.013487448481,-5880.0674372424055,-1367.062427612383,-1023.6394058196252,120,24,False,-1132.74142571603,-1246.483464916711,-1023.6394058196252,-1110.1407131776557,-1367.062427612383,-15308.440493929826,-7138.874377702171,-1633.9132232455313,7405,1481
84,24,2016,-9989.996124863294,-3979.808464873749,-1202.0375319979091,-6010.187659989546,-1404.4750353296365,-1047.9596179285363,120,24,False,-1140.26868410731,-1267.3872565995057,-1047.9596179285363,-1150.0970660245578,-1404.4750353296365,-14661.06251886705,-6788.48174825047,-1574.5161541233158,7525,1505
85,24,2040,-14243.540639224344,-6276.226694950414,-1593.462788854786,-7967.31394427393,-1919.1331006093644,-1358.935949460562,120,24,False,-1516.4298707768455,-1701.297157676253,-1358.935949460562,-1471.5178657509043,-1919.1331006093644,-14988.964511846698,-6940.8201132497725,-1609.6288797193854,7645,1529
86,24,2064,-13089.545944545622,-5731.097110188286,-1471.6897668714669,-7358.448834357335,-1744.5372197651045,-1279.336667484112,120,24,False,-1368.281986931582,-1550.6132403753095,-1279.336667484112,-1415.6797198012275,-1744.5372197651045,-15132.765624786145,-6991.123137273782,-1628.3284975024726,7765,1553
87,24,2088,-30013.356684151564,-13180.236873380252,-3366.6239621542627,-16833.119810771313,-4503.308438050746,-2764.2124260719083,120,24,False,-2764.2124260719083,-3154.168641022391,-4503.308438050746,-2875.5628709810594,-3535.867434645209,-16179.999325271085,-7468.553903523748,-1742.2890843494672,7885,1577
88,24,2112,-15714.011427448992,-7029.428527073537,-1736.9165800750911,-8684.582900375455,-2069.380734731654,-1500.2455695899428,120,24,False,-1635.578210169859,-1876.641563629395,-1500.2455695899428,-1602.736822254605,-2069.380734731654,-16284.310539962438,-7489.010368073541,-1759.0600343777794,8005,1601
89,24,2136,-29314.15030703583,-13805.958632451056,-3101.638334916955,-15508.191674584776,-3700.489570169241,-2662.9400093533623,120,24,False,-2879.453938479952,-3282.135405481813,-2662.9400093533623,-2983.1727511004087,-3700.489570169241,-16792.11740594765,-7709.768912018248,-1816.4696987858802,8125,1625
90,24,2160,-13285.797169269705,-5751.231756198234,-1506.913082614294,-7534.56541307147,-1736.4737846142884,-1389.2273942647948,120,24,False,-1420.8224065402774,-1596.128133615344,-1389.2273942647948,-1391.9136940367644,-1736.4737846142884,-16736.740720944174,-7651.843631608225,-1816.9794178671896,8245,1649
91,24,2184,-8217.41281608039,-2910.7510848647976,-1061.3323462431183,-5306.661731215593,-1257.1955253628498,-915.4335366629692,120,24,False,-1016.7673013287776,-1160.4425934744283,-915.4335366629692,-956.8227743865676,-1257.1955253628498,-16576.526150289654,-7529.8771069059485,-1809.3298086767415,8365,1673
92,24,2208,-16641.62948847513,-7553.12435284091,-1817.701027126844,-9088.50513563422,-2178.164330382471,-1563.2394159970129,120,24,False,-1694.3736112234258,-1973.5104118306028,-1563.2394159970129,-1679.217366200707,-2178.164330382471,-16289.411495248467,-7360.109368812651,-1785.860425287164,8485,1697
93,24,2232,-19923.705999280344,-9115.984151223523,-2161.5443696113643,-10807.72184805682,-2556.13070611708,-1870.6327625060928,120,24,False,-2024.417219170483,-2316.6066673617997,-1870.6327625060928,-2039.934492901366,-2556.13070611708,-16642.74149762579,-7518.374099567886,-1824.873479611581,8605,1721
94,24,2256,-14061.9670032935,-6193.931222249045,-1573.6071562088907,-7868.035781044454,-1833.414657169219,-1393.636368099112,120,24,False,-1491.8779656524005,-1699.7250943872682,-1393.636368099112,-1449.3816957364538,-1833.414657169219,-16352.981889097195,-7348.76452456134,-1800.843472907171,8725,1745
95,24,2280,-18699.930633782657,-8499.209769571817,-2040.144172842168,-10200.720864210842,-2429.396015065309,-1757.5760019469387,120,24,False,-1902.484278903701,-2232.882682388245,-1757.5760019469387,-1878.381885906648,-2429.396015065309,-16183.049135374426,-7238.7824204913195,-1788.8533429766212,8845,1769
96,24,2304,-10590.081621429554,-4154.632818102408,-1287.0897606654291,-6435.4488033271455,-1530.2481479508715,-1051.6133517242245,120,24,False,-1216.044786075618,-1530.2481479508715,-1120.622990644461,-1051.6133517242245,-1516.9195269319705,-15706.349119257042,-6961.658751227353,-1748.9380736059381,8965,1793
97,24,2328,-31862.469079015165,-14502.590277737329,-3471.975760255567,-17359.878801277835,-4985.600869864005,-2469.9352481388846,120,24,False,-3278.7217289366413,-4985.600869864005,-2751.7079507180083,-2469.9352481388846,-3873.913003620296,-16604.87627958,-7360.401477453818,-1848.8949604252357,9085,1817
98,24,2352,-20784.49905751632,-9631.435850039215,-2230.61264149542,-11153.0632074771,-2741.5284927665684,-1670.425709624279,120,24,False,-2190.8785109264186,-2741.5284927665684,-1935.8818496455829,-1670.425709624279,-2614.3486445142503,-16914.880842881666,-7509.111269354546,-1881.153914705424,9205,1841
99,24,2376,-9014.027419410184,-3628.6645322270415,-1077.0725774366283,-5385.3628871831415,-1339.373609571,-614.5924034308731,120,24,False,-1235.4059737347206,-1339.373609571,-932.6947920170452,-614.5924034308731,-1263.2961084295027,-16728.739731780843,-7410.111792380718,-1863.725587880025,9325,1865
100,24,2400,-19495.14998532725,-9059.945084812583,-2087.0409801029346,-10435.204900514673,-2581.570559216879,-1292.486514206386,120,24,False,-2310.271436489059,-2581.570559216879,-1808.263399945351,-1292.486514206386,-2442.6129906569986,-16848.073154675432,-7477.495280154212,-1874.1155749042434,9445,1889
101,24,2424,-7242.499379025381,-2587.0312618780417,-931.093623429468,-4655.468117147339,-1242.8563571087209,-446.2862069094069,120,24,False,-1093.721468045957,-1242.8563571087209,-810.9674902623339,-446.2862069094069,-1061.636594820921,-16474.441858067283,-7272.474093505907,-1840.393552912275,9565,1913
102,24,2448,-15569.7212523997,-6502.888233808559,-1813.366603718228,-9066.83301859114,-2376.203730836326,-995.3547005521484,120,24,False,-2376.203730836326,-2183.716541355024,-1499.7603346061394,-995.3547005521484,-2011.7977112415008,-16375.465550410654,-7198.496411893328,-1835.3938277034656,9685,1937
103,24,2472,-16407.468283716127,-7465.750812498981,-1788.3434942434294,-8941.717471217147,-2165.34296053517,-1126.0531609349111,120,24,False,-2012.8144610122156,-2165.34296053517,-1546.8217632393882,-1126.0531609349111,-2090.685125495464,-16708.048015764554,-7377.996375548489,-1866.0103280432127,9805,1961
104,24,2496,-11403.24612990905,-5019.009815719973,-1276.8472628378156,-6384.236314189078,-1656.9893113039388,-535.6879421974061,120,24,False,-1656.9893113039388,-1617.983302683726,-1083.7275606693229,-535.6879421974061,-1489.848197334684,-16778.71051601684,-7429.956443090799,-1869.750814585208,9925,1985
105,24,2520,-8304.930804011936,-3266.208452624392,-1007.744470277509,-5038.722351387545,-1273.7501783816936,-501.8310040357654,120,24,False,-1273.7501783816936,-1194.1736968404923,-864.4407040621309,-501.8310040357654,-1204.5267680674629,-16481.78002425622,-7279.455530974499,-1840.4648986563443,10045,2009
106,24,2544,-8955.113057527424,-3743.7937547981783,-1042.2638605458492,-5211.3193027292455,-1343.5251576091196,-451.8273892581185,120,24,False,-1343.5251576091196,-1324.106557349242,-892.5888774666251,-451.8273892581185,-1199.2713210461409,-16275.05837990531,-7180.090363204994,-1818.9936033400634,10165,2033
107,24,2568,-26040.747819351025,-12348.725340883118,-2738.404495693582,-13692.022478467909,-3857.4921894125514,-1587.9227194572684,120,24,False,-3857.4921894125514,-2899.5309721354133,-2238.9873255108105,-1587.9227194572684,-3108.0892719518656,-16076.427936665283,-7138.514786580136,-1787.5826300170295,10285,2057
108,24,2592,-16172.090419000711,-7698.541514321619,-1694.7097809358188,-8473.548904679094,-2367.4765075126616,-732.457712148707,120,24,False,-2367.4765075126616,-1918.170027722996,-1440.6763802829198,-732.457712148707,-2014.7682770118097,-16099.331886242868,-7171.9704359425405,-1785.4722900600657,10405,2081
109,24,2616,-19917.718498916314,-9678.011954143709,-2047.941308954522,-10239.706544772607,-2614.694523419722,-1264.0080376444366,120,24,False,-2614.694523419722,-2183.722073025213,-1765.4527047625809,-1264.0080376444366,-2411.8292059206565,-15629.510295836892,-6965.573102027173,-1732.7874387619443,10525,2105
110,24,2640,-13271.5867674427,-6298.69042417078,-1394.579268654384,-6972.896343271919,-1702.7767632174211,-878.7370832950279,120,24,False,-1702.7767632174211,-1550.5036229912648,-1176.6629369560492,-878.7370832950279,-1664.215936812156,-15628.799775745541,-6992.946035425802,-1727.1707480639484,10645,2129
111,24,2664,-29619.6965180126,-10214.811670285437,-3880.976969545433,-19404.884847727164,-11257.670999637745,-1468.1579958519992,120,24,False,-11257.670999637745,-2296.2657707315625,-1851.7111716586016,-1468.1579958519992,-2531.078909847254,-16698.913960842154,-7358.149064696833,-1868.1529792290644,10765,2153
112,24,2688,-15651.507091994434,-7459.982505963575,-1638.3049172061717,-8191.524586030859,-2132.127907761419,-974.3419423963736,120,24,False,-2132.127907761419,-1775.6894161446012,-1383.783796920463,-974.3419423963736,-1925.5815228080023,-16649.407841018117,-7353.491972352966,-1859.1831737330303,10885,2177
113,24,2712,-16872.637355735,-7927.114717987568,-1789.104527549487,-8945.522637747436,-2404.45981884219,-951.1640623531458,120,24,False,-2404.45981884219,-1879.068397442871,-1515.9176611398138,-951.1640623531458,-2194.912697969416,-16496.854408840853,-7294.048500691168,-1840.561181629937,11005,2201
114,24,2736,-11557.434081656016,-5195.892420966262,-1272.3083321379509,-6361.541660689754,-1832.7281247472824,-520.7302919041321,120,24,False,-1832.7281247472824,-1394.8205482846995,-1088.012219051705,-520.7302919041321,-1525.250476701934,-16371.627762758977,-7244.1465606270285,-1825.4962404263902,11125,2225
115,24,2760,-12351.308324478108,-5703.779656812272,-1329.5057335331674,-6647.528667665837,-1833.7318352083248,-687.1071948816394,120,24,False,-1833.7318352083248,-1392.033295709883,-1127.0995210435312,-687.1071948816394,-1607.5568208224588,-16054.19664729375,-7104.375054989052,-1789.96431846094,11245,2249
116,24,2784,-13945.711752443563,-6411.635230539913,-1506.81530438073,-7534.07652190365,-2078.610409511933,-775.3843471343944,120,24,False,-2078.610409511933,-1648.514803178136,-1298.173972061818,-775.3843471343944,-1733.3929900173682,-16221.978153844451,-7217.225175610927,-1800.9505956467049,11365,2273
117,24,2808,-14795.670602374918,-7029.766020302034,-1553.1809164145766,-7765.904582072883,-1935.614567643322,-1002.5499530527368,120,24,False,-1935.614567643322,-1683.501326834567,-1329.3866816001234,-1002.5499530527368,-1814.8520529421337,-15368.638230012439,-6843.583962739163,-1705.010853454655,11485,2297
118,24,2832,-20766.8955951409,-10000.204268156249,-2153.338265396931,-10766.691326984655,-2511.8521282291667,-1661.6004096598076,120,24,False,-2426.980738136339,-2302.7840207870104,-1863.474030172332,-1661.6004096598076,-2511.8521282291667,-15367.758056893668,-6862.022383645014,-1701.1471346497306,11605,2321
119,24,2856,-14666.34213458433,-6984.123555835304,-1536.4437157498055,-7682.218578749027,-2221.5829065359226,-659.6938687950205,120,24,False,-2221.5829065359226,-1652.662785021491,-1302.816709267965,-659.6938687950205,-1845.4623091286285,-15650.373792652372,-7029.795334825428,-1724.1156915653896,11725,2345
120,24,2880,-15710.528535925325,-7474.984168694049,-1647.108873446255,-8235.544367231276,-2342.3888430295647,-778.4125389496219,120,24,False,-2342.3888430295647,-1763.130388802312,-1406.3557622859962,-778.4125389496219,-1945.2568341637807,-15461.142720182277,-6950.5472890195015,-1702.1190862325554,11845,2369
121,24,2904,-11215.747579686782,-5110.298691811216,-1221.0897775751132,-6105.448887875567,-1443.5071393255475,-878.4434849734192,120,24,False,-1412.843438517861,-1315.39352733311,-1055.2612977256292,-878.4434849734192,-1443.5071393255475,-15659.80513021535,-7076.710660516159,-1716.618893939838,11965,2393
122,24,2928,-17244.804769467257,-8195.020030120655,-1809.9569478693209,-9049.784739346604,-2247.413720941445,-1168.7401575885776,120,24,False,-2247.413720941445,-1951.4545161460717,-1568.811204986629,-1168.7401575885776,-2113.3651396838823,-15743.559306068724,-7161.317250331764,-1716.4484111473926,12085,2417
123,24,2952,-12324.973111635809,-5835.278887740771,-1297.9388447790072,-6489.694223895036,-1626.8969788188842,-851.3836876836538,120,24,False,-1626.8969788188842,-1360.1258548509677,-1130.7705482944318,-851.3836876836538,-1520.5171542470976,-15539.434547464709,-7079.793654093854,-1691.9281786741715,12205,2441
124,24,2976,-13896.739956985217,-6518.943381095333,-1475.559315177977,-7377.7965758898845,-2006.320281534008,-776.2073485348935,120,24,False,-2006.320281534008,-1580.068804421794,-1268.0460767284108,-776.2073485348935,-1747.1540646707783,-15664.109238818517,-7154.7903323626215,-1701.8637812911795,12325,2465
125,24,3000,-27345.871252637306,-13488.340727564975,-2771.506105014465,-13857.530525072329,-3818.484118482218,-1400.7765879459791,120,24,False,-3818.484118482218,-2976.751019975678,-2363.1535932360703,-1400.7765879459791,-3298.3652054323825,-16616.156261249787,-7665.896946109651,-1790.0518630280276,12445,2489
126,24,3024,-13631.25355675827,-6469.373839601358,-1432.375943431383,-7161.879717156913,-1765.7747992281031,-890.4073218015745,120,24,False,-1765.7747992281031,-1562.3908652624996,-1238.71605585065,-890.4073218015745,-1704.5906750140855,-16849.96328621133,-7802.175950349811,-1809.5574671723039,12565,2513
127,24,3048,-14161.708802485571,-6710.09687773977,-1490.32238494916,-7451.611924745801,-1740.9042078452771,-1243.3490000066015,120,24,False,-1577.4623689169407,-1592.72143401111,-1297.1749139658712,-1243.3490000066015,-1740.9042078452771,-16256.011335368055,-7520.244527192643,-1747.153361635083,12685,2537
128,24,3072,-15557.118850497896,-7176.146091633459,-1676.1945517728875,-8380.972758864438,-2036.5061997631824,-1151.566138713683,120,24,False,-2036.5061997631824,-1759.2075405912087,-1453.0468163608627,-1151.566138713683,-1980.6460634355,-16225.262756942917,-7494.124756058234,-1746.2276001769364,12805,2561
129,24,3096,-8515.00053385416,-3513.401726625088,-1000.3197614458144,-5001.598807229071,-1338.5454773019294,-595.9502708998236,120,24,False,-1338.5454773019294,-1056.3325428025262,-856.6713340430648,-595.9502708998236,-1154.0991821817272,-15655.126858689808,-7185.894244682304,-1693.8465228015007,12925,2585
130,24,3120,-7656.0163906415,-3142.166857232349,-902.7699066818302,-4513.849533409151,-1258.5432530747537,-483.7138638648879,120,24,False,-1258.5432530747537,-952.5823732071508,-781.9904835550341,-483.7138638648879,-1037.0195597073246,-15374.348339849748,-7028.068066335382,-1669.2560547028734,13045,2609
131,24,3144,-11927.629537098914,-5348.8781140463525,-1315.7502846105122,-6578.75142305256,-1543.9427927890763,-941.203719086451,120,24,False,-1528.907670098859,-1419.4352584591709,-1145.2619826190034,-941.203719086451,-1543.9427927890763,-14489.744990804063,-6784.771388523428,-1540.9947204561272,13165,2633
132,24,3168,-16936.254042121618,-7858.0257208831645,-1815.6456642476903,-9078.228321238452,-2128.192654403507,-1297.9841020027782,120,24,False,-2101.1460565381467,-2013.353692679607,-1537.5518156144135,-1297.9841020027782,-2128.192654403507,-14553.982338310423,-6804.673549269408,-1549.8617578082033,13285,2657
133,24,3192,-21500.96997595758,-10124.788512507044,-2275.236292690107,-11376.181463450535,-2677.9638848904447,-1639.380334937452,120,24,False,-2677.9638848904447,-2393.3891960675764,-1988.48928706956,-1639.380334937452,-2676.9587604855037,-14785.39896932155,-6914.5572389953795,-1574.1683460652343,13405,2681
134,24,3216,-14341.851869632215,-6744.132792177829,-1519.5438154908777,-7597.719077454389,-1825.6680166145377,-1004.1331727926844,120,24,False,-1825.6680166145377,-1658.0910322930654,-1307.087261226104,-1004.1331727926844,-1802.7395945279973,-14924.619858720363,-6991.969257555958,-1586.5301202328806,13525,2705
135,24,3240,-20068.004243297542,-9573.254113665726,-2098.950025926364,-10494.75012963182,-2494.630785228807,-1470.5964377509604,120,24,False,-2494.630785228807,-2244.009448418339,-1797.402859344608,-1470.5964377509604,-2488.110598889107,-15310.454654661333,-7185.442980398632,-1625.0023348525403,13645,2729
136,24,3264,-14117.903918020109,-6498.189989550197,-1523.942785693982,-7619.71392846991,-1873.3818467560968,-988.8867746872604,120,24,False,-1873.3818467560968,-1645.4208636552933,-1314.5230816733208,-988.8867746872604,-1797.5013616979388,-15319.064262940161,-7189.770718349147,-1625.858708918203,13765,2753
137,24,3288,-7580.298217996382,-2988.4956405276885,-918.3605154937386,-4591.802577468693,-1076.2813296536606,-701.7257555685072,120,24,False,-1028.8181325871378,-981.6259094837504,-803.3514501756365,-701.7257555685072,-1076.2813296536606,-14958.295643721232,-6987.70719936043,-1594.1176888721611,13885,2777
138,24,3312,-13281.971389680924,-6083.378882679653,-1439.718501400254,-7198.592507001271,-1755.275407429565,-953.4123384988004,120,24,False,-1721.24286315063,-1536.1471123183744,-1232.5147856039007,-953.4123384988004,-1755.275407429565,-14584.049433448236,-6791.8659300866,-1558.4367006723273,14005,2801
139,24,3336,-15406.015316110215,-6969.340071468062,-1687.3350489284308,-8436.675244642154,-1995.3178936567288,-1453.7636361102718,120,24,False,-1602.505249961942,-1820.5230443378769,-1453.7636361102718,-1564.5654205753349,-1995.3178936567288,-14621.03309252453,-6791.1267558682375,-1565.9812673312586,14125,2825
140,24,3360,-15902.280033012355,-7189.91211112223,-1742.4735843780254,-8712.367921890127,-2035.6525036739567,-1512.0641186668004,120,24,False,-1664.5287329559208,-1832.5439767396176,-1512.0641186668004,-1667.5785898538315,-2035.6525036739567,-14630.62066737888,-6776.873152989645,-1570.7495028778471,14245,2849
141,24,3384,-13473.93524951491,-6111.061007465433,-1472.5748484098954,-7362.874242049477,-1728.3709985781654,-1275.5627729377811,120,24,False,-1394.7531432219405,-1546.1858542406587,-1275.5627729377811,-1418.0014730709318,-1728.3709985781654,-14743.530050870288,-6826.911268772356,-1583.3237564195863,14365,2873
142,24,3408,-13195.014312719057,-5971.739571496315,-1444.6549482445485,-7223.274741222742,-1724.4049245223125,-1235.3901204644224,120,24,False,-1382.3936380903583,-1525.607077601352,-1235.3901204644224,-1355.4789805442967,-1724.4049245223125,-14541.04052803288,-6715.74724584114,-1565.0586564383475,14485,2897
143,24,3432,-10782.824743358524,-4767.919562863003,-1202.9810360991044,-6014.905180495522,-1432.7327140376417,-1031.5064602844104,120,24,False,-1141.8230558855105,-1261.180115955155,-1031.5064602844104,-1147.6628343328048,-1432.7327140376417,-14463.933109619014,-6662.379279597252,-1560.3107660043522,14605,2921
144,24,3456,-13880.000134438698,-6363.658948355581,-1503.2682372166232,-7516.341186083117,-1771.1788791190213,-1293.8099572355409,120,24,False,-1416.719847388374,-1590.8437514842365,-1293.8099572355409,-1443.788750855944,-1771.1788791190213,-14463.096118491687,-6654.6150579602645,-1561.6962121062847,14725,2945
145,24,3480,-10399.226711747648,-4278.783632369976,-1224.0886158755343,-6120.443079377672,-1430.012741663821,-1067.5342077043654,120,24,False,-1145.7346621186575,-1283.0177592545094,-1067.5342077043654,-1194.1437086363185,-1430.012741663821,-13615.763891447205,-6194.137203200514,-1484.325337649338,14845,2969
146,24,3504,-14405.507278828172,-6381.545030854668,-1604.792449594701,-8023.962247973505,-1889.996541613281,-1395.4589138520842,120,24,False,-1488.5428398580457,-1675.7514078102076,-1395.4589138520842,-1574.212544839887,-1889.996541613281,-13654.4765775507,-6189.745762763179,-1492.946162957504,14965,2993
147,24,3528,-13378.85905223378,-6034.164636341662,-1468.9388831784236,-7344.694415892118,-1727.9746859539923,-1281.5243032532449,120,24,False,-1366.8110391388866,-1550.4577671748652,-1281.5243032532449,-1417.9266203711277,-1727.9746859539923,-13615.33409003811,-6155.949150693274,-1491.8769878689673,15085,3017
148,24,3552,-15952.512594097738,-6957.454010354249,-1799.0117167486976,-8995.058583743488,-2123.2025343161235,-1558.91686451483,120,24,False,-1651.5425508119818,-1897.6575524074844,-1558.91686451483,-1763.739081693069,-2123.2025343161235,-13635.103777218104,-6145.014546629313,-1498.0178461177577,15205,3041
149,24,3576,-21465.68776434395,-9920.528897469496,-2309.031773374891,-11545.158866874455,-2720.972155288539,-1994.0083221687469,120,24,False,-2144.23096483286,-2425.7739603641025,-1994.0083221687469,-2260.173464220205,-2720.972155288539,-14282.63813874259,-6465.370905171534,-1563.4534467142116,15325,3065
150,24,3600,-14252.478983293127,-6254.000779487675,-1599.6956407610903,-7998.478203805453,-1859.831265436868,-1400.3230394350671,120,24,False,-1508.180250517981,-1677.2061052992128,-1400.3230394350671,-1552.9375431163242,-1859.831265436868,-14612.461268375171,-6620.9626012843,-1598.2997334181746,15445,3089
151,24,3624,-7972.341910336304,-2740.740375715278,-1046.3203069242052,-5231.601534621026,-1238.8615861091691,-906.7545076589626,120,24,False,-970.6337826669594,-1108.8562470935162,-906.7545076589626,-1006.4954110924187,-1238.8615861091691,-14414.696887037044,-6490.555714367746,-1584.8282345338594,15565,3113
152,24,3648,-9305.11812927472,-3769.407656051764,-1107.1420946445917,-5535.710473222957,-1275.4814985517637,-969.5755760593878,120,24,False,-1045.2958688075437,-1170.265534749891,-969.5755760593878,-1075.0919950543714,-1275.4814985517637,-14033.140091394696,-6286.124811126177,-1549.4030560537044,15685,3137
153,24,3672,-6119.110049292376,-1694.7448751607212,-884.873034826331,-4424.365174131655,-1029.7571802878708,-753.8325864390665,120,24,False,-851.1260972944384,-940.8868673214258,-753.8325864390665,-848.7624427888531,-1029.7571802878708,-13264.047095061436,-5864.62262925886,-1479.8848931605155,15805,3161
154,24,3696,-10653.691532901596,-4392.581565531682,-1252.2219934739828,-6261.109967369914,-1489.6333903652644,-1082.159166381758,120,24,False,-1141.684467571088,-1330.7298521841442,-1082.159166381758,-1216.903090867659,-1489.6333903652644,-13079.639078224907,-5747.045067926553,-1466.5188020596709,15925,3185
155,24,3720,-7756.232617243381,-2851.733556409865,-980.8998121667032,-4904.4990608335165,-1147.3776619448292,-842.0572014645381,120,24,False,-938.7877745866734,-1039.828040509224,-842.0572014645381,-936.4483823282512,-1147.3776619448292,-12464.050496922198,-5410.96904006376,-1410.6162913716878,16045,3209
156,24,3744,-14056.152630767712,-6040.283920671368,-1603.173742019269,-8015.868710096344,-1887.7187335110525,-1389.790566924936,120,24,False,-1478.2380841110853,-1685.239797543492,-1389.790566924936,-1574.8815280057786,-1887.7187335110525,-12460.962932559578,-5388.073736619818,-1414.5778391879521,16165,3233
157,24,3768,-10400.838778578747,-4334.023995767317,-1213.3629565622864,-6066.814782811432,-1447.2018264083683,-1036.0923538156849,120,24,False,-1121.9361722374326,-1280.247730580288,-1036.0923538156849,-1181.3366997696576,-1447.2018264083683,-12601.989960588697,-5455.3501543818,-1429.3279612413794,16285,3257
158,24,3792,-12963.216059275685,-5544.419453085683,-1483.7593212380004,-7418.796606190002,-1774.2150580564446,-1262.9995166229571,120,24,False,-1352.4738665918792,-1568.9451648241593,-1262.9995166229571,-1460.163000094561,-1774.2150580564446,-12586.052194068436,-5428.402182902102,-1431.5300022332667,16405,3281
159,24,3816,-12828.807063364238,-5625.321698382291,-1440.6970729963896,-7203.485364981948,-1693.652060249732,-1242.5859687236034,120,24,False,-1343.130020538358,-1511.9262167170336,-1242.5859687236034,-1412.1910987532212,-1693.652060249732,-12457.191781431135,-5361.201264247813,-1419.1981034366647,16525,3305
160,24,3840,-8427.827679131606,-3241.2932227412366,-1037.3068912780736,-5186.534456390368,-1218.2746075965997,-898.7384717476856,120,24,False,-949.0884571452503,-1113.0201404627846,-898.7384717476856,-1007.4127794380478,-1218.2746075965997,-12083.469163737098,-5163.770319828763,-1383.939768781667,16645,3329
161,24,3864,-20798.889594358305,-9542.1473311336,-2251.348452644941,-11256.742263224703,-2660.316313451835,-1944.1475810234867,120,24,False,-2071.2140074350864,-2375.358808915719,-1944.1475810234867,-2205.705552398578,-2660.316313451835,-12449.716880979267,-5335.324636012172,-1422.8784489934194,16765,3353
162,24,3888,-19177.571403591333,-8725.737733614518,-2090.366733995363,-10451.833669976815,-2464.536341109621,-1789.8918591024258,120,24,False,-1950.230635309501,-2207.312881933872,-1789.8918591024258,-2039.8619525213956,-2464.536341109621,-12748.844735522882,-5473.024544118081,-1455.16403828096,16885,3377
163,24,3912,-9331.307821335637,-3649.832818269341,-1136.295000613259,-5681.475003066294,-1366.1485038981814,-965.4481828850652,120,24,False,-1029.5897618697147,-1206.8889292900017,-965.4481828850652,-1113.3996251233316,-1366.1485038981814,-12676.268889421737,-5417.120206888399,-1451.8297365066678,17005,3401
164,24,3936,-12201.320796575834,-5246.155716713067,-1391.0330159725534,-6955.165079862767,-1651.329089024584,-1187.8688944453063,120,24,False,-1292.3560247334613,-1480.9866646375738,-1187.8688944453063,-1342.624407021841,-1651.329089024584,-12592.334922528595,-5361.245045306273,-1446.2179754444644,17125,3425
165,24,3960,-13019.638291519965,-5654.730701738958,-1472.9815179562013,-7364.907589781006,-1713.2816671903108,-1280.7955844270384,120,24,False,-1363.4509658727245,-1560.1053732789303,-1280.7955844270384,-1447.2739990120026,-1713.2816671903108,-12723.355501517211,-5430.042398774722,-1458.6626205484977,17245,3449
166,24,3984,-7203.196872970628,-2596.286751612538,-921.382024271618,-4606.91012135809,-1045.0595741506197,-802.114957120247,120,24,False,-859.880717935271,-991.0972641359812,-802.114957120247,-908.7576080159712,-1045.0595741506197,-12363.239981224333,-5240.779484812616,-1424.4920992823436,17365,3473
167,24,4008,-10488.7677482872,-4254.895219523019,-1246.774505752836,-6233.87252876418,-1463.9547288941983,-1081.249271597099,120,24,False,-1143.3940507882792,-1326.0214857103724,-1081.249271597099,-1219.2529917742304,-1463.9547288941983,-12218.735416027004,-5151.816013971683,-1413.3838804110642,17485,3497
168,24,4032,-14865.221282892624,-6592.691193425785,-1654.5060178933677,-8272.530089466838,-1955.308102684409,-1420.153343561689,120,24,False,-1517.4689589162388,-1766.5811280631542,-1420.153343561689,-1613.0185562413474,-1955.308102684409,-12164.370850466748,-5133.57787312526,-1406.1585954682978,17605,3521
169,24,4056,-16776.534506373075,-7469.03049360039,-1861.500802554537,-9307.504012772684,-2179.384593010067,-1612.75040964287,120,24,False,-1723.719613675108,-1973.949228508645,-1612.75040964287,-1817.7001679359932,-2179.384593010067,-11929.913187568205,-5011.002952931804,-1383.78204692728,17725,3545
170,24,4080,-12930.46988061687,-5615.380776597292,-1463.0178208039156,-7315.0891040195775,-1725.7451814305734,-1243.2821419916609,120,24,False,-1371.9257601383797,-1562.6861139705038,-1243.2821419916609,-1411.4499064884603,-1725.7451814305734,-11863.812732434391,-4979.071952787286,-1376.9481559294213,17845,3569
171,24,4104,-11151.90894798157,-4741.1919725815,-1282.1433950800142,-6410.716975400072,-1471.9436604760756,-1122.7807589025028,120,24,False,-1198.6676832555283,-1355.7751958240976,-1122.7807589025028,-1261.549676941867,-1471.9436604760756,-12022.791084316656,-5079.094532630597,-1388.7393103372117,17965,3593
172,24,4128,-15203.313743053284,-6749.442330679645,-1690.774282474728,-8453.871412373639,-1979.0027635460303,-1463.443788888787,120,24,False,-1573.1596045770084,-1792.6395901946607,-1463.443788888787,-1645.6256651671522,-1979.0027635460303,-12317.700865005583,-5228.096266361991,-1417.9209197287187,18085,3617
173,24,4152,-21105.665525122065,-9564.329008247609,-2308.2673033748915,-11541.33651687446,-2733.416998004553,-1988.7452761081768,120,24,False,-2129.174171238559,-2441.1148857144995,-1988.7452761081768,-2248.8851858086696,-2733.416998004553,-13067.028638797068,-5621.575473016335,-1489.0906331561466,18205,3641
174,24,4176,-11164.068338661107,-4678.44172298326,-1297.12532313557,-6485.626615677849,-1505.5785657115343,-1120.5199921067183,120,24,False,-1219.654992915806,-1384.9313142497454,-1120.5199921067183,-1254.941750694045,-1505.5785657115343,-13092.547479085044,-5635.868480888914,-1491.3357996392258,18325,3665
175,24,4200,-17330.047983006392,-7820.74349913521,-1901.860896774236,-9509.30448387118,-2234.197153038342,-1631.312413093355,120,24,False,-1770.79167343933,-2013.080968188075,-1631.312413093355,-1859.9222761120789,-2234.197153038342,-13571.238247373194,-5884.318978025181,-1537.3838538696025,18445,3689
176,24,4224,-18076.944172058316,-8186.467440065727,-1978.095346398517,-9890.476731992583,-2339.711654116234,-1701.6261570864729,120,24,False,-1823.0122829421507,-2095.7198010593106,-1701.6261570864729,-1930.4068367884167,-2339.711654116234,-13772.277824437722,-5991.6281539949,-1556.1299340885648,18565,3713
177,24,4248,-10148.697850714509,-4196.042728431868,-1190.5310244565276,-5952.655122282638,-1390.657170710847,-1034.2896349462128,120,24,False,-1103.363907582763,-1262.7564162375054,-1034.2896349462128,-1161.5879928053096,-1390.657170710847,-13759.670778044514,-5984.729090628127,-1554.988337483277,18685,3737
178,24,4272,-19010.77336392861,-8473.117518238476,-2107.531169138026,-10537.655845690131,-2464.386412114549,-1817.889986330489,120,24,False,-1943.7341050837665,-2241.6586907737874,-1817.889986330489,-2069.98665138754,-2464.386412114549,-14062.048643277161,-6131.163993885766,-1586.1769298782783,18805,3761
179,24,4296,-20506.22460647391,-9395.349139400789,-2222.175093414625,-11110.875467073123,-2607.361063206228,-1930.4891369097757,120,24,False,-2052.826281180296,-2344.396248820617,-1930.4891369097757,-2175.802736956205,-2607.361063206228,-14445.919520432642,-6319.665365936691,-1625.25083089919,18925,3785
180,24,4320,-11616.99929018422,-4963.10372197612,-1330.77911364162,-6653.8955682081005,-1582.5626491647029,-1152.7585726495188,120,24,False,-1220.0287259495778,-1418.2388123642188,-1152.7585726495188,-1280.3068080800815,-1582.5626491647029,-14605.378100985274,-6405.755890898436,-1639.9244420173673,19045,3809
181,24,4344,-12964.872999887051,-5601.477346110971,-1472.679130755216,-7363.39565377608,-1711.6385729134392,-1263.2767076950288,120,24,False,-1370.330518960296,-1560.1447518014756,-1263.2767076950288,-1458.00510240584,-1711.6385729134392,-14213.67727126171,-6208.722391647304,-1600.990975922881,19165,3833
182,24,4368,-24713.343857034317,-11496.09105366898,-2643.4505606730663,-13217.25280336533,-3120.465596859611,-2266.9508506344573,120,24,False,-2432.877623013223,-2805.264105596867,-2266.9508506344573,-2591.6946272611726,-3120.465596859611,-14490.46589393386,-6347.240057650028,-1628.6451672567662,19285,3857
183,24,4392,-20619.314024614243,-9458.575186801188,-2232.147767562611,-11160.738837813054,-2633.2526678910053,-1926.708296581338,120,24,False,-2037.6028751235367,-2381.719098006713,-1926.708296581338,-2181.455900210461,-2633.2526678910053,-15054.866204097789,-6637.677176076619,-1683.437805604234,19405,3881
184,24,4416,-7062.415474640387,-2410.15392604706,-930.4523097186654,-4652.261548593328,-1079.0827542708892,-798.905437147316,120,24,False,-881.4123329311299,-981.3860431474671,-798.905437147316,-911.474981096525,-1079.0827542708892,-14797.920938001018,-6495.87708654332,-1660.4087702915397,19525,3905
185,24,4440,-13728.611571825057,-5929.484727009434,-1559.8253689631244,-7799.1268448156225,-1833.362169635573,-1342.8615824038725,120,24,False,-1440.3346269477377,-1654.6979170446778,-1342.8615824038725,-1527.8705487837617,-1833.362169635573,-14833.369602016272,-6509.614787806843,-1664.7509628418854,19645,3929
186,24,4464,-10755.799026119172,-4530.506506381258,-1245.0585039475827,-6225.292519737914,-1456.6011621188336,-1068.728872441707,120,24,False,-1147.842603329306,-1327.307109647302,-1068.728872441707,-1224.8127722007646,-1456.6011621188336,-15010.999709673697,-6606.32577554528,-1680.934786825684,19765,3953
187,24,4488,-11354.80671584234,-4768.243815394331,-1317.3125800896016,-6586.562900448008,-1517.2164281605494,-1128.1922909257023,120,24,False,-1228.3517779834342,-1417.7012604944566,-1128.1922909257023,-1295.1011428838654,-1517.2164281605494,-15054.301658051456,-6631.993205338845,-1684.461690542522,19885,3977
188,24,4512,-13524.979329253998,-5924.5857403942455,-1520.0787177719508,-7600.393588859753,-1776.9616515233936,-1312.5056740255725,120,24,False,-1402.1405335189984,-1622.0994207167655,-1312.5056740255725,-1486.686309075023,-1776.9616515233936,-14987.289560369525,-6598.587932687267,-1677.740325536451,20005,4001
189,24,4536,-17321.682719758057,-7788.674872673704,-1906.6015694168705,-9533.007847084353,-2291.001046158793,-1628.92828169468,120,24,False,-1715.3097326964453,-2068.0305291475743,-1628.92828169468,-1829.7382573868608,-2291.001046158793,-15014.546971038775,-6614.570151640934,-1679.995363879568,20125,4025
190,24,4560,-11215.455136916906,-4661.650950633907,-1310.7608372566,-6553.804186283,-1554.2739331850394,-1123.8033919604668,120,24,False,-1212.710615508139,-1387.0007329343653,-1123.8033919604668,-1276.01551269499,-1554.2739331850394,-14928.796233853776,-6566.883660342764,-1672.3825147022021,20245,4049
191,24,4584,-18797.61000955802,-8539.559176231542,-2051.6101666652958,-10258.050833326475,-2432.13780186961,-1763.29850061428,120,24,False,-1866.9877012989489,-2197.250239576405,-1763.29850061428,-1998.376589967232,-2432.13780186961,-15311.081286932598,-6756.802020525266,-1710.8558532814664,20365,4073
192,24,4608,-25773.43075966332,-12036.054496479428,-2747.4752526367784,-13737.37626318389,-3275.8274415758992,-2358.747868171288,120,24,False,-2531.3602721268926,-2942.881807802324,-2358.747868171288,-2628.5588735074875,-3275.8274415758992,-15839.587137763097,-7021.132628815254,-1763.6909017895687,20485,4097
193,24,4632,-18553.054312145192,-8414.217043852308,-2027.7674536585764,-10138.837268292882,-2391.8021907755265,-1766.4240326063143,120,24,False,-1861.1796370119043,-2148.3503662966323,-1766.4240326063143,-1971.081041602503,-2391.8021907755265,-15711.956577114257,-6963.627030595491,-1749.665909303753,20605,4121
194,24,4656,-7864.478072203251,-3039.5466763077666,-964.9862791790968,-4824.9313958954845,-1141.4370821760524,-848.2321157742184,120,24,False,-876.8612272188836,-1015.4782293534812,-848.2321157742184,-942.9227413728486,-1141.4370821760524,-15546.977063791364,-6881.682278261715,-1733.0589571059293,20725,4145
195,24,4680,-9953.55307396756,-3790.621661242454,-1232.586282545021,-6162.9314127251055,-1447.1988099273044,-1056.98408584499,120,24,False,-1110.785239650904,-1327.3759470411164,-1056.98408584499,-1220.5873302607908,-1447.1988099273044,-15178.152318339422,-6680.176186367078,-1699.5952263944687,20845,4169
196,24,4704,-8615.610867118101,-3389.6230445617152,-1045.1975645112773,-5225.987822556386,-1230.4803319690911,-917.6871192343588,120,24,False,-947.1917343557094,-1108.8131789502454,-917.6871192343588,-1021.8154580469818,-1230.4803319690911,-14705.085653092412,-6440.3339665918775,-1652.9503373001066,20965,4193
197,24,4728,-13132.929310828256,-5723.171631741865,-1481.951535817278,-7409.757679086389,-1731.7261838105494,-1270.2657805660774,120,24,False,-1365.881693090316,-1581.2585891743058,-1270.2657805660774,-1460.6254324451395,-1731.7261838105494,-14854.297226098095,-6516.690411757378,-1667.5213628681443,21085,4217
198,24,4752,-19971.71992398667,-9079.037362932311,-2178.536512210872,-10892.68256105436,-2579.7470993096,-1848.1869350052225,120,24,False,-2014.2239708511052,-2338.854018729923,-1848.1869350052225,-2111.6705371585103,-2579.7470993096,-14902.344554101,-6546.986403992069,-1671.0716300217864,21205,4241
199,24,4776,-12697.18719783931,-5474.918128609492,-1444.4538138459636,-7222.269069229818,-1703.2223994624196,-1265.6189187503055,120,24,False,-1313.0269644911416,-1528.35864897309,-1265.6189187503055,-1412.0421375528608,-1703.2223994624196,-14511.892683669274,-6350.964853452504,-1632.1855660433534,21325,4265
200,24,4800,-12900.55555254712,-5538.12486281049,-1472.486137947326,-7362.43068973663,-1725.270585552276,-1282.8196062636089,120,24,False,-1337.0228247421828,-1590.0340105592338,-1282.8196062636089,-1427.2836626193275,-1725.270585552276,-14576.070496787415,-6379.715910494223,-1639.2709172586387,21445,4289
201,24,4824,-12676.547403469203,-5371.058339332412,-1461.0978128273582,-7305.489064136791,-1731.647363745626,-1273.2584686798327,120,24,False,-1327.9422943558218,-1554.167147758012,-1273.2584686798327,-1418.4737895974984,-1731.647363745626,-14561.654216966524,-6368.194960155295,-1638.6918513622459,21565,4313
202,24,4848,-9613.31741416064,-3908.245319787621,-1141.014418874604,-5705.072094373019,-1350.532512831193,-969.0151014099812,120,24,False,-1042.1515125012818,-1221.4877739916044,-969.0151014099812,-1121.8851936389594,-1350.532512831193,-13806.65289482284,-5988.802673461227,-1563.5700442723225,21685,4337
203,24,4872,-21061.362241234845,-9636.701175684802,-2284.9322131100084,-11424.661065550044,-2694.258508584531,-1976.8967381449484,120,24,False,-2100.368290329324,-2437.845371676612,-1976.8967381449484,-2215.292156814628,-2694.258508584531,-13828.755305653869,-5997.708972905408,-1566.2092665496925,21805,4361
204,24,4896,-28612.051912454965,-13455.070560400169,-3031.396270410959,-15156.981352054796,-3596.480568362472,-2609.457526197156,120,24,False,-2779.957087705074,-3219.11266118046,-2609.457526197156,-2951.9735086096334,-3596.480568362472,-14906.2371275446,-6549.954804623062,-1671.2564645843074,21925,4385
205,24,4920,-14020.6917213106,-6147.260523592034,-1574.686239543713,-7873.431197718566,-1825.4943220606317,-1387.244253745922,120,24,False,-1453.9549701194246,-1669.0794997293467,-1387.244253745922,-1537.6581520632417,-1825.4943220606317,-14920.841135018878,-6560.843594452193,-1671.9995081133366,22045,4409
206,24,4944,-13939.8180296985,-6093.32835245177,-1569.297935449346,-7846.489677246729,-1842.4276713315296,-1348.6091168171902,120,24,False,-1429.4300897086844,-1683.9477776121837,-1348.6091168171902,-1542.075021777141,-1842.4276713315296,-15080.042085197845,-6638.984686755718,-1688.2114796884248,22165,4433
207,24,4968,-8783.924110779573,-3386.79518403984,-1079.4257853479469,-5397.128926739733,-1258.5100888656502,-937.705465071822,120,24,False,-990.1432032193604,-1152.0120420716028,-937.705465071822,-1058.758127511297,-1258.5100888656502,-14951.497954944705,-6569.912255187994,-1676.317139951342,22285,4457
208,24,4992,-15551.780663953708,-6955.669497997439,-1719.222233191254,-8596.11116595627,-2023.1075670840276,-1481.202370936419,120,24,False,-1584.5781143357024,-1821.146010054494,-1481.202370936419,-1686.077103545627,-2023.1075670840276,-15052.83802167969,-6621.466443068154,-1686.2743157223074,22405,4481
209,24,5016,-17338.77805991623,-7776.784129449832,-1912.3987860932789,-9561.993930466397,-2259.5206724142186,-1640.035079807417,120,24,False,-1755.175364752221,-2033.421402714812,-1640.035079807417,-1873.8414107777269,-2259.5206724142186,-15053.692788687598,-6620.87190590696,-1686.564176556128,22525,4505
210,24,5040,-16959.241382403332,-7559.618542785786,-1879.9245679235091,-9399.622839617548,-2206.6067327040005,-1627.300666125192,120,24,False,-1727.056815575274,-1992.6694497736053,-1627.300666125192,-1845.9891754394748,-2206.6067327040005,-15340.882100961919,-6765.770285514554,-1715.0223630894732,22645,4529
211,24,5064,-19435.93087310408,-8822.792929248271,-2122.6275887711613,-10613.137943855809,-2482.6200351042507,-1837.072856993211,120,24,False,-1963.6161446918672,-2250.938885770574,-1837.072856993211,-2078.890021295904,-2482.6200351042507,-15372.798144139222,-6779.93197316539,-1718.5732341947664,22765,4553
212,24,5088,-12564.328843317991,-5362.7019276369865,-1440.325383136201,-7201.626915681005,-1696.978407916714,-1236.6721417914678,120,24,False,-1337.800636519959,-1512.5027231131753,-1236.6721417914678,-1417.6730063396888,-1696.978407916714,-14712.343048321956,-6446.264344723268,-1653.2157407197378,22885,4577
213,24,5112,-11448.035028539172,-4857.562473875663,-1318.0945109327015,-6590.472554663508,-1563.383646711114,-1130.5415745123476,120,24,False,-1206.4861922841897,-1412.72626228773,-1130.5415745123476,-1277.3348788681271,-1563.383646711114,-14357.092084141656,-6268.431616224436,-1617.7320935834439,23005,4601
214,24,5136,-17200.193942966667,-7773.506272356356,-1885.3375341220624,-9426.68767061031,-2238.538767255373,-1640.5818811042166,120,24,False,-1708.4970919179077,-1986.8562245153569,-1640.5818811042166,-1852.213705817456,-2238.538767255373,-14823.877877679828,-6505.129596026865,-1663.7496563305922,23125,4625
215,24,5160,-8094.710600488946,-3070.1228500754705,-1004.9175500826952,-5024.587750413476,-1171.6438317332324,-898.5267767983322,120,24,False,-912.6523463568318,-1065.4519227127314,-898.5267767983322,-976.3128728123484,-1171.6438317332324,-14730.935754005895,-6469.104655468516,-1652.366219707476,23245,4649
216,24,5184,-14892.68649070399,-6571.732871551487,-1664.1907238305007,-8320.953619152504,-1970.267216514634,-1441.337271607192,120,24,False,-1493.8323309718246,-1788.552710285579,-1441.337271607192,-1626.9640897732736,-1970.267216514634,-15044.789535185188,-6628.210146818004,-1683.315877673437,23365,4673
217,24,5208,-7347.493702173611,-2651.601167833014,-939.1785068681196,-4695.892534340597,-1119.1593163191058,-816.2357364589992,120,24,False,-853.9368905015273,-999.6673764904308,-816.2357364589992,-906.8932145705342,-1119.1593163191058,-14755.51775475246,-6474.631623622563,-1656.177226225979,23485,4697
218,24,5232,-20500.15424507972,-9405.418027976712,-2218.9472434206023,-11094.73621710301,-2633.993654144291,-1922.0366980768383,120,24,False,-2040.4840035947643,-2331.0404178210056,-1922.0366980768383,-2167.1814434661114,-2633.993654144291,-14781.93947080711,-6490.950656874782,-1658.1977627864658,23605,4721
219,24,5256,-6557.765319328564,-2133.550519214152,-884.8429600228825,-4424.214800114412,-1048.9128130412546,-768.7420048390222,120,24,False,-805.6372474132445,-943.6093487862169,-768.7420048390222,-857.3133860346741,-1048.9128130412546,-14474.96837688157,-6323.882276405016,-1630.2172200953114,23725,4745
220,24,5280,-10616.300537472122,-4227.904279070578,-1277.6792516803084,-6388.396258401543,-1491.0511675230998,-1106.9157555494608,120,24,False,-1188.8428474935893,-1345.7951982628804,-1106.9157555494608,-1255.791289572512,-1491.0511675230998,-14360.755626127822,-6258.37124721802,-1620.4768757819606,23845,4769
221,24,5304,-15884.755070534446,-7097.520948186937,-1757.4468244695015,-8787.234122347509,-2116.0601862163776,-1487.1812345669164,120,24,False,-1602.84946586835,-1864.2356029987163,-1487.1812345669164,-1716.9076326971494,-2116.0601862163776,-14521.166009481085,-6344.694377660746,-1635.2943263640677,23965,4793
222,24,5328,-18199.229123862737,-8249.744393612544,-1989.8969460500389,-9949.484730250197,-2449.079242201332,-1697.9405318412996,120,24,False,-1772.730147292713,-2116.0218993787166,-1697.9405318412996,-1913.7129095361336,-2449.079242201332,-14950.461594966187,-6561.769331351992,-1677.7384527228394,24085,4817
223,24,5352,-17601.556088915844,-7909.806197992981,-1938.3499781845724,-9691.749890922862,-2254.1020892401098,-1707.0021157901945,120,24,False,-1739.822433867364,-2102.367643865042,-1707.0021157901945,-1888.4556081601525,-2254.1020892401098,-14777.471287350238,-6475.424582467401,-1660.4093409765678,24205,4841
224,24,5376,-18683.684138976816,-8420.329344172564,-2052.670958960851,-10263.354794804254,-2480.0554109718514,-1727.5163355474856,120,24,False,-1864.1267458400412,-2185.0769983786176,-1727.5163355474856,-2006.579304066257,-2480.0554109718514,-14281.052898676333,-6223.687521656021,-1611.4730754040625,24325,4865
225,24,5400,-17505.62253936265,-7879.228234950119,-1925.278860882506,-9626.39430441253,-2299.4669489773173,-1643.0914399512894,120,24,False,-1755.1174452763212,-2051.1082999360606,-1643.0914399512894,-1877.6101702715423,-2299.4669489773173,-14455.299439578934,-6310.285907223925,-1629.002706471002,24445,4889
226,24,5424,-16787.876023182136,-7493.9437385395795,-1858.7864569285116,-9293.932284642557,-2218.947773438533,-1582.6190493641477,120,24,False,-1701.1094961483368,-1965.8871853919456,-1582.6190493641477,-1825.3687802995928,-2218.947773438533,-14597.702339253115,-6380.316676528315,-1643.47713254496,24565,4913
227,24,5448,-7888.197146332283,-3028.03476514892,-972.0324762366728,-4860.162381183363,-1128.7173765028997,-804.4021820723842,120,24,False,-886.6790920490831,-1074.238422639241,-804.4021820723842,-966.125307919756,-1128.7173765028997,-14552.915991030754,-6362.37865558377,-1638.1074670893966,24685,4937
228,24,5472,-20454.62045670416,-9363.144655768194,-2218.2951601871923,-11091.47580093596,-2613.4500559001026,-1906.32804955378,120,24,False,-2025.5469838856088,-2357.301745804319,-1906.32804955378,-2188.84896579215,-2613.4500559001026,-14798.057980668274,-6482.752413472308,-1663.0611134391936,24805,4961
229,24,5496,-14232.105175379991,-6203.870168073252,-1605.647001461348,-8028.23500730674,-1921.089684743376,-1354.9754482625528,120,24,False,-1462.2629268875803,-1728.6084564417094,-1354.9754482625528,-1561.2984909715217,-1921.089684743376,-14642.72433644146,-6404.106715403478,-1647.7235242075972,24925,4985
230,24,5520,-8791.689499895487,-3474.574927695145,-1063.4229144400683,-5317.114572200342,-1261.6715600261975,-915.0292490978206,120,24,False,-948.9382448309858,-1154.6472541573476,-915.0292490978206,-1036.8282640879904,-1261.6715600261975,-14234.346742316071,-6199.854534648946,-1606.8984415334248,25045,5009
231,24,5544,-11965.299527718413,-5093.370834895443,-1374.385738564594,-6871.92869282297,-1645.7368278915303,-1165.0267790248529,120,24,False,-1257.4264947160982,-1472.9400635880515,-1165.0267790248529,-1330.7985276024365,-1645.7368278915303,-13860.81517504679,-6013.383429931305,-1569.4863490230966,25165,5033
232,24,5568,-10515.949148724532,-4379.6379811695215,-1227.2622335110025,-6136.311167555012,-1440.8128400088335,-1016.9610968401272,120,24,False,-1125.6006059523222,-1341.9957091289557,-1016.9610968401272,-1210.940915624774,-1440.8128400088335,-13758.396190317115,-5964.230232607932,-1558.8331915418366,25285,5057
233,24,5592,-10732.53224301512,-4395.714856920899,-1267.363477218844,-6336.817386094221,-1510.30012716785,-1050.9222452659442,120,24,False,-1163.050112820397,-1357.1664974556663,-1050.9222452659442,-1255.3784033843638,-1510.30012716785,-13722.621051040911,-5941.137851760193,-1556.2966398561439,25405,5081
234,24,5616,-9826.687571199787,-3673.350321473312,-1230.6674499452954,-6153.337249726477,-1495.164855703975,-1040.9147336696751,120,24,False,-1119.8431237487982,-1307.2840493096764,-1040.9147336696751,-1190.130487294352,-1495.164855703975,-13353.945732452568,-5736.130054216041,-1523.5631356473054,25525,5105
235,24,5640,-16227.30109802851,-7229.327070699834,-1799.5948054657354,-8997.974027328677,-2204.182693736005,-1491.774069170358,120,24,False,-1624.6621287584417,-1922.7795465468917,-1491.774069170358,-1754.575589116982,-2204.182693736005,-13760.575257329547,-5944.09026524726,-1563.2969984164574,25645,5129
236,24,5664,-8749.484405885436,-3363.121446625147,-1077.2725918520578,-5386.362959260288,-1280.0353657595924,-916.9147760669928,120,24,False,-977.9406044841886,-1157.1355783111185,-916.9147760669928,-1054.3366346383962,-1280.0353657595924,-13453.41515308862,-5783.659694000942,-1533.9510918175351,25765,5153
237,24,5688,-20067.55537250877,-9166.974234333244,-2180.116227635106,-10900.58113817553,-2568.6625147273007,-1867.914069883259,120,24,False,-1992.0871960203792,-2338.9354542589804,-1867.914069883259,-2132.981903285612,-2568.6625147273007,-14089.418236605377,-6109.428347325954,-1595.9979778558845,25885,5177
238,24,5712,-19293.87774586556,-8733.856912475283,-2112.004166678056,-10560.02083339028,-2537.2297142734324,-1790.3405585305543,120,24,False,-1923.3887502651044,-2254.5918729348264,-1790.3405585305543,-2054.4699373863614,-2537.2297142734324,-14029.104411644668,-6075.8502915508825,-1590.6508240187572,26005,5201
239,24,5736,-13432.443803737771,-5874.939618871936,-1511.5008369731672,-7557.504184865837,-1823.7871023831408,-1266.7764522525488,120,24,False,-1388.9172837510446,-1608.6904994552858,-1266.7764522525488,-1469.3328470238166,-1823.7871023831408,-14372.838335865128,-6262.919746533772,-1621.9837178662715,26125,5225
240,24,5760,-13400.122818152631,-5822.936997697346,-1515.4371640910572,-7577.185820455286,-1782.0009440808535,-1296.0275338819297,120,24,False,-1392.6283057450485,-1625.254383444124,-1296.0275338819297,-1481.2746533033314,-1782.0009440808535,-14512.029449899153,-6342.671382465111,-1633.8716134868089,26245,5249
241,24,5784,-13387.227924739627,-5819.85580385341,-1513.4744241772437,-7567.372120886217,-1846.347093825856,-1310.8170102063702,120,24,False,-1368.2892616079355,-1585.2444067217043,-1310.8170102063702,-1456.6743485243512,-1846.347093825856,-14387.153092609413,-6278.788125248434,-1621.6729934721961,26365,5273
242,24,5808,-7652.137616793916,-2827.483413662178,-964.9308406263476,-4824.654203131738,-1136.2542115312,-813.5951851393904,120,24,False,-885.101373615259,-1033.4112929560947,-813.5951851393904,-956.2921398897934,-1136.2542115312,-13859.798517255971,-6007.6750762509155,-1570.4246882010116,26485,5297
243,24,5832,-9576.616407122212,-3720.664612299748,-1171.190358964493,-5855.951794822465,-1378.1789517018094,-1031.502867342709,120,24,False,-1081.765370864228,-1231.605109663608,-1031.502867342709,-1132.8994952501102,-1378.1789517018094,-13458.55153316629,-5798.217996966254,-1532.0667072400076,26605,5321
244,24,5856,-9668.8928805689,-3751.775263113565,-1183.423523491067,-5917.117617455336,-1414.1882673661594,-1003.8689402388148,120,24,False,-1100.5067658965495,-1245.301868115718,-1003.8689402388148,-1153.251775838094,-1414.1882673661594,-13007.811970245895,-5564.790292913303,-1488.6043354665185,26725,5345
245,24,5880,-8961.382910395912,-3425.8327488624777,-1107.1100323066871,-5535.550161533435,-1347.888083131573,-892.0748292013074,120,24,False,-1018.3981177238944,-1193.0746304415495,-892.0748292013074,-1084.1145010351113,-1347.888083131573,-12580.599988797558,-5342.120518608922,-1447.6958940377274,26845,5369
246,24,5904,-10382.119700401048,-4197.590455480102,-1236.905848984189,-6184.529244920946,-1489.7815290478463,-1039.9367428014511,120,24,False,-1108.6104124741605,-1338.3578954427262,-1039.9367428014511,-1207.842665154763,-1489.7815290478463,-12260.312172658505,-5177.302854455947,-1416.601863640511,26965,5393
247,24,5928,-14991.609952754694,-6617.137991760441,-1674.8943921988507,-8374.471960994253,-1976.1760967445969,-1417.3622099551244,120,24,False,-1540.162815439145,-1800.686890659445,-1417.3622099551244,-1640.0839481959422,-1976.1760967445969,-12615.482812979624,-5356.758015786524,-1451.74495943862,27085,5417
248,24,5952,-13406.468750017597,-5629.911377270484,-1555.3114745494229,-7776.557372747114,-1849.6316418551423,-1298.8202341056983,120,24,False,-1449.8569152420043,-1658.058934649914,-1298.8202341056983,-1520.189646894354,-1849.6316418551423,-12263.075227645297,-5170.096351861638,-1418.5957751567316,27205,5441
249,24,5976,-7620.179110138559,-2624.7416612411907,-999.0874897794736,-4995.437448897368,-1232.985719264313,-825.6519207034721,120,24,False,-942.9896780117216,-1040.7025811983442,-825.6519207034721,-953.1075497195164,-1232.985719264313,-11932.478924383224,-4991.139926520035,-1388.267799572638,27325,5465
250,24,6000,-19214.470993111037,-8696.445188450689,-2103.6051609320684,-10518.025804660345,-2588.684215338673,-1762.173494837232,120,24,False,-1906.367302106545,-2202.658638499552,-1762.173494837232,-2058.1421538783407,-2588.684215338673,-12453.617999044003,-5252.233439557813,-1440.2769118972378,27445,5489
251,24,6024,-10020.949902999617,-4050.6939056129286,-1194.0511994773374,-5970.255997386687,-1403.802991409769,-1015.1739319845924,120,24,False,-1091.0580988468876,-1297.349176086893,-1015.1739319845924,-1162.871799058546,-1403.802991409769,-12356.400517808062,-5200.099593093686,-1431.2601849428752,27565,5513
252,24,6048,-6899.183527742621,-2337.170756037298,-912.4025543410646,-4562.012771705323,-1064.94893157494,-778.8476860649953,120,24,False,-834.2303011258612,-995.9190832718282,-778.8476860649953,-888.0667696676979,-1064.94893157494,-12175.562236758968,-5097.976231837076,-1415.5172009843782,27685,5537
253,24,6072,-14698.199135142884,-6492.633293482043,-1641.1131683321685,-8205.565841660842,-1978.0231335023764,-1378.839106237,120,24,False,-1479.1758844750486,-1773.6799303723517,-1378.839106237,-1595.8477870740644,-1978.0231335023764,-12373.845581365355,-5202.822153665133,-1434.2046855400445,27805,5561
254,24,6096,-8001.709292936565,-2959.0343997614564,-1008.5349786350218,-5042.674893175109,-1210.331666347659,-864.6144110531075,120,24,False,-912.595702346639,-1070.3851378502725,-864.6144110531075,-984.747975577431,-1210.331666347659,-12282.596667452195,-5167.10635757954,-1423.098061974531,27925,5585
255,24,6120,-9570.846705440812,-3865.862994540005,-1140.9967421801616,-5704.983710900808,-1373.6912748628824,-972.971503294575,120,24,False,-1040.0670377139804,-1199.9805789438503,-972.971503294575,-1118.27331608552,-1373.6912748628824,-11949.773947822809,-4998.933153771548,-1390.168158810252,28045,5609
256,24,6144,-19905.677667695974,-9091.576131298743,-2162.820307279447,-10814.101536397236,-2591.312589757876,-1849.0471672806896,120,24,False,-1954.946309425712,-2309.0129114968126,-1849.0471672806896,-2109.7825584361453,-2591.312589757876,-12507.583610913336,-5285.355888005228,-1444.4455445816216,28165,5633
257,24,6168,-12431.676655734716,-5272.572674475031,-1431.8207962519368,-7159.103981259685,-1733.8340089770768,-1204.2593818296584,120,24,False,-1291.6941658236271,-1524.999731953948,-1204.2593818296584,-1404.3166926753747,-1733.8340089770768,-12125.789675074633,-5090.635810012318,-1407.030773012463,28285,5657
258,24,6192,-14473.388134123896,-6358.378375476764,-1623.0019517294263,-8115.009758647133,-1975.8885646223648,-1372.4208232585756,120,24,False,-1456.6555585411704,-1720.0972328842522,-1372.4208232585756,-1589.9475793407703,-1975.8885646223648,-11884.76519448755,-4971.861883162392,-1382.5806622650316,28405,5681
259,24,6216,-12435.614369905556,-5266.243879655958,-1433.87409804992,-7169.370490249599,-1789.39147059653,-1183.9800924231397,120,24,False,-1266.8798162611276,-1540.7573134000788,-1183.9800924231397,-1388.3617975687227,-1789.39147059653,-11834.92372279594,-4941.427096201593,-1378.6993253188691,28525,5705
260,24,6240,-10317.576060123398,-4184.289093707183,-1226.657393283243,-6133.286966416214,-1494.2229056386252,-1029.1138166676126,120,24,False,-1118.6511887511283,-1311.6464186618136,-1029.1138166676126,-1179.652636697035,-1494.2229056386252,-11680.796384894476,-4859.494701002085,-1364.2603367784786,28645,5729
261,24,6264,-18016.592274070044,-8153.198518802984,-1972.678751053412,-9863.39375526706,-2417.6905995359075,-1656.0656523052269,120,24,False,-1797.4754004806066,-2079.091426945525,-1656.0656523052269,-1913.0706759997936,-2417.6905995359075,-11912.264602360998,-4976.161836749563,-1387.220553122287,28765,5753
262,24,6288,-11108.564282731597,-4580.293996796625,-1305.6540571869944,-6528.270285934972,-1563.532111531464,-1101.934773656724,120,24,False,-1198.2206796707317,-1386.0588195955684,-1101.934773656724,-1278.5239014804838,-1563.532111531464,-12085.085935657882,-5063.802365906286,-1404.2567139503192,28885,5777
263,24,6312,-18052.50831209906,-8158.774753295171,-1978.746711760777,-9893.733558803888,-2450.5226124190604,-1637.9475174358392,120,24,False,-1784.0251739979378,-2115.6813063648715,-1637.9475174358392,-1905.55694858618,-2450.5226124190604,-12508.880530906725,-5285.707872956057,-1444.6345315901335,29005,5801
264,24,6336,-11314.347909126704,-4784.851306796954,-1305.8993204659496,-6529.496602329748,-1617.1667292441373,-1099.2016792646357,120,24,False,-1172.3680454094583,-1376.574005191352,-1099.2016792646357,-1264.1861432201656,-1617.1667292441373,-12591.153282334615,-5337.361675140226,-1450.7583214388774,29125,5825
265,24,6360,-9551.275348105908,-3915.0806135765847,-1127.2389469058649,-5636.194734529324,-1367.5317025171507,-958.8560762405468,120,24,False,-1021.4999853994576,-1195.0607111076038,-958.8560762405468,-1093.2462592645643,-1367.5317025171507,-12620.647904220115,-5361.824068375931,-1451.7647671688364,29245,5849
266,24,6384,-8173.533252346967,-3083.9744975718268,-1017.911750955028,-5089.55875477514,-1221.1436122227317,-848.3293401514168,120,24,False,-933.7014289713178,-1094.155491582966,-848.3293401514168,-992.2288818467086,-1221.1436122227317,-12510.21858181741,-5306.143270480518,-1440.8150622673784,29365,5873
267,24,6408,-11737.5700277778,-4950.496977688323,-1357.4146100178957,-6787.073050089477,-1658.08493108451,-1157.9340575927051,120,24,False,-1225.5574151616124,-1429.218653685066,-1157.9340575927051,-1316.2779925655843,-1658.08493108451,-12347.516585568566,-5222.811219776912,-1424.9410731583307,29485,5897
268,24,6432,-10407.614325838676,-4301.170960948861,-1221.2886729779634,-6106.443364889817,-1490.4855073966194,-1054.798951447146,120,24,False,-1119.6425999235894,-1253.3572028196083,-1054.798951447146,-1188.1591033028542,-1490.4855073966194,-12197.57386435962,-5156.374198960832,-1408.2399330797575,29605,5921
269,24,6456,-15387.125622301948,-6730.617453009828,-1731.301633858424,-8656.50816929212,-2143.0513853799994,-1445.9585982711376,120,24,False,-1571.1908722365135,-1818.0001114631289,-1445.9585982711376,-1678.3072019413394,-2143.0513853799994,-12585.921189967788,-5361.667988549263,-1444.8506402837052,29725,5945
270,24,6480,-13720.280425016248,-5880.958586179931,-1567.8643677672635,-7839.321838836317,-1913.634141658291,-1335.6340641715265,120,24,False,-1427.3294559778956,-1621.8873471674372,-1335.6340641715265,-1540.836829861167,-1913.634141658291,-12311.21166156305,-5220.893658435724,-1418.063600625465,29845,5969
271,24,6504,-10011.849338052723,-4017.331928940945,-1198.9034818223558,-5994.517409111779,-1439.2312354857363,-1018.311387484068,120,24,False,-1097.643947634995,-1267.9847371246835,-1018.311387484068,-1171.3461013822955,-1439.2312354857363,-12310.756633315705,-5219.225559602126,-1418.3062147427158,29965,5993
272,24,6528,-8947.95323024653,-3155.712574167351,-1158.4481312158362,-5792.240656079181,-1449.474130291819,-980.7092128073112,120,24,False,-981.9698259681134,-1224.1055066023234,-980.7092128073112,-1155.9819804096137,-1449.474130291819,-12413.1951184409,-5260.152650508628,-1430.6084935864544,30085,6017
273,24,6552,-12145.229474392334,-5138.214319686065,-1401.4030309412535,-7007.015154706269,-1681.2723509970251,-1182.9659127073198,120,24,False,-1293.294516405817,-1472.1659069341224,-1182.9659127073198,-1377.3164676619836,-1681.2723509970251,-12285.546635403374,-5192.431701818829,-1418.6229867169088,30205,6041
274,24,6576,-12915.134735989235,-5619.4026618298685,-1459.1464148318737,-7295.732074159368,-1762.312659356127,-1232.0945614210063,120,24,False,-1328.905952182191,-1556.529787915128,-1232.0945614210063,-1415.8891132849164,-1762.312659356127,-12531.217907556005,-5325.450114922251,-1441.1535585267513,30325,6065
275,24,6600,-18587.01184570193,-8439.984292488067,-2029.4055106427736,-10147.02755321387,-2514.6433646533037,-1715.1033707729346,120,24,False,-1807.9642504678045,-2131.6883082988643,-1715.1033707729346,-1977.6282590209637,-2514.6433646533037,-12982.026164569063,-5554.1561798196535,-1485.573996949882,30445,6089
276,24,6624,-6856.815202681304,-2182.1072557304565,-934.9415893901696,-4674.707946950848,-1151.4244507493167,-779.1150963688818,120,24,False,-868.4072414647297,-995.9371273310876,-779.1150963688818,-879.8240310368321,-1151.4244507493167,-12329.583041318328,-5208.682736041239,-1424.1800610554178,30565,6113
277,24,6648,-13289.908050843627,-5729.079317463926,-1512.1657466759402,-7560.828733379702,-1873.5683606731516,-1270.7837763345062,120,24,False,-1348.7167347295135,-1597.5440818353047,-1270.7837763345062,-1470.215779807225,-1873.5683606731516,-12372.494611073775,-5231.508068190683,-1428.1973085766183,30685,6137
278,24,6672,-8341.029204462193,-3282.121407418219,-1011.7815594087948,-5058.907797043974,-1212.6312056214508,-851.3692527247715,120,24,False,-952.008429500474,-1059.1581671132974,-851.3692527247715,-983.7407420839796,-1212.6312056214508,-12065.876664590689,-5077.695219787756,-1397.6362889605866,30805,6161
279,24,6696,-10298.14657830888,-4275.636158014951,-1204.5020840587856,-6022.510420293928,-1493.9762594957072,-1001.9024557662084,120,24,False,-1094.5182024347496,-1285.8246352957262,-1001.9024557662084,-1146.2888673015368,-1493.9762594957072,-11959.003275010855,-5028.164833705706,-1386.16768826103,30925,6185
280,24,6720,-14066.661235415737,-6085.337139767047,-1596.2648191297376,-7981.324095648688,-1919.3785273077124,-1352.5240487458452,120,24,False,-1447.4534483323057,-1697.8375421108856,-1352.5240487458452,-1564.130529151939,-1919.3785273077124,-12146.457533775472,-5123.217236008699,-1404.6480595533546,31045,6209
281,24,6744,-18420.57420717268,-8325.578876293279,-2018.999066175881,-10094.995330879405,-2473.7943255336595,-1724.8119591133575,120,24,False,-1834.875846527248,-2102.6520386603684,-1724.8119591133575,-1958.8611610447708,-2473.7943255336595,-12166.656630430603,-5131.836253883213,-1406.964075309478,31165,6233
282,24,6768,-10386.28014801687,-4293.753400957932,-1218.5053494117874,-6092.526747058937,-1490.6998273560089,-1018.5631235205144,120,24,False,-1095.6037088442226,-1310.1198685253632,-1018.5631235205144,-1177.5402188128278,-1490.6998273560089,-12130.542423694867,-5117.50922409128,-1402.606639920718,31285,6257
283,24,6792,-11783.250258158008,-5016.506470274103,-1353.3487575767808,-6766.743787883905,-1649.552329836277,-1145.4554402319172,120,24,False,-1239.011062804969,-1418.275240480552,-1145.4554402319172,-1314.4497145301898,-1649.552329836277,-11817.079520997815,-4960.395809940225,-1371.336742211518,31405,6281
284,24,6816,-16507.02626235888,-7405.867237847291,-1820.2318049023172,-9101.159024511588,-2210.213261479633,-1526.6427961871043,120,24,False,-1654.3583360949656,-1933.146482091176,-1526.6427961871043,-1776.798148658709,-2210.213261479633,-12076.713438659424,-5091.446606492743,-1397.0533664333364,31525,6305
285,24,6840,-15790.646066894442,-6930.90984262286,-1771.947244854316,-8859.73622427158,-2107.4443150995385,-1503.8661256534042,120,24,False,-1640.0790606779458,-1862.5926322644152,-1503.8661256534042,-1745.7540905762771,-2107.4443150995385,-12388.68197459885,-5242.238067945056,-1429.2887813307589,31645,6329
286,24,6864,-10805.781978959094,-4502.29597826123,-1260.6972001395727,-6303.486000697863,-1551.328252459744,-1032.4534109657668,120,24,False,-1191.584753830314,-1299.195869458095,-1032.4534109657668,-1228.9237139839424,-1551.328252459744,-12520.294410929459,-5313.154141979527,-1441.4280537899863,31765,6353
287,24,6888,-19626.2372578038,-8916.009972444901,-2142.04545707178,-10710.2272853589,-2627.906549712516,-1825.743988079696,120,24,False,-1947.5290517263445,-2216.740349461137,-1825.743988079696,-2092.307346379206,-2627.906549712516,-12914.727772430757,-5511.429791717355,-1480.6595961426804,31885,6377
288,24,6912,-19438.268534826228,-8818.752692665752,-2123.9031684320958,-10619.515842160476,-2662.8534793545377,-1760.806863555698,120,24,False,-1965.556170186076,-2168.7071409906425,-1760.806863555698,-2061.592188073522,-2662.8534793545377,-13366.260482880136,-5737.3088783032,-1525.790320915387,32005,6401
289,24,6936,-14283.434137615764,-6301.729466228524,-1596.340934277448,-7981.70467138724,-1919.1282007764332,-1366.0980495383276,120,24,False,-1457.0556023289348,-1676.020180242015,-1366.0980495383276,-1563.4026385015304,-1919.1282007764332,-13311.075908645824,-5715.864478964135,-1519.0422859363382,32125,6425
290,24,6960,-8066.417972154403,-3118.5351421601526,-989.57656599885,-4947.882829994251,-1307.540784896865,-795.9485048552283,120,24,False,-879.9344002341907,-1016.7746883059452,-795.9485048552283,-947.6844517020214,-1307.540784896865,-13028.382786002734,-5577.743306763146,-1490.1278958479174,32245,6449
291,24,6984,-15009.443128383367,-6556.586276503047,-1690.571370376064,-8452.85685188032,-2100.6680528629554,-1400.9167473212856,120,24,False,-1547.529112969553,-1756.7453978975816,-1400.9167473212856,-1646.9975408289458,-2100.6680528629554,-13278.262475519263,-5704.706024141252,-1514.711290275603,32365,6473
292,24,7008,-13400.119812917832,-5811.343264948682,-1517.75530959383,-7588.77654796915,-1906.20530022427,-1261.7499247408784,120,24,False,-1365.8315287068938,-1587.0132774797137,-1261.7499247408784,-1467.9765168173933,-1906.20530022427,-13500.87080465283,-5837.487558680318,-1532.6766491945025,32485,6497
293,24,7032,-8360.110706975596,-3124.6076036097056,-1047.100620673178,-5235.503103365891,-1261.0021309257652,-874.3783044043189,120,24,False,-1018.6451342862396,-1077.2393212410352,-874.3783044043189,-1004.2382125085315,-1261.0021309257652,-13311.614866281994,-5736.8072228764995,-1514.9615286810988,32605,6521
294,24,7056,-13501.24280831301,-5830.538958394846,-1534.1407699836327,-7670.7038499181635,-1857.237350428687,-1297.859112320685,120,24,False,-1404.717323672324,-1605.3408382428338,-1297.859112320685,-1505.5492252536333,-1857.237350428687,-13340.920269898183,-5747.364037704749,-1518.7112464386867,32725,6545
295,24,7080,-15029.738972587274,-6647.058334166482,-1676.5361276841584,-8382.680638420792,-2057.2401385700177,-1425.0910049845108,120,24,False,-1533.156638585985,-1745.5988092923094,-1425.0910049845108,-1621.59404698797,-2057.2401385700177,-13163.056626242449,-5657.71773978867,-1501.067777290756,32845,6569
296,24,7104,-11662.820866652506,-4882.15557184314,-1356.133058961873,-6780.665294809365,-1699.8870787344135,-1125.2331510657611,120,24,False,-1237.4795557733537,-1391.7424502211522,-1125.2331510657611,-1326.323059014684,-1699.8870787344135,-13403.35690944101,-5792.720155594304,-1522.127350769341,32965,6593
297,24,7128,-8397.790020310696,-3176.451120610956,-1044.2677799399482,-5221.338899699741,-1267.04628591073,-887.4218531848833,120,24,False,-961.5909898887448,-1100.0298012088183,-887.4218531848833,-1005.2499695065644,-1267.04628591073,-13158.751007914363,-5665.088745751656,-1498.7324524325415,33085,6617
298,24,7152,-19578.483005540395,-8919.684743087299,-2131.759652490619,-10658.798262453094,-2586.997250734022,-1811.0652804430704,120,24,False,-1936.691394767612,-2245.8740498708166,-1811.0652804430704,-2078.1702866375726,-2586.997250734022,-13720.623697968273,-5946.966912535108,-1554.7313570866327,33205,6641
299,24,7176,-13288.101937140978,-5675.378682527529,-1522.5446509226897,-7612.723254613448,-1920.9327804122047,-1268.7347631238,120,24,False,-1340.447484669336,-1600.2025708057308,-1268.7347631238,-1482.4056556023756,-1920.9327804122047,-13870.121465909877,-6016.954038760738,-1570.633485429828,33325,6665
300,24,7200,-21451.789987399872,-9845.208071793311,-2321.316383121312,-11606.58191560656,-2835.519444795768,-1977.9687242787852,120,24,False,-2100.089207528877,-2430.4885876768262,-1977.9687242787852,-2262.515951326303,-2835.519444795768,-14239.377903509085,-6204.9475853620515,-1606.8860636294069,33445,6689
301,24,7224,-20776.04218748293,-9500.451478838084,-2255.118141728969,-11275.590708644846,-2777.8906050261653,-1914.2486023406173,120,24,False,-2046.836358534987,-2350.784589630375,-1914.2486023406173,-2185.830553112702,-2777.8906050261653,-14357.151302524599,-6263.691215489292,-1618.6920174070613,33565,6713
302,24,7248,-15548.58774048308,-6861.0125938908295,-1737.51502931845,-8687.57514659225,-2179.037724843889,-1423.833666290329,120,24,False,-1586.9146385909164,-1816.800980764724,-1423.833666290329,-1680.9881361023913,-2179.037724843889,-14615.266682147907,-6392.054175135936,-1644.6425014023941,33685,6737
303,24,7272,-15810.68477734032,-7035.140026368454,-1755.108950194373,-8775.544750971865,-2165.891806618617,-1462.9431002015845,120,24,False,-1590.4171245744496,-1855.212119304557,-1462.9431002015845,-1701.0806002726554,-2165.891806618617,-14816.638408107023,-6492.985852940654,-1664.7305110332738,33805,6761
304,24,7296,-8778.461752021494,-3330.852363629999,-1089.521877678299,-5447.609388391495,-1387.9402717193143,-917.2140530705392,120,24,False,-983.6721467125026,-1115.8582606240584,-917.2140530705392,-1042.92465626508,-1387.9402717193143,-14430.210182590154,-6289.235109229789,-1628.195014672073,33925,6785
305,24,7320,-10267.2367225507,-4208.008422498536,-1211.845660010433,-6059.228300052165,-1594.5726648421144,-1016.9353708876964,120,24,False,-1076.661329745961,-1230.8363582549432,-1016.9353708876964,-1140.22257632145,-1594.5726648421144,-14154.039715372968,-6153.090038223572,-1600.189935429879,34045,6809
306,24,7344,-14210.415341146558,-6231.373951054771,-1595.8082780183572,-7979.041390091786,-1991.7757321029524,-1334.7435515879235,120,24,False,-1436.2753021198891,-1674.6776494826856,-1334.7435515879235,-1541.5691547983358,-1991.7757321029524,-14324.271383482343,-6239.54393686325,-1616.945489323818,34165,6833
307,24,7368,-19076.61254149885,-8668.896949017464,-2081.543118496277,-10407.715592481383,-2568.891684069305,-1752.351964381936,120,24,False,-1891.902602426548,-2179.3425503522703,-1752.351964381936,-2015.2267912513255,-2568.891684069305,-14296.790147667092,-6227.188285691878,-1613.9203723950427,34285,6857
308,24,7392,-12345.483977596065,-5025.287463859226,-1464.039302747368,-7320.196513736839,-1817.5442571225044,-1218.9264270173958,120,24,False,-1366.5332292483522,-1510.4125598076948,-1218.9264270173958,-1406.7800405408923,-1817.5442571225044,-13942.150919805583,-6037.515024251552,-1580.9271791108065,34405,6881
309,24,7416,-13808.066403388895,-6010.489042420353,-1559.5154721937083,-7797.577360968543,-1972.741319448692,-1313.7966214352618,120,24,False,-1389.4932093246296,-1610.203967532605,-1313.7966214352618,-1511.3422432273549,-1972.741319448692,-13918.38253309424,-6022.953003061144,-1579.0859060066196,34525,6905
310,24,7440,-17294.272768774408,-7780.152711556409,-1902.8240114436,-9514.120057218,-2347.5254475683337,-1588.6067967577935,120,24,False,-1710.383785772739,-2018.012611187435,-1588.6067967577935,-1849.5914159316992,-2347.5254475683337,-14379.775272925242,-6256.033881530956,-1624.748278278857,34645,6929
311,24,7464,-7421.220136314445,-2615.21021560508,-961.2019841418728,-4806.009920709364,-1204.0136595076017,-771.5477881297098,120,24,False,-922.2402391698528,-1006.084419829449,-771.5477881297098,-902.1238140727514,-1204.0136595076017,-14000.364123321797,-6058.965078486058,-1588.2798089671473,34765,6953
312,24,7488,-8850.84522018867,-3246.101454477108,-1120.9487531423124,-5604.743765711562,-1402.7982730953606,-927.3507223047724,120,24,False,-1043.3253270772957,-1150.681245878946,-927.3507223047724,-1080.588197355187,-1402.7982730953606,-13772.900393685337,-5930.702987962479,-1568.4394811445716,34885,6977
313,24,7512,-13159.890963619004,-5587.92789381124,-1514.3926139615528,-7571.9630698077635,-1880.7517805453608,-1277.3749558663233,120,24,False,-1365.446822018867,-1568.0355076389949,-1277.3749558663233,-1480.354003738218,-1880.7517805453608,-14012.889406517506,-6053.869002472556,-1591.8040808089904,35005,7001
314,24,7536,-18153.78858432934,-8216.480215318103,-1987.461673802248,-9937.308369011238,-2476.350820786409,-1672.6425646005416,120,24,False,-1814.592531243936,-2079.5114049697577,-1672.6425646005416,-1894.211047410594,-2476.350820786409,-14245.516695318325,-6173.166065318719,-1614.470125999921,35125,7025
315,24,7560,-7080.647119229773,-2284.4134060591823,-959.2467426341182,-4796.233713170591,-1306.847142152728,-795.492593479419,120,24,False,-805.8382771175125,-990.8129935722244,-795.492593479419,-897.2427068487067,-1306.847142152728,-13848.062102650449,-5955.033818913353,-1578.605656747419,35245,7049
316,24,7584,-15648.290925487712,-6917.852129766411,-1746.08775914426,-8730.4387957213,-2201.6172948132867,-1431.6051867700264,120,24,False,-1620.7905241048022,-1797.2312474947798,-1431.6051867700264,-1679.1945425384044,-2201.6172948132867,-14047.335605592209,-6056.818646809517,-1598.1033917565385,35365,7073
317,24,7608,-15858.418911099106,-7051.0214367275485,-1761.4794948743115,-8807.397474371557,-2189.60984827293,-1478.4688888815836,120,24,False,-1593.2274810743677,-1852.6235969392733,-1478.4688888815836,-1693.467659203402,-2189.60984827293,-14420.367050131628,-6250.547162615347,-1633.9639775032565,35485,7097
318,24,7632,-13249.490215573996,-5761.309829085438,-1497.6360772977114,-7488.180386488557,-1885.9436550968971,-1243.43894059785,120,24,False,-1358.6600365864529,-1561.2608424385046,-1243.43894059785,-1438.8769117688514,-1885.9436550968971,-14103.917410633312,-6092.628416915254,-1602.2577987436111,35605,7121
319,24,7656,-8070.526207777219,-2889.6305381797915,-1036.1791339194854,-5180.895669597427,-1369.664641208493,-846.2428250414766,120,24,False,-954.4714752627248,-1047.8817341946265,-846.2428250414766,-962.6349938901056,-1369.664641208493,-13843.038624165123,-5953.341009697867,-1577.939522893451,35725,7145
320,24,7680,-19115.94450328265,-8656.701489923154,-2091.8486026719006,-10459.243013359504,-2669.6725320499486,-1729.7725521414832,120,24,False,-1882.167698978248,-2189.045351284659,-1729.7725521414832,-1988.5848789051645,-2669.6725320499486,-13726.246349959261,-5893.915680604359,-1566.4661338709805,35845,7169
321,24,7704,-13808.716567084008,-5988.9858415907065,-1563.9461450986605,-7819.730725493301,-2068.039656585678,-1286.536034640969,120,24,False,-1395.4718906777985,-1577.7742535241423,-1286.536034640969,-1491.9088900647123,-2068.039656585678,-13377.880068939314,-5718.34239874199,-1531.907534039465,35965,7193
322,24,7728,-16021.374226344564,-7085.882203554988,-1787.0984045579148,-8935.492022789575,-2280.3205851330395,-1485.199907928044,120,24,False,-1630.492690940275,-1841.848090700314,-1485.199907928044,-1697.6307480879036,-2280.3205851330395,-13401.51939323239,-5729.585879225198,-1534.386702801438,36085,7217
323,24,7752,-17224.051520985744,-7749.230029252493,-1894.96429834665,-9474.82149173325,-2382.422030565086,-1557.8677554437272,120,24,False,-1721.129710230262,-2026.3806551941527,-1557.8677554437272,-1787.0213403000216,-2382.422030565086,-13472.187730414658,-5765.2903793694,-1541.3794702090522,36205,7241
324,24,7776,-14994.508890525403,-6619.664560979223,-1674.9688659092365,-8374.844329546182,-2130.1675291014813,-1406.7341956762764,120,24,False,-1486.233753867889,-1741.5331132825113,-1406.7341956762764,-1610.1757376180235,-2130.1675291014813,-13782.990087339855,-5929.730989236861,-1570.6518196205989,36325,7265
325,24,7800,-12957.796874825184,-5589.494376231433,-1473.66049971875,-7368.30249859375,-1908.3976528310327,-1212.4393886697608,120,24,False,-1324.333088479643,-1521.4666485199289,-1212.4393886697608,-1401.665720093385,-1908.3976528310327,-13917.51809495358,-5998.805286923506,-1583.7425616060148,36445,7289
326,24,7824,-11401.209121183594,-4651.687804187664,-1349.904263399186,-6749.52131699593,-1669.7192453057792,-1128.98312749802,120,24,False,-1238.7651111594475,-1410.424103826367,-1128.98312749802,-1301.6297292063157,-1669.7192453057792,-13777.057783955428,-5919.82097958015,-1571.4473608750563,36565,7313
327,24,7848,-13110.146836316744,-5608.703358700987,-1500.288695523151,-7501.443477615756,-1890.778935379424,-1271.6428136443058,120,24,False,-1348.758343334992,-1552.8420526357302,-1271.6428136443058,-1437.4213326213037,-1890.778935379424,-13478.734498696325,-5766.811300064327,-1542.3846397263999,36685,7337
328,24,7872,-9743.398524373784,-3896.435730632405,-1169.392558748276,-5846.962793741381,-1587.4443627574244,-945.1501597868894,120,24,False,-1043.6902017082812,-1189.4828077247648,-945.1501597868894,-1081.1952617640209,-1587.4443627574244,-13348.630226035213,-5710.368713402986,-1527.6523025264453,36805,7361
329,24,7896,-15887.101216319204,-7043.453437941722,-1768.7295556754962,-8843.64777837748,-2205.695399849688,-1454.089269614558,120,24,False,-1615.174077063227,-1868.5490934750237,-1454.089269614558,-1700.1399383749836,-2205.695399849688,-13452.581966681726,-5762.016933179055,-1538.1130067005347,36925,7385
330,24,7920,-16647.64447823457,-7369.581943719505,-1855.612506903013,-9278.062534515066,-2442.877262911179,-1518.1097931065742,120,24,False,-1697.9849913080327,-1892.741356321185,-1518.1097931065742,-1726.3491308680943,-2442.877262911179,-13420.250552154734,-5741.4883947872095,-1535.7524314735053,37045,7409
331,24,7944,-14411.46661693815,-6295.779819315533,-1623.1373595245236,-8115.686797622618,-2039.034268595031,-1369.5062460560775,120,24,False,-1476.4667814795505,-1694.296882524811,-1369.5062460560775,-1536.382618967148,-2039.034268595031,-13769.76287618592,-5925.516874972732,-1568.8492002426378,37165,7433
332,24,7968,-13503.302125314904,-5837.659456282594,-1533.1285338064622,-7665.642669032311,-2000.6289592275648,-1248.217073476521,120,24,False,-1390.755717041892,-1571.0589615787885,-1248.217073476521,-1454.981957707544,-2000.6289592275648,-14002.385721442235,-6055.094775063006,-1589.4581892758454,37285,7457
333,24,7992,-13318.760193516206,-5745.922174484548,-1514.5676038063314,-7572.838019031657,-1965.729701071689,-1251.503883793276,120,24,False,-1343.9129422655335,-1564.1316275642844,-1251.503883793276,-1447.559864336873,-1965.729701071689,-14010.329182937096,-6062.994489096672,-1589.4669387680842,37405,7481
334,24,8016,-19294.60210474389,-8742.483177878454,-2110.4237853730874,-10552.118926865438,-2670.7059604249616,-1743.39007260916,120,24,False,-1910.5348941449536,-2201.1725346422613,-1743.39007260916,-2026.3154650441031,-2670.7059604249616,-14067.369858957822,-6089.29463722469,-1595.6150443466263,37525,7505
335,24,8040,-8655.897515114164,-3381.287327708762,-1054.9220374810802,-5274.610187405401,-1383.3939349586203,-867.2421359071786,120,24,False,-964.7751701509565,-1082.278179655947,-867.2421359071786,-976.9207667326986,-1383.3939349586203,-14146.132378752041,-6144.138333307168,-1600.3988090889743,37645,7529
336,24,8064,-20735.132794809917,-9372.018530298512,-2272.62285290228,-11363.1142645114,-2833.687341187008,-1905.4168099375383,120,24,False,-2087.1549328858982,-2351.4222027919186,-1905.4168099375383,-2185.432977709038,-2833.687341187008,-14400.47447221815,-6266.846653333773,-1626.7255637768753,37765,7553
337,24,8088,-14677.414707019336,-6408.892145179667,-1653.7045123679338,-8268.522561839669,-2184.909229409706,-1347.8960517341616,120,24,False,-1485.7000485645706,-1691.8331221003816,-1347.8960517341616,-1558.1841100308484,-2184.909229409706,-14341.424262014163,-6234.740188756379,-1621.3368146515566,37885,7577
338,24,8112,-13195.824127801545,-5693.850052522289,-1500.394815055851,-7501.974075279255,-1991.910327602563,-1233.3370154515635,120,24,False,-1332.134434203592,-1531.1190144551754,-1233.3370154515635,-1413.4732835663613,-1991.910327602563,-14338.74095762554,-6231.367199928221,-1621.4747515394633,38005,7601
339,24,8136,-9968.348697797668,-4032.304871760008,-1187.208765207532,-5936.04382603766,-1626.69154632699,-935.4717126406804,120,24,False,-1069.6388574649834,-1214.321760856128,-935.4717126406804,-1089.919948748878,-1626.69154632699,-14433.63208212656,-6288.500916607232,-1629.0262331038657,38125,7625
340,24,8160,-24048.965444711,-10932.575714855104,-2623.27794597118,-13116.3897298559,-3274.312035271979,-2215.532129798829,120,24,False,-2366.0740418224764,-2709.977708989671,-2215.532129798829,-2550.4938139729447,-3274.312035271979,-14680.283129197978,-6402.29462785383,-1655.5977002688298,38245,7649
341,24,8184,-14770.573110585814,-6439.436677227333,-1666.2272866716962,-8331.13643335848,-2174.75402467299,-1370.2465728849863,120,24,False,-1494.745314259364,-1711.483508564056,-1370.2465728849863,-1579.9070129770832,-2174.75402467299,-14728.375956373071,-6424.817169635661,-1660.7117573474814,38365,7673
342,24,8208,-15877.65583211499,-6995.517092732051,-1776.4277478765878,-8882.13873938294,-2297.064817675164,-1472.1734297210312,120,24,False,-1601.7866715101736,-1832.9739933788453,-1472.1734297210312,-1678.1398270977254,-2297.064817675164,-14721.190036661592,-6420.298914094515,-1660.1782245134152,38485,7697
343,24,8232,-33400.45877211784,-15823.743299209653,-3515.3430945816376,-17576.71547290819,-4348.423497013248,-2965.634445235318,120,24,False,-3194.510256821573,-3685.102768667392,-2965.634445235318,-3383.044505170659,-4348.423497013248,-15530.010399218194,-6824.024577592373,-1741.1971643251647,38605,7721
344,24,8256,-14557.997210214116,-6372.315521081753,-1637.1363378264728,-8185.681689132363,-2055.272783934724,-1381.0636331502567,120,24,False,-1471.3938945002444,-1722.1105439422006,-1381.0636331502567,-1555.8408336049367,-2055.272783934724,-15508.18481520263,-6811.6571255974995,-1739.3055379210266,38725,7745
345,24,8280,-16221.040381061215,-7249.460509715797,-1794.3159742690837,-8971.579871345419,-2196.509412329161,-1505.8325131183733,120,24,False,-1621.964700633092,-1906.1197796726535,-1505.8325131183733,-1741.153465592139,-2196.509412329161,-15671.346990514434,-6894.6554322717175,-1755.3383116485431,38845,7769
346,24,8304,-12352.224772653728,-5271.850352029272,-1416.074884124891,-7080.374420624456,-1785.5935119061778,-1170.6610495391487,120,24,False,-1280.006914522047,-1487.6741572815477,-1170.6610495391487,-1356.4387873755345,-1785.5935119061778,-15718.897773087941,-6925.663559663796,-1758.6468426848282,38965,7793
347,24,8328,-12026.1909098311,-5114.66848376018,-1382.304485214184,-6911.52242607092,-1749.921552293141,-1130.770380962476,120,24,False,-1253.8316779287895,-1468.791510846606,-1130.770380962476,-1308.2073040399073,-1749.921552293141,-15664.699976763655,-6900.961815916757,-1752.7476321693798,39085,7817
348,24,8352,-11025.606048291907,-4392.795921056882,-1326.562025447005,-6632.810127235025,-1656.734859970208,-1097.227798139064,120,24,False,-1264.3053081441722,-1366.4158189971265,-1097.227798139064,-1248.1263419844538,-1656.734859970208,-15728.810352959563,-6925.779825437981,-1760.6061055043162,39205,7841
349,24,8376,-15658.85882810632,-6938.9797633719545,-1743.975812946873,-8719.879064734365,-2189.6338983038813,-1474.2177569828625,120,24,False,-1590.6663350969552,-1801.3043042351542,-1474.2177569828625,-1664.0567701155114,-2189.6338983038813,-15717.398233548918,-6920.556141709492,-1759.3684183678852,39325,7865
350,24,8400,-7754.204865598054,-2812.35626844692,-988.369719430227,-4941.848597151135,-1292.4230015043074,-806.4593501958101,120,24,False,-899.0299338726861,-1007.5449054558396,-806.4593501958101,-936.3914061224908,-1292.4230015043074,-15272.726252917093,-6692.694857945864,-1716.0062789942463,39445,7889
351,24,8424,-13612.966106799497,-5938.271239855024,-1534.9389733888945,-7674.694866944471,-1910.439555925421,-1283.7901874887425,120,24,False,-1399.6970419113854,-1612.6206520578564,-1283.7901874887425,-1468.1474295610658,-1910.439555925421,-15232.80122741016,-6674.819428972837,-1711.5963596874644,39565,7913
352,24,8448,-8589.020395856365,-3214.1928081363344,-1074.9655175440062,-5374.827587720031,-1359.345766458251,-907.453162519588,120,24,False,-972.8243725349146,-1106.8480607099934,-907.453162519588,-1028.3562254972844,-1359.345766458251,-14987.08714093723,-6543.646096565525,-1688.6882088743419,39685,7937
353,24,8472,-8936.27475347972,-3525.582871343434,-1082.1383764272573,-5410.691882136286,-1452.2518816587824,-895.183880109402,120,24,False,-955.6359579812258,-1092.99683087087,-895.183880109402,-1014.623331516006,-1452.2518816587824,-14767.96286893541,-6432.629131408468,-1667.066747505388,39805,7961
354,24,8496,-7742.611186568096,-2596.7509851104564,-1029.172040291528,-5145.86020145764,-1274.763378454302,-831.3103824066405,120,24,False,-923.3621029035394,-1136.5749006699891,-831.3103824066405,-979.8494370231688,-1274.763378454302,-14190.363323026619,-6125.34252177007,-1613.00416025131,39925,7985
355,24,8520,-8547.385109874656,-3326.562043498644,-1044.1646132752023,-5220.823066376011,-1363.8449768964017,-878.7691663275479,120,24,False,-966.153012230989,-1044.9465052019748,-878.7691663275479,-967.109405719098,-1363.8449768964017,-14184.937702764644,-6122.606257559563,-1612.4662890410161,40045,8009
356,24,8544,-9165.693629364438,-3575.6891710650702,-1118.000891659873,-5590.004458299367,-1376.3551058461692,-925.2407808038432,120,24,False,-1019.4751389640252,-1186.79651674273,-925.2407808038432,-1082.1369159426,-1376.3551058461692,-13606.46574449237,-5832.789789597891,-1554.7351909788958,40165,8033
357,24,8568,-7205.161297774737,-2547.0460780620183,-931.623043942544,-4658.115219712719,-1204.5358105718742,-750.7670519391942,120,24,False,-866.8610447041206,-961.3271459703876,-750.7670519391942,-874.6241665271423,-1204.5358105718742,-13232.853074030141,-5639.697486242008,-1518.631117557626,40285,8057
358,24,8592,-19102.64097517148,-8670.198829476023,-2086.488429139092,-10432.44214569546,-2605.250038400929,-1761.657250924466,120,24,False,-1876.9700076452496,-2169.4475472694503,-1761.657250924466,-2019.1173014553665,-2605.250038400929,-13528.193916398635,-5788.514925089696,-1547.9357982617882,40405,8081
359,24,8616,-6600.9841019068535,-2047.3508154374704,-910.7266572938768,-4553.633286469383,-1192.2426551575447,-747.8042856999351,120,24,False,-774.0793436024676,-978.4679974319412,-747.8042856999351,-861.0390045774944,-1192.2426551575447,-13359.825686604096,-5689.267222273569,-1534.1116928661056,40525,8105
360,24,8640,-11320.628881588826,-4641.961165770608,-1335.7335431636434,-6678.667715818217,-1846.348309356364,-1084.6813139688677,120,24,False,-1189.9891475800512,-1319.0387031258329,-1084.6813139688677,-1238.6102417871014,-1846.348309356364,-12723.408858447987,-5374.736494819344,-1469.7344727257287,40645,8129
361,24,8664,-19751.956212385376,-8992.467691033178,-2151.89770427044,-10759.4885213522,-2666.482352067192,-1824.6065719971944,120,24,False,-1958.7076035342564,-2247.8013360183104,-1824.6065719971944,-2061.8906577352464,-2666.482352067192,-12972.478013537966,-5502.388045509636,-1494.0179936056659,40765,8153
362,24,8688,-8693.650865456575,-3272.885554471448,-1084.1530621970255,-5420.765310985127,-1358.2020160833674,-904.4365697867038,120,24,False,-1010.8401935131504,-1120.258523871543,-904.4365697867038,-1027.028007730363,-1358.2020160833674,-12613.277765205046,-5316.256468596605,-1459.4042593216877,40885,8177
363,24,8712,-6670.729910859454,-2058.328975746385,-922.480187022614,-4612.40093511307,-1195.2001604924296,-744.2943768655803,120,24,False,-778.7982661288999,-1032.0933898730243,-744.2943768655803,-862.014741753135,-1195.2001604924296,-11276.791322142126,-4627.985752423443,-1329.7611139437367,41005,8201
364,24,8736,-19517.3537672872,-8847.258088673687,-2134.0191357227027,-10670.095678613514,-2668.34715645506,-1782.4372803334522,120,24,False,-1936.512211788408,-2238.3893946583985,-1782.4372803334522,-2044.409635378194,-2668.34715645506,-11524.75914999578,-4751.73288080304,-1354.6052538385482,41125,8225
365,24,8760,-8017.566760250093,-2807.224645947169,-1042.0684228605849,-5210.3421143029245,-1287.6223588207472,-838.2951046342438,120,24,False,-940.8323914756556,-1175.659223258072,-838.2951046342438,-967.9330361142066,-1287.6223588207472,-11114.585468955225,-4529.621087614608,-1316.9928762681234,41245,8249
366,24,8784,-17108.861524245593,-7714.305999685335,-1878.911104912052,-9394.55552456026,-2332.2554444577145,-1560.2429918797973,120,24,False,-1708.957861900576,-2011.2910691165664,-1560.2429918797973,-1781.8081572056049,-2332.2554444577145,-11352.417306534819,-4651.743869997411,-1340.1346873074813,41365,8273
367,24,8808,-18166.6524331634,-8206.025972713453,-1992.125292089989,-9960.626460449945,-2484.8656420098227,-1656.6704620431492,120,24,False,-1807.3706475231572,-2094.794182025156,-1656.6704620431492,-1916.9255268486595,-2484.8656420098227,-11659.440382701432,-4806.3117444450745,-1370.6257276512715,41485,8297
368,24,8832,-10789.819258718311,-4429.589783280564,-1272.0458950875498,-6360.229475437749,-1579.4583905269849,-1051.2456321676375,120,24,False,-1186.8362435910983,-1327.4471970410038,-1051.2456321676375,-1215.242012111025,-1579.4583905269849,-11647.651043222753,-4808.151437556259,-1367.899921133299,41605,8321
369,24,8856,-9840.00485830175,-4047.76189813408,-1158.4485920335342,-5792.24296016767,-1457.5633630227856,-976.9711179917784,120,24,False,-1047.3417089455922,-1210.3488792331648,-976.9711179917784,-1100.017890974349,-1457.5633630227856,-11356.708344732524,-4663.590544294365,-1338.6235600876319,41725,8345
370,24,8880,-7040.878276617455,-2365.7375012185016,-935.0281550797908,-4675.140775398954,-1223.6654637938225,-774.544720201766,120,24,False,-838.160685117266,-961.610351196814,-774.544720201766,-877.1595550892858,-1223.6654637938225,-11321.042015283494,-4641.2596059329435,-1335.9564818701099,41845,8369
371,24,8904,-10897.407940779163,-4506.600638817321,-1278.1614603923688,-6390.807301961844,-1580.0639318356675,-1053.1220451145584,120,24,False,-1196.783412097331,-1345.8210938228967,-1053.1220451145584,-1215.01681909139,-1580.0639318356675,-11185.264106982479,-4569.676075881059,-1323.1176062202837,41965,8393
372,24,8928,-11575.744685660578,-4870.303969229305,-1341.0881432862543,-6705.440716431272,-1701.3581243674548,-1134.3102079311336,120,24,False,-1209.0393421659126,-1384.4674829409282,-1134.3102079311336,-1276.265559025843,-1701.3581243674548,-11334.600321472688,-4652.481633935708,-1336.423737507396,42085,8417
373,24,8952,-15952.165399944412,-7144.717832432253,-1761.489513502432,-8807.44756751216,-2201.415240089488,-1471.496911654375,120,24,False,-1605.6594165307608,-1861.343129929067,-1471.496911654375,-1667.5328693084691,-2201.415240089488,-11685.394853795922,-4833.438381990149,-1370.391294361155,42205,8441
374,24,8976,-21134.555717811207,-9719.922143396388,-2282.9267148829645,-11414.633574414822,-2830.263693435127,-1911.8284774531355,120,24,False,-2062.365950058461,-2422.9145704671714,-1911.8284774531355,-2187.2608830009267,-2830.263693435127,-12354.992080358079,-5189.596939904445,-1433.0790280907268,42325,8465
375,24,9000,-14631.248581081933,-6326.532299118346,-1660.943256392717,-8304.716281963587,-2000.2887328731736,-1380.5788493940008,120,24,False,-1616.4241837863815,-1725.3083175364427,-1380.5788493940008,-1582.1161983735876,-2000.2887328731736,-12659.185253918442,-5339.59545268543,-1463.9179602466024,42445,8489
376,24,9024,-19142.10339321768,-8707.642311872285,-2086.8922162690787,-10434.461081345396,-2514.6064312144244,-1780.795096767897,120,24,False,-1927.7222634750924,-2183.365941714631,-1780.795096767897,-2027.971348173352,-2514.6064312144244,-13158.005742111103,-5596.193109725791,-1512.3625264770626,42565,8513
377,24,9048,-9849.589531822412,-4001.574620283901,-1169.6029823077022,-5848.014911538511,-1440.8878786881878,-977.3203199521748,120,24,False,-1067.164793961707,-1243.37067486401,-977.3203199521748,-1119.2712440724313,-1440.8878786881878,-13290.227153813486,-5668.9195368368855,-1524.2615233953206,42685,8537
378,24,9072,-20241.233442455632,-9259.647833914982,-2196.3171217081303,-10981.585608540652,-2704.954727623367,-1840.7369567294063,120,24,False,-1996.0300099753451,-2322.185160034808,-1840.7369567294063,-2117.678754177727,-2704.954727623367,-13347.156777177695,-5698.391987058833,-1529.7529580237724,42805,8561
379,24,9096,-11148.294845777287,-4612.0546843233815,-1307.248032290781,-6536.240161453907,-1640.8446325044638,-1102.7603673059195,120,24,False,-1175.471979951402,-1382.835441398211,-1102.7603673059195,-1234.327740293911,-1640.8446325044638,-13574.522314371217,-5826.627180503129,-1549.579026773618,42925,8585
380,24,9120,-17330.15329904043,-7733.845362427401,-1919.2615873226052,-9596.307936613028,-2334.212351812558,-1606.6057149554422,120,24,False,-1777.5618568496757,-2015.7525818785264,-1606.6057149554422,-1862.175431116825,-2334.212351812558,-13874.998535243798,-5981.221390335968,-1578.755428981566,43045,8609
381,24,9144,-14385.618605403555,-6184.474154397231,-1640.2288902012654,-8201.144451006327,-2004.795178021292,-1388.9250476294137,120,24,False,-1481.2749805500723,-1725.8492074660087,-1388.9250476294137,-1600.3000373395407,-2004.795178021292,-13606.681654894706,-5840.821713504171,-1553.171988278107,43165,8633
382,24,9168,-13530.53199449538,-5886.356932657947,-1528.8350123674868,-7644.1750618374335,-1898.7005539250729,-1287.3123725163628,120,24,False,-1389.085951573761,-1600.9027482159145,-1287.3123725163628,-1468.1734356063228,-1898.7005539250729,-13848.525711346647,-5971.495282413496,-1575.4060857866302,43285,8657
383,24,9192,-14074.584094946507,-6108.122651484304,-1593.2922886924407,-7966.4614434622035,-1927.6861040349568,-1353.272433106927,120,24,False,-1475.615419363651,-1673.7088798504317,-1353.272433106927,-1536.1786071062363,-1927.6861040349568,-14218.718420550998,-6173.984966200392,-1608.9466908701215,43405,8681
384,24,9216,-18507.80318597414,-8390.649442076032,-2023.4307487796211,-10117.153743898109,-2498.3854795886045,-1698.1319598112848,120,24,False,-1851.3220790117723,-2132.6795676931624,-1698.1319598112848,-1936.6346577932811,-2498.3854795886045,-14168.240891485344,-6151.154533870509,-1603.4172715229674,43525,8705
385,24,9240,-17994.31647239182,-8020.657045442873,-1994.731885389789,-9973.659426948949,-2419.008139386661,-1696.310526082391,120,24,False,-1802.5736082345936,-2106.6451495952565,-1696.310526082391,-1949.1220036500451,-2419.008139386661,-14667.078377092432,-6411.826153845294,-1651.0504446494276,43645,8729
386,24,9264,-11704.1540432962,-4823.401076002614,-1376.1505934587174,-6880.752967293587,-1708.9378443153605,-1121.054925444565,120,24,False,-1223.8839553729508,-1563.6421485465532,-1121.054925444565,-1263.2340936141577,-1708.9378443153605,-14396.843003044962,-6267.2809076611575,-1625.9124190767611,43765,8753
387,24,9288,-12206.070488200428,-5092.563154294893,-1422.701466781107,-7113.507333905535,-1770.3861801223,-1194.7694217792996,120,24,False,-1301.763520820809,-1475.5808198846798,-1194.7694217792996,-1371.0073912984462,-1770.3861801223,-14098.813905796813,-6111.60776674023,-1597.4412278113168,43885,8777
388,24,9312,-13478.766438780316,-5763.464280310536,-1543.0604316939562,-7715.302158469781,-1917.628513805226,-1294.9193313111225,120,24,False,-1392.8041572001043,-1616.2144952327,-1294.9193313111225,-1493.7356609206272,-1917.628513805226,-14233.261264799914,-6178.301491591728,-1610.9919546416372,44005,8801
389,24,9336,-18856.16455760128,-8562.006779904745,-2058.8315555393065,-10294.157777696531,-2439.1483686364536,-1770.204432407437,120,24,False,-1908.6013830966465,-2159.3746157344526,-1770.204432407437,-2016.8289778215444,-2439.1483686364536,-14684.06924976489,-6404.013735680262,-1656.011102816926,44125,8825
390,24,9360,-8324.116953507339,-3078.679229002468,-1049.087544900974,-5245.43772450487,-1282.6805383800918,-874.9118657764192,120,24,False,-949.8722863926198,-1158.9751309611972,-874.9118657764192,-978.9979029945416,-1282.6805383800918,-14748.231183609383,-6439.660822069461,-1661.7140723079851,44245,8849
391,24,9384,-12108.175261423488,-5124.514488156778,-1396.7321546533417,-6983.660773266708,-1681.3589501506783,-1193.1515186100964,120,24,False,-1290.3563043377897,-1456.7777743818056,-1193.1515186100964,-1362.0162257863376,-1681.3589501506783,-14808.769549641602,-6470.556514536433,-1667.6426070210334,44365,8873
392,24,9408,-15925.638891929248,-7118.77367322317,-1761.3730437412155,-8806.865218706078,-2171.12362422096,-1471.8185981856232,120,24,False,-1592.6951193839727,-1874.8760774546683,-1471.8185981856232,-1696.3517994608533,-2171.12362422096,-15026.264259955035,-6582.979999736126,-1688.6568520437818,44485,8897
393,24,9432,-5781.161498194698,-1624.036985446781,-831.4249025495834,-4157.124512747917,-1000.423167764671,-678.8892619277553,120,24,False,-774.8112943964777,-928.4041099900304,-678.8892619277553,-774.5966786689827,-1000.423167764671,-14517.714064867547,-6306.9459573868535,-1642.153621496139,44605,8921
394,24,9456,-14293.166533660347,-6265.451749588751,-1605.5429568143195,-8027.714784071597,-1941.031212145178,-1344.0806140018317,120,24,False,-1514.8645138774937,-1680.879263962453,-1344.0806140018317,-1546.8591800846405,-1941.031212145178,-14175.644605660007,-6134.222437696471,-1608.284433592707,44725,8945
395,24,9480,-6594.167308378248,-2196.582410687894,-879.5169795380707,-4397.5848976903535,-1038.4387513813388,-751.4839059581237,120,24,False,-830.9702173379842,-925.6548884567976,-751.4839059581237,-851.0371345561099,-1038.4387513813388,-13773.790542024823,-5927.724943274949,-1569.2131197499746,44845,8969
396,24,9504,-16053.678843243004,-7172.403029993645,-1776.255162649872,-8881.27581324936,-2134.133001235676,-1516.3935809387267,120,24,False,-1643.4876642447168,-1877.6638581885368,-1516.3935809387267,-1709.5977086417042,-2134.133001235676,-13619.369314526088,-5850.962979181017,-1553.6812670690144,44965,8993
397,24,9528,-19167.06568969196,-8707.315892088744,-2091.9499595206435,-10459.749797603215,-2543.902461745948,-1758.498245616216,120,24,False,-1921.4005145308952,-2206.0788293207447,-1758.498245616216,-2029.8697463894127,-2543.902461745948,-14085.243122419564,-6086.250042771258,-1599.7986159296613,45085,9017
398,24,9552,-18619.36261983976,-8458.968026314116,-2032.078918705128,-10160.394593525642,-2485.9825269516327,-1707.2563369318036,120,24,False,-1859.2501683283976,-2141.482224155167,-1707.2563369318036,-1966.4233371586408,-2485.9825269516327,-14004.14958128877,-6046.216052391215,-1591.5867057795112,45205,9041
399,24,9576,-12442.522884106287,-5333.307592967779,-1421.8430582277017,-7109.215291138508,-1728.3480902751303,-1215.479711299208,120,24,False,-1300.5800908101205,-1494.2501964961154,-1215.479711299208,-1370.557202257933,-1728.3480902751303,-14068.860983205223,-6082.278697823434,-1597.3164570763572,45325,9065
400,24,9600,-12385.157081946953,-5342.984443989856,-1408.4345275914193,-7042.172637957096,-1748.5483985798212,-1171.3947992254716,120,24,False,-1292.8008525311193,-1494.2883834681882,-1171.3947992254716,-1335.1402041524966,-1748.5483985798212,-13821.61117235055,-5962.7356519015575,-1571.7751040897979,45445,9089
401,24,9624,-12909.85144698434,-5360.300989456901,-1509.9100915054878,-7549.550457527439,-1817.9544051394755,-1267.0794211684267,120,24,False,-1390.5764465666196,-1612.4192066829144,-1267.0794211684267,-1461.520977970004,-1817.9544051394755,-13747.822814429586,-5921.526993654541,-1565.259164155009,45565,9113
402,24,9648,-18919.52744093069,-8589.44832629494,-2066.0158229271506,-10330.079114635751,-2475.3366393062665,-1768.7545373072312,120,24,False,-1906.4062718694256,-2177.229104947007,-1768.7545373072312,-2002.352561205824,-2475.3366393062665,-14017.272586751355,-6056.68156333639,-1592.1182046829922,45685,9137
403,24,9672,-7486.548997063776,-2462.031371291835,-1004.9035251543884,-5024.517625771941,-1193.802139964151,-814.9833116471433,120,24,False,-890.3887388019747,-1189.9908649096851,-814.9833116471433,-935.3525704489869,-1193.802139964151,-13687.870831857217,-5874.376999326768,-1562.6987665060897,45805,9161
404,24,9696,-14625.315584537537,-6472.051799187468,-1630.652757070014,-8153.263785350069,-1989.6243297237636,-1352.525175033408,120,24,False,-1510.3866344482249,-1725.068413660607,-1352.525175033408,-1575.6592324840656,-1989.6243297237636,-13493.746451785386,-5778.44711718234,-1543.0598669206092,45925,9185
405,24,9720,-24409.4941676772,-11343.818937756265,-2613.1350459841874,-13065.675229920937,-3161.9458480656776,-2220.515870982607,120,24,False,-2392.345924970577,-2746.742152195628,-2220.515870982607,-2544.1254337064474,-3161.9458480656776,-13814.505336549653,-5944.605211798009,-1573.9800249503292,46045,9209
406,24,9744,-6594.004143860812,-2104.5520757196136,-897.8904136282397,-4489.452068141199,-1099.1686011648426,-739.1210108330176,120,24,False,-815.6277333123683,-997.8352192549074,-739.1210108330176,-837.6995035760626,-1099.1686011648426,-13558.997841577886,-5808.6627617838585,-1550.0670159588053,46165,9233
407,24,9768,-17974.653094878275,-8147.576246901477,-1965.4153695953592,-9827.076847976796,-2385.39579239318,-1658.136720665523,120,24,False,-1791.7778165089635,-2090.3062857445325,-1658.136720665523,-1901.4602326645972,-2385.39579239318,-13847.426971911778,-5961.413416414189,-1577.202711099518,46285,9257
408,24,9792,-17588.268990363464,-7798.063441003216,-1958.0411098720492,-9790.205549360247,-2338.637607586115,-1678.1379982432495,120,24,False,-1803.859519521912,-2060.870925761757,-1678.1379982432495,-1908.699498247213,-2338.637607586115,-14052.902099490937,-6063.143374448822,-1597.9517450084227,46405,9281
409,24,9816,-8785.81056034928,-3461.330316216012,-1064.8960488266534,-5324.480244133268,-1313.3015272380608,-899.7271212155168,120,24,False,-964.9587328832812,-1127.2768609108643,-899.7271212155168,-1019.216001885544,-1313.3015272380608,-13549.384399628336,-5808.109551264386,-1548.25496967279,46525,9305
410,24,9840,-13997.80518316936,-6065.569088972189,-1586.4472188394338,-7932.236094197169,-1910.40752028642,-1354.773097131403,120,24,False,-1466.8559582115,-1671.4432555542082,-1354.773097131403,-1528.7562630136392,-1910.40752028642,-13833.068811111438,-5957.454044262871,-1575.1229533697128,46645,9329
411,24,9864,-19220.195399341595,-8691.646056817719,-2105.709868504775,-10528.549342523876,-2534.768305447428,-1790.743268318981,120,24,False,-1927.8726580793652,-2235.783800262473,-1790.743268318981,-2039.3813104156256,-2534.768305447428,-14188.66981800734,-6135.810622695919,-1610.5718390622847,46765,9353
412,24,9888,-19873.916256005545,-9078.92328057724,-2158.998595085661,-10794.992975428306,-2600.1009061643786,-1840.3866162863449,120,24,False,-1967.3222230619576,-2281.783751830717,-1840.3866162863449,-2105.3994780849084,-2600.1009061643786,-14386.083686211156,-6233.818103063622,-1630.453116629507,46885,9377
413,24,9912,-14523.82297731656,-6311.979674366219,-1642.3686605900682,-8211.843302950341,-1969.5816229861225,-1406.6365413934143,120,24,False,-1507.4688281012102,-1731.7897077168027,-1406.6365413934143,-1596.3666027527906,-1969.5816229861225,-14823.21676016725,-6468.215237509594,-1671.0003045315311,47005,9401
414,24,9936,-8292.238551748564,-3106.269400144574,-1037.1938303207978,-5185.969151603989,-1233.8962881032394,-874.8696684956083,120,24,False,-957.6984215279314,-1113.460672574351,-874.8696684956083,-1006.0441009028594,-1233.8962881032394,-14523.17036107166,-6310.256120037385,-1642.582848206855,47125,9425
415,24,9960,-15481.067859667177,-6857.087105797872,-1724.7961507738607,-8623.980753869304,-2096.722004543223,-1475.145343409442,120,24,False,-1595.4505746699858,-1813.9197596334031,-1475.145343409442,-1642.7430716132503,-2096.722004543223,-14967.515388636108,-6543.281354792884,-1684.8468067686445,47245,9449
416,24,9984,-13197.219642870918,-5568.751602564536,-1525.6936080612763,-7628.468040306382,-1849.1175162304423,-1293.245806435936,120,24,False,-1392.2234808012788,-1610.134137942596,-1293.245806435936,-1483.7470988961284,-1849.1175162304423,-14824.692428617502,-6463.098783421429,-1672.3187290392148,47365,9473
417,24,10008,-17528.959738894922,-7885.501561293284,-1928.691635520328,-9643.458177601638,-2321.685201102845,-1632.64417701125,120,24,False,-1768.6360671118814,-2048.189941196013,-1632.64417701125,-1872.3027911796487,-2321.685201102845,-14742.78713107765,-6422.008066881655,-1664.155812839199,47485,9497
418,24,10032,-14775.531464918164,-6512.505970876557,-1652.6050988083214,-8263.025494041607,-2072.556388092174,-1368.233103414628,120,24,False,-1504.702209830435,-1765.9300874703963,-1368.233103414628,-1551.6037052339736,-2072.556388092174,-14550.59557333157,-6324.684964109778,-1645.1821218443588,47605,9521
419,24,10056,-21916.40913273036,-10085.4654621046,-2366.188734125152,-11830.943670625762,-2865.209416887833,-2006.2750161351005,120,24,False,-2169.168203207794,-2484.3191330531968,-2006.2750161351005,-2305.971901341838,-2865.209416887833,-15024.289885762777,-6562.292857566618,-1692.3994056392312,47725,9545
420,24,10080,-11197.455157782111,-4740.4136732479765,-1291.4082969068268,-6457.041484534134,-1566.3080415882312,-1109.0192499661118,120,24,False,-1183.8679255616562,-1349.9086600385654,-1109.0192499661118,-1247.9376073795688,-1566.3080415882312,-14964.904789554532,-6532.164319029524,-1686.5480941050016,47845,9569
421,24,10104,-22905.20764456141,-10570.372481066595,-2466.967032698964,-12334.83516349482,-2981.73493396501,-2101.400159230252,120,24,False,-2256.4343548705683,-2610.579135747072,-2101.400159230252,-2384.6865796819197,-2981.73493396501,-15464.672599433386,-6792.66789361001,-1734.4009411646755,47965,9593
422,24,10128,-12676.51858631712,-5469.095154078084,-1441.4846864478072,-7207.423432239037,-1769.7398014789987,-1210.5627304426123,120,24,False,-1319.1323497887022,-1524.2907628911062,-1210.5627304426123,-1383.697787637617,-1769.7398014789987,-15152.522156702707,-6636.650234999167,-1703.1743843407082,48085,9617
423,24,10152,-12302.622473572384,-5290.938421185056,-1402.336810477466,-7011.68405238733,-1710.3835379727327,-1178.2946687049296,120,24,False,-1287.3667402193678,-1477.2315048777411,-1178.2946687049296,-1358.4076006125588,-1710.3835379727327,-15393.325830528138,-6778.095587493827,-1723.0460486068619,48205,9641
424,24,10176,-8093.705310940728,-2873.59914995036,-1044.021232198074,-5220.106160990369,-1277.7766630298963,-875.8374728962699,120,24,False,-937.1848601834912,-1148.6783842676944,-875.8374728962699,-980.6287806130172,-1277.7766630298963,-15066.745316848299,-6598.172955031972,-1693.714472363265,48325,9665
425,24,10200,-18492.34795815035,-8180.308677294435,-2062.407856171182,-10312.039280855914,-2438.9651764166592,-1737.037442877352,120,24,False,-1883.269076412689,-2243.5422480973616,-1737.037442877352,-2009.225337051852,-2438.9651764166592,-14770.888006371955,-6439.997442008881,-1666.1781128726147,48445,9689
426,24,10224,-13013.61532183233,-5631.161519680446,-1476.490760430377,-7382.453802151885,-1827.1910425513329,-1219.4796489819496,120,24,False,-1336.0007041681026,-1579.586403312741,-1219.4796489819496,-1420.1960031377594,-1827.1910425513329,-15091.868565270532,-6616.327914206922,-1695.1081302127216,48565,9713
427,24,10248,-8738.560604219032,-3227.413608494999,-1102.2293991448066,-5511.146995724033,-1335.431651100679,-913.4402384644844,120,24,False,-998.5738207412464,-1224.9672825269072,-913.4402384644844,-1038.7340028907165,-1335.431651100679,-14630.063940737567,-6370.319782286599,-1651.948831690194,48685,9737
428,24,10272,-14700.936977984802,-6286.033880758452,-1682.98061944527,-8414.90309722635,-2010.2500622716047,-1372.820456021114,120,24,False,-1575.7863967334256,-1836.7626160720524,-1372.820456021114,-1619.2835661281524,-2010.2500622716047,-14485.697340118635,-6294.718304274361,-1638.195807168855,48805,9761
429,24,10296,-14897.862018884793,-6588.861468875128,-1661.800110001933,-8309.000550009665,-2038.275387270728,-1379.5674303952728,120,24,False,-1508.578317121733,-1776.1638745479754,-1379.5674303952728,-1606.4155406739558,-2038.275387270728,-14791.299913045412,-6451.094861907316,-1668.041010227619,48925,9785
430,24,10320,-11374.984258070084,-4832.479144549108,-1308.5010227041953,-6542.505113520976,-1575.0126343010943,-1118.308090588834,120,24,False,-1212.7805386166074,-1378.080239123547,-1118.308090588834,-1258.3236108908932,-1575.0126343010943,-14660.158866790447,-6389.440364686162,-1654.143700420857,49045,9809
431,24,10344,-9714.53691601162,-3760.4979845644248,-1190.807786289439,-5954.038931447195,-1436.4191048855637,-968.886094335356,120,24,False,-1080.2731623306236,-1339.0756728763704,-968.886094335356,-1129.3848970192807,-1436.4191048855637,-14184.87594262395,-6142.882961073497,-1608.3985963100902,49165,9833
432,24,10368,-7226.575512483039,-2420.8669181720343,-961.1417188622012,-4805.708594311005,-1149.2621012781813,-781.5558560706367,120,24,False,-862.1238123644544,-1149.2621012781813,-781.5558560706367,-898.458513485344,-1114.3083111123883,-13552.508905447825,-5809.980142953236,-1548.5057524989174,49285,9857
433,24,10392,-13754.083441639546,-5921.456385902029,-1566.5254111475035,-7832.627055737517,-1874.716059849388,-1328.8520433593496,120,24,False,-1457.6759779274855,-1649.6039443537563,-1328.8520433593496,-1521.779030247539,-1874.716059849388,-13514.021928663971,-5790.453978530028,-1544.713590026789,49405,9881
434,24,10416,-15791.546165510532,-6820.928822240342,-1794.123468654038,-8970.617343270189,-2141.712091938969,-1540.1570075893344,120,24,False,-1660.0129481867375,-1887.9020901894444,-1540.1570075893344,-1740.833205365705,-2141.712091938969,-13888.987309352073,-5976.186949634815,-1582.560071943451,49525,9905
435,24,10440,-14498.36308795823,-6383.4225489750215,-1622.988107796642,-8114.94053898321,-1987.728867605444,-1339.4489116570055,120,24,False,-1479.678966614462,-1764.4609185726465,-1339.4489116570055,-1543.6228745336518,-1987.728867605444,-13839.852070766623,-5952.503721793673,-1577.4696697945901,49645,9929
436,24,10464,-18199.106250134148,-8230.063698083773,-1993.8085104100749,-9969.042552050374,-2406.409609436179,-1667.1685353035195,120,24,False,-1847.1174522042004,-2112.723526631802,-1667.1685353035195,-1935.6234284746745,-2406.409609436179,-14089.946401129786,-6085.5693265696345,-1600.87541491203,49765,9953
437,24,10488,-12840.90535602728,-5380.742877211644,-1492.0324957631276,-7460.162478815638,-1775.685643357935,-1266.9956254511287,120,24,False,-1374.119933690094,-1597.6490619864185,-1266.9956254511287,-1445.7122143300612,-1775.685643357935,-13855.543681986403,-5960.331392365553,-1579.04245792417,49885,9977
438,24,10512,-10293.969862600865,-4169.825563177576,-1224.828859884658,-6124.14429942329,-1472.0360574493964,-1037.426989425717,120,24,False,-1136.0925327548382,-1299.3622565224896,-1037.426989425717,-1179.2264632708498,-1472.0360574493964,-13631.46560187054,-5843.197371980604,-1557.6536459779868,50005,10001
439,24,10536,-12343.554573338522,-5281.481193033421,-1412.41467606102,-7062.073380305101,-1707.3903232333305,-1197.6740554600508,120,24,False,-1304.354055536999,-1489.702876668008,-1197.6740554600508,-1362.9520694067123,-1707.3903232333305,-13152.822873900946,-5602.998158527045,-1509.9649430747804,50125,10025
440,24,10560,-6872.55765356716,-2406.8462074893296,-893.142289215566,-4465.71144607783,-1064.8618883358115,-759.2039900924384,120,24,False,-823.9452576348374,-952.48106833686,-759.2039900924384,-865.2192416778828,-1064.8618883358115,-12936.5779986902,-5486.319785239113,-1490.0516426902172,50245,10049
441,24,10584,-13031.836732054224,-5622.065334758685,-1481.954279459108,-7409.77139729554,-1812.057307787566,-1223.642001433766,120,24,False,-1362.5353458590382,-1577.3141334376803,-1223.642001433766,-1434.2226087774886,-1812.057307787566,-12442.90945306484,-5238.904427923718,-1440.8010050282246,50365,10073
442,24,10608,-15811.010648929929,-6965.395931741563,-1769.1229434376728,-8845.614717188364,-2133.2044496160424,-1484.053446958199,120,24,False,-1614.621234671053,-1904.6714972576028,-1484.053446958199,-1709.064088685467,-2133.2044496160424,-12599.63405619548,-5313.7194668068905,-1457.1829178777177,50485,10097
443,24,10632,-10662.188679305897,-4400.428924544389,-1252.351950952301,-6261.759754761505,-1465.2772887450665,-1068.9993095345596,120,24,False,-1169.7380579926228,-1329.9708968133273,-1068.9993095345596,-1227.7742016759282,-1465.2772887450665,-12517.612366482155,-5269.193991974857,-1449.6836749014597,50605,10121
444,24,10656,-15460.741731743412,-6897.725824420043,-1712.6031814646735,-8563.015907323368,-2080.6494822280115,-1431.6466212411335,120,24,False,-1573.92106689261,-1832.7577212049505,-1431.6466212411335,-1644.041015756661,-2080.6494822280115,-12885.96418752229,-5470.400325698342,-1483.1127723647894,50725,10145
445,24,10680,-14218.049344544084,-6104.669382255224,-1622.675992457772,-8113.37996228886,-1976.4610608156363,-1367.055674828333,120,24,False,-1492.5074336306002,-1717.4278690164922,-1367.055674828333,-1559.9279239977984,-1976.4610608156363,-12672.249256841977,-5366.618360946382,-1461.126179179119,50845,10169
446,24,10704,-14901.889710624571,-6571.19338462533,-1666.1392651998483,-8330.696325999243,-2051.672934456364,-1376.4381683642566,120,24,False,-1512.6233188241526,-1806.5565922343724,-1376.4381683642566,-1583.405312120097,-2051.672934456364,-12766.662976281588,-5413.619954193626,-1470.6086044175927,50965,10193
447,24,10728,-16691.90866288913,-7472.807539326281,-1843.8202247125705,-9219.101123562852,-2182.762630252558,-1571.5077230287468,120,24,False,-1702.7474408801677,-1953.486671066176,-1571.5077230287468,-1808.5966583352024,-2182.762630252558,-13164.330379215093,-5625.88965073519,-1507.6881456959807,51085,10217
448,24,10752,-11632.497023881511,-4866.603911762587,-1353.178622423785,-6765.893112118925,-1598.0005611502424,-1160.9339472509373,120,24,False,-1256.7536271401068,-1415.6672603258728,-1160.9339472509373,-1334.537716251766,-1598.0005611502424,-13010.90838150993,-5554.918152285396,-1491.1980458449066,51205,10241
449,24,10776,-20433.177118223302,-9365.530867141242,-2213.529250216412,-11067.64625108206,-2643.3064204476827,-1902.1779889837333,120,24,False,-2040.440281562342,-2330.633036419153,-1902.1779889837333,-2151.088523669148,-2643.3064204476827,-13287.674136476853,-5693.751622198702,-1518.7845028556305,51325,10265
450,24,10800,-15450.091598394109,-6855.778285630614,-1718.8626625526988,-8594.313312763494,-2077.4376573804566,-1474.1556449676889,120,24,False,-1575.2549574037162,-1812.84200353012,-1474.1556449676889,-1654.6230494815115,-2077.4376573804566,-13491.429503493058,-5794.916579252777,-1539.3025848480556,51445,10289
451,24,10824,-13274.083356091014,-5780.3220442843885,-1498.752262361325,-7493.761311806625,-1811.927368609531,-1257.8956617053375,120,24,False,-1377.829199461606,-1602.1658889817656,-1257.8956617053375,-1443.9431930483831,-1811.927368609531,-13669.406825497024,-5895.907782238775,-1554.69980865165,51565,10313
452,24,10848,-16217.417738669148,-7236.474187273819,-1796.1887102790656,-8980.943551395329,-2156.536497824254,-1511.3408981475193,120,24,False,-1637.750870610912,-1940.6191517854515,-1511.3408981475193,-1734.6961330271918,-2156.536497824254,-14118.948936806328,-6136.688145693865,-1596.4521582224932,51685,10337
453,24,10872,-11904.464672730446,-5056.0888986354685,-1369.6751548189957,-6848.375774094977,-1693.7296782413323,-1150.933674279282,120,24,False,-1253.4256755290162,-1440.836927711602,-1150.933674279282,-1309.449818333744,-1693.7296782413323,-14026.467998360877,-6093.4197713305375,-1586.6096454060678,51805,10361
454,24,10896,-14397.213193776735,-6321.397286603622,-1615.1631814346233,-8075.815907173116,-1970.244228985531,-1330.3425635014462,120,24,False,-1476.6845697025155,-1751.871491815547,-1330.3425635014462,-1546.6730531680764,-1970.244228985531,-13956.751349774186,-6068.443194548701,-1577.661631045097,51925,10385
455,24,10920,-18761.12529196914,-8343.395676636437,-2083.5459230665406,-10417.729615332702,-2449.1141722465327,-1764.840575910578,120,24,False,-1905.5376057589133,-2241.3634649978485,-1764.840575910578,-2056.873796418829,-2449.1141722465327,-14169.889459974733,-6166.441850931772,-1600.689521808592,52045,10409
456,24,10944,-12897.122463506765,-5577.812050443842,-1463.8620826125846,-7319.310413062923,-1738.7121553001864,-1231.090268598759,120,24,False,-1363.682355293727,-1575.7898312440498,-1231.090268598759,-1410.0358026262004,-1738.7121553001864,-13904.790270643363,-6033.829268549775,-1574.1922004187174,52165,10433
457,24,10968,-18182.044373374585,-8224.851659429187,-1991.43854278908,-9957.192713945398,-2336.9097724700528,-1706.3296123841783,120,24,False,-1850.3466783694432,-2119.4246558746504,-1706.3296123841783,-1944.1819948470736,-2336.9097724700528,-14171.847221510727,-6176.034707660652,-1599.1625027700152,52285,10457
458,24,10992,-8150.995594218066,-3184.182316346696,-993.362655574274,-4966.81327787137,-1214.5809073827495,-824.9571231928683,120,24,False,-905.1101364351324,-1093.4617934243238,-824.9571231928683,-928.703317436296,-1214.5809073827495,-14064.698508091587,-6126.752545319108,-1587.5891925544959,52405,10481
459,24,11016,-9597.351387814431,-3942.814970689835,-1130.9072834249198,-5654.536417124599,-1352.1214582596622,-954.5075375164896,120,24,False,-1050.807932566781,-1218.99327992603,-954.5075375164896,-1078.1062088556364,-1352.1214582596622,-13927.388348815384,-6059.819234201929,-1573.513822922691,52525,10505
460,24,11040,-16481.415027944313,-7397.771264590755,-1816.728752670712,-9083.64376335356,-2141.2995106099743,-1544.6563184521765,120,24,False,-1686.6387817544187,-1932.9930088463532,-1544.6563184521765,-1778.0561436906364,-2141.2995106099743,-14407.83121753424,-6309.365487057,-1619.6931460954481,52645,10529
461,24,11064,-15144.982514200805,-6698.223279194043,-1689.3518470013526,-8446.759235006763,-2017.4490054170376,-1444.6528239964628,120,24,False,-1544.5070541313523,-1789.4574680840203,-1444.6528239964628,-1650.6928833778886,-2017.4490054170376,-14513.488506641568,-6363.173384278768,-1630.0630244725603,52765,10553
462,24,11088,-17138.04560305813,-7738.373524208932,-1879.9344157698392,-9399.672078849197,-2265.035290036954,-1597.8241990877334,120,24,False,-1735.1500733929636,-1987.0122631145557,-1597.8241990877334,-1814.6502532169893,-2265.035290036954,-14579.840254347979,-6401.822263902137,-1635.6035980891686,52885,10577
463,24,11112,-9184.03616065854,-3686.986199994423,-1099.4099921328234,-5497.049960664117,-1309.5596711908838,-931.4567509350268,120,24,False,-1004.8721072378554,-1193.4460519357235,-931.4567509350268,-1057.7153793646266,-1309.5596711908838,-14505.932628415612,-6366.1501276746385,-1627.9565001481947,53005,10601
464,24,11136,-11799.634003441206,-4864.348706975274,-1387.0570592931865,-6935.285296465932,-1636.0374048543658,-1180.1753747959267,120,24,False,-1267.4287941805164,-1495.9947644776655,-1180.1753747959267,-1355.648958157457,-1636.0374048543658,-14322.877242000503,-6264.4812718023995,-1611.6791940396204,53125,10625
465,24,11160,-11917.61011842209,-4906.689907701181,-1402.1840421441816,-7010.920210720908,-1645.1159817658845,-1178.4525670906548,120,24,False,-1281.351833425271,-1547.7279696837,-1178.4525670906548,-1358.2718587553968,-1645.1159817658845,-14207.855280694403,-6204.582298074698,-1600.6545965239409,53245,10649
466,24,11184,-11235.130306511364,-4530.525801982832,-1340.9209009057065,-6704.604504528533,-1635.272127508787,-1130.3636094018575,120,24,False,-1221.3999144252473,-1419.8287737654312,-1130.3636094018575,-1297.7400794272096,-1635.272127508787,-14024.517310488742,-6102.548918942573,-1584.3936783092338,53365,10673
467,24,11208,-16914.536464237877,-7596.122197226477,-1863.68285340228,-9318.414267011402,-2215.5347913341184,-1604.7858033885757,120,24,False,-1727.4248254379531,-1956.8358044572544,-1604.7858033885757,-1813.8330423934988,-2215.5347913341184,-14035.64870055618,-6108.714651837583,-1585.3868097437194,53485,10697
468,24,11232,-9779.809289181,-3893.9489123534527,-1177.1720753655093,-5885.860376827546,-1413.853926925172,-991.7661192686307,120,24,False,-1083.6292664166842,-1278.7746841558408,-991.7661192686307,-1117.8363800612185,-1413.853926925172,-13943.014313821153,-6060.081901867126,-1576.5864823908055,53605,10721
469,24,11256,-13261.380124019057,-5785.005503337476,-1495.2749241363158,-7476.374620681579,-1793.1244569931014,-1264.7091338289763,120,24,False,-1375.0162186313553,-1588.158441615578,-1264.7091338289763,-1455.3663696125673,-1793.1244569931014,-13584.42446411094,-5881.055633676939,-1540.6737660868007,53725,10745
470,24,11280,-17428.943000591575,-7863.238515945138,-1913.1408969292877,-9565.704484646438,-2334.2926274459896,-1596.6732058561372,120,24,False,-1727.7772483922668,-2067.631486130203,-1596.6732058561372,-1839.3299168218407,-2334.2926274459896,-13683.367034220815,-5931.428645192665,-1550.3876778056301,53845,10769
471,24,11304,-10889.098633779628,-4564.292031117583,-1264.961320532409,-6324.806602662045,-1515.637844691585,-1048.1866100912491,120,24,False,-1159.6984452896618,-1356.401092765449,-1048.1866100912491,-1244.8826098241009,-1515.637844691585,-13564.117798105246,-5870.6271445343245,-1538.6981307141843,53965,10793
472,24,11328,-20080.104074081966,-9192.50350471772,-2177.520113872849,-10887.600569364246,-2638.2251920041003,-1822.2529985302292,120,24,False,-1979.161462631309,-2324.8616763861046,-1822.2529985302292,-2123.099239812502,-2638.2251920041003,-13757.252114875886,-5968.428610406519,-1557.7647008938734,54085,10817
473,24,11352,-24519.77631351907,-11410.558269524665,-2621.8436087988803,-13109.218043994402,-3151.4100309909254,-2219.3847715268903,120,24,False,-2414.448924702187,-2779.028726901164,-2219.3847715268903,-2544.9455898732367,-3151.4100309909254,-14388.01769691532,-6286.152078950979,-1620.3731235928676,54205,10841
474,24,11376,-21130.382686711146,-9717.569888889397,-2282.562559564349,-11412.812797821744,-2681.89172044964,-1965.467928118443,120,24,False,-2103.861640068305,-2414.0678985927143,-1965.467928118443,-2247.523610592643,-2681.89172044964,-14724.676171562034,-6455.960709065267,-1653.743092499354,54325,10865
475,24,11400,-12477.24813347942,-5358.432228652362,-1423.7631809654115,-7118.815904827059,-1677.7875501135973,-1220.9783138934267,120,24,False,-1320.4046637008732,-1513.2352295691298,-1220.9783138934267,-1386.410147550032,-1677.7875501135973,-14410.482313637553,-6306.712536666064,-1620.7539553942975,54445,10889
476,24,11424,-17516.882330071057,-7866.944604745243,-1929.9875450651627,-9649.937725325814,-2278.815066560026,-1637.856710361738,120,24,False,-1787.3649157144152,-2048.6553054539377,-1637.856710361738,-1897.245727235696,-2278.815066560026,-14641.470306965766,-6421.169164381134,-1644.0602285169266,54565,10913
477,24,11448,-12891.235222985117,-5596.139090150966,-1459.0192265668302,-7295.096132834151,-1736.5207270238536,-1238.8555765696788,120,24,False,-1350.8030099859634,-1550.68054741759,-1238.8555765696788,-1418.2362718370655,-1736.5207270238536,-14376.929849446291,-6289.733535917223,-1617.439262705814,54685,10937
478,24,11472,-11802.1626622646,-4965.984279667047,-1367.2356765195104,-6836.178382597552,-1611.999609522919,-1162.3753921689822,120,24,False,-1267.7532449212906,-1467.89165041022,-1162.3753921689822,-1326.1584855741405,-1611.999609522919,-14559.488202848617,-6378.82363408324,-1636.1329137530759,54805,10961
479,24,11496,-8304.061486082546,-3253.837532480076,-1010.044790720494,-5050.223953602471,-1197.557322649669,-863.9337577781689,120,24,False,-926.6073786467766,-1095.0627369925803,-863.9337577781689,-967.0627575352754,-1197.557322649669,-14494.823707762025,-6344.374762172752,-1630.0897891178545,54925,10985
480,24,11520,-11762.540790746008,-4930.0593435998735,-1366.4962894292269,-6832.481447146134,-1603.0524220113216,-1169.254658782695,120,24,False,-1243.6290481521996,-1500.9175173677445,-1169.254658782695,-1315.6278008321735,-1603.0524220113216,-14258.879995902109,-6220.989166123209,-1607.5781659557802,55045,11009
481,24,11544,-12613.11014307606,-5440.083863276599,-1434.605255959892,-7173.02627979946,-1690.3505170340156,-1234.9987221914623,120,24,False,-1320.3668897810105,-1520.1232749595515,-1234.9987221914623,-1407.1868758334194,-1690.3505170340156,-14132.286377345872,-6158.082195327335,-1594.8408364037073,55165,11033
482,24,11568,-11058.452345267604,-4544.844909564795,-1302.7214871405615,-6513.607435702808,-1548.46778686786,-1110.7047150284077,120,24,False,-1189.0528909454367,-1401.4547657280325,-1110.7047150284077,-1263.9272771330718,-1548.46778686786,-13828.306714456345,-5998.405764595129,-1565.9801899722434,55285,11057
483,24,11592,-6176.738492517064,-1865.684729422976,-862.2107526188177,-4311.053763094088,-991.2445296161468,-725.2550601143457,120,24,False,-782.9685896682873,-991.2445296161468,-725.2550601143457,-826.9220332692615,-984.6635504260464,-13677.941831049273,-5907.340691066556,-1554.1202279965432,55405,11081
484,24,11616,-14099.02588922086,-6107.385250638173,-1598.3281277165374,-7991.640638582687,-1855.4539724883068,-1373.986786006888,120,24,False,-1494.561550515252,-1694.4682109961286,-1373.986786006888,-1573.170118576111,-1855.4539724883068,-13792.911425338254,-5969.492518249701,-1564.6837814177106,55525,11105
485,24,11640,-11323.15298779942,-4788.72442275864,-1306.885713008156,-6534.42856504078,-1562.3879341690558,-1105.4413308371634,120,24,False,-1192.4978394937243,-1394.8385535545478,-1105.4413308371634,-1279.2629069862885,-1562.3879341690558,-13763.188568807123,-5963.594244002575,-1559.9188649609093,55645,11129
486,24,11664,-9342.909191560995,-3505.9574057948407,-1167.3903571532314,-5836.951785766157,-1376.1192147710435,-1001.33743823054,120,24,False,-1054.188218438558,-1285.6600320155387,-1001.33743823054,-1119.646882310476,-1376.1192147710435,-13668.577513059605,-5912.365824193175,-1551.2423377732855,55765,11153
487,24,11688,-8477.495091041785,-3389.4548562790897,-1017.608046952539,-5088.040234762695,-1223.7619050155306,-867.786431213274,120,24,False,-946.2724535912186,-1082.4239194417748,-867.786431213274,-967.7955255008962,-1223.7619050155306,-13246.725444399799,-5702.032457145806,-1508.9385974507984,55885,11177
488,24,11712,-16527.083136976595,-7411.916394104968,-1823.0333485743256,-9115.166742871628,-2159.643783032261,-1572.372260887888,120,24,False,-1683.4539291625413,-1928.5286688894223,-1572.372260887888,-1771.1681008995158,-2159.643783032261,-13584.089136789578,-5877.9308312333815,-1541.2316611112394,56005,11201
489,24,11736,-8190.057717436277,-2821.884843687425,-1073.6345747497703,-5368.172873748853,-1257.9129644141942,-872.6293048203057,120,24,False,-963.051165543338,-1257.9129644141942,-872.6293048203057,-1025.0125901705765,-1249.5668488004385,-13330.52301646044,-5729.774798250879,-1520.149643641912,56125,11225
490,24,11760,-11464.373365337971,-4707.691714638731,-1351.3363301398483,-6756.681650699242,-1593.3847104545189,-1143.5562389434697,120,24,False,-1252.8143604507534,-1442.8939490165594,-1143.5562389434697,-1324.0323918339411,-1593.3847104545189,-13032.29453469776,-5571.997458185559,-1492.0594153024401,56245,11249
491,24,11784,-11885.150792688975,-5053.6306510802815,-1366.304028321739,-6831.520141608695,-1614.4413255728796,-1165.0585078073411,120,24,False,-1260.877985837877,-1447.0438042239389,-1165.0585078073411,-1344.0985181666586,-1614.4413255728796,-13082.097142643226,-5596.464389183694,-1497.1265506919067,56365,11273
492,24,11808,-19957.60041739203,-9152.110948211935,-2161.0978938360186,-10805.489469180093,-2536.474160945054,-1855.6464649032232,120,24,False,-2006.366631656052,-2279.0705471606243,-1855.6464649032232,-2127.931664515139,-2536.474160945054,-13075.97195980873,-5594.444761358404,-1496.305439690065,56485,11297
493,24,11832,-10530.675466871771,-4031.8964487678527,-1299.7558036207845,-6498.779018103921,-1517.9774641396425,-1099.017864368541,120,24,False,-1168.48038772025,-1499.4338170935623,-1099.017864368541,-1213.869484781924,-1517.9774641396425,-12376.516917476365,-5225.511670320563,-1430.2010494311603,56605,11321
494,24,11856,-13597.324693849025,-5955.914904830773,-1528.28195780365,-7641.409789018249,-1841.1538542778471,-1290.7802358029903,120,24,False,-1400.4619806336427,-1649.6640140638494,-1290.7802358029903,-1459.3497042399194,-1841.1538542778471,-11999.864017833259,-5037.428921117632,-1392.4870193431252,56725,11345
495,24,11880,-10917.88789954638,-4481.077057071136,-1287.362168495049,-6436.8108424752445,-1554.0203207262464,-1085.603334785273,120,24,False,-1163.3344690909353,-1382.4442913553655,-1085.603334785273,-1251.408426517423,-1554.0203207262464,-11921.896006136607,-4993.561162538571,-1385.6669687196072,56845,11369
496,24,11904,-11558.242940385951,-4924.756329451237,-1326.6973221869432,-6633.486610934716,-1571.2942759243676,-1140.9333683974223,120,24,False,-1229.596976013176,-1406.1669243093877,-1140.9333683974223,-1285.4950662903625,-1571.2942759243676,-11623.96403665235,-4846.451748773871,-1355.5024575756963,56965,11393
497,24,11928,-7308.81558399807,-2489.3458986367145,-963.8939370722712,-4819.469685361356,-1152.5639108886696,-801.1830843956897,120,24,False,-870.1753725319938,-1086.197938286519,-801.1830843956897,-909.3493792584842,-1152.5639108886696,-11344.843054702998,-4691.112089198157,-1330.7461931009682,57085,11417
498,24,11952,-10979.54331381118,-4628.647658602421,-1270.179131041752,-6350.89565520876,-1495.5358721262896,-1071.663264200284,120,24,False,-1156.3689597131888,-1394.2882952173052,-1071.663264200284,-1233.039263951693,-1495.5358721262896,-11303.712087280328,-4674.245258144927,-1325.8933658270803,57205,11441
499,24,11976,-19792.206190858426,-9032.45968001536,-2151.949302168613,-10759.746510843066,-2530.3899835218317,-1841.5125801065908,120,24,False,-1999.5179487302532,-2264.116175957956,-1841.5125801065908,-2124.209822526436,-2530.3899835218317,-11878.119322519124,-4963.176365521691,-1382.9885913994863,57325,11465
500,24,12000,-13405.506048574289,-5840.243259802423,-1513.0525577543733,-7565.262788771866,-1805.660644297047,-1284.3135130113096,120,24,False,-1392.8810276276208,-1613.6791307252415,-1284.3135130113096,-1468.7284731106472,-1805.660644297047,-11960.267585410536,-5008.6855613318185,-1390.3164048157437,57445,11489
