timestamp,ghi_w_m2,dni_w_m2,dhi_w_m2,temperature_c,wind_speed_m_s
2022-01-01 00:00:00,0.0,0.0,0.0,4.2,2.9000000000000004
2022-01-01 01:00:00,0.0,0.0,0.0,3.8,2.8000000000000003
2022-01-01 02:00:00,0.0,0.0,0.0,3.5,2.8000000000000003
2022-01-01 03:00:00,0.0,0.0,0.0,3.3000000000000003,2.6
2022-01-01 04:00:00,0.0,0.0,0.0,3.1,2.6
2022-01-01 05:00:00,0.0,0.0,0.0,2.9000000000000004,2.6
2022-01-01 06:00:00,0.0,0.0,0.0,2.8000000000000003,2.5
2022-01-01 07:00:00,0.0,0.0,0.0,3.9,2.5
2022-01-01 08:00:00,158.0,691.0,38.0,7.2,3.4000000000000004
2022-01-01 09:00:00,335.0,858.0,52.0,9.4,4.3
2022-01-01 10:00:00,479.0,922.0,66.0,11.1,4.4
2022-01-01 11:00:00,570.0,958.0,71.0,12.5,3.8
2022-01-01 12:00:00,599.0,967.0,73.0,13.4,3.0
2022-01-01 13:00:00,545.0,756.0,156.0,13.8,2.2
2022-01-01 14:00:00,440.0,671.0,148.0,13.7,1.6
2022-01-01 15:00:00,305.0,780.0,61.0,12.8,0.6000000000000001
2022-01-01 16:00:00,127.0,559.0,41.0,9.9,0.3
2022-01-01 17:00:00,0.0,0.0,0.0,7.9,0.6000000000000001
2022-01-01 18:00:00,0.0,0.0,0.0,6.800000000000001,0.9
2022-01-01 19:00:00,0.0,0.0,0.0,6.1000000000000005,1.3
2022-01-01 20:00:00,0.0,0.0,0.0,5.5,1.8
2022-01-01 21:00:00,0.0,0.0,0.0,5.1000000000000005,2.2
2022-01-01 22:00:00,0.0,0.0,0.0,4.7,2.5
2022-01-01 23:00:00,0.0,0.0,0.0,4.4,2.7
2022-01-02 00:00:00,0.0,0.0,0.0,4.1000000000000005,2.7
2022-01-02 01:00:00,0.0,0.0,0.0,3.8,2.7
2022-01-02 02:00:00,0.0,0.0,0.0,3.6,2.7
2022-01-02 03:00:00,0.0,0.0,0.0,3.3000000000000003,2.7
2022-01-02 04:00:00,0.0,0.0,0.0,3.0,2.8000000000000003
2022-01-02 05:00:00,0.0,0.0,0.0,2.8000000000000003,2.8000000000000003
2022-01-02 06:00:00,0.0,0.0,0.0,2.6,2.9000000000000004
2022-01-02 07:00:00,0.0,0.0,0.0,3.8,3.1
2022-01-02 08:00:00,155.0,657.0,40.0,6.9,4.2
2022-01-02 09:00:00,334.0,844.0,56.0,9.4,4.0
2022-01-02 10:00:00,479.0,927.0,64.0,12.1,3.1
2022-01-02 11:00:00,571.0,965.0,68.0,13.9,2.1
2022-01-02 12:00:00,601.0,976.0,69.0,15.0,1.3
2022-01-02 13:00:00,564.0,961.0,68.0,15.6,0.6000000000000001
2022-01-02 14:00:00,466.0,919.0,64.0,15.5,0.7000000000000001
2022-01-02 15:00:00,315.0,827.0,55.0,14.4,1.0
2022-01-02 16:00:00,134.0,620.0,38.0,11.3,1.0
2022-01-02 17:00:00,0.0,0.0,0.0,8.700000000000001,1.1
2022-01-02 18:00:00,0.0,0.0,0.0,7.4,1.3
2022-01-02 19:00:00,0.0,0.0,0.0,6.6000000000000005,1.6
2022-01-02 20:00:00,0.0,0.0,0.0,6.0,1.9
2022-01-02 21:00:00,0.0,0.0,0.0,5.6000000000000005,2.1
2022-01-02 22:00:00,0.0,0.0,0.0,5.300000000000001,2.1
2022-01-02 23:00:00,0.0,0.0,0.0,5.2,1.9
2022-01-03 00:00:00,0.0,0.0,0.0,5.300000000000001,1.5
2022-01-03 01:00:00,0.0,0.0,0.0,5.4,1.4
2022-01-03 02:00:00,0.0,0.0,0.0,5.4,1.4
2022-01-03 03:00:00,0.0,0.0,0.0,5.4,1.3
2022-01-03 04:00:00,0.0,0.0,0.0,5.4,1.2000000000000002
2022-01-03 05:00:00,0.0,0.0,0.0,5.4,1.1
2022-01-03 06:00:00,0.0,0.0,0.0,5.5,1.0
2022-01-03 07:00:00,0.0,0.0,0.0,6.6000000000000005,0.7000000000000001
2022-01-03 08:00:00,150.0,617.0,43.0,9.8,0.5
2022-01-03 09:00:00,325.0,798.0,62.0,12.1,0.3
2022-01-03 10:00:00,473.0,906.0,67.0,13.9,1.5
2022-01-03 11:00:00,566.0,944.0,72.0,15.0,1.9
2022-01-03 12:00:00,595.0,954.0,74.0,15.5,2.4000000000000004
2022-01-03 13:00:00,559.0,938.0,74.0,15.5,2.7
2022-01-03 14:00:00,462.0,894.0,69.0,14.9,2.7
2022-01-03 15:00:00,310.0,791.0,60.0,13.4,2.4000000000000004
2022-01-03 16:00:00,107.0,154.0,83.0,10.1,1.7000000000000002
2022-01-03 17:00:00,0.0,0.0,0.0,8.8,1.4
2022-01-03 18:00:00,0.0,0.0,0.0,8.9,0.9
2022-01-03 19:00:00,0.0,0.0,0.0,8.9,0.6000000000000001
2022-01-03 20:00:00,0.0,0.0,0.0,8.5,0.5
2022-01-03 21:00:00,0.0,0.0,0.0,8.0,0.7000000000000001
2022-01-03 22:00:00,0.0,0.0,0.0,7.7,0.9
2022-01-03 23:00:00,0.0,0.0,0.0,7.6,0.9
2022-01-04 00:00:00,0.0,0.0,0.0,7.6,0.7000000000000001
2022-01-04 01:00:00,0.0,0.0,0.0,7.7,0.6000000000000001
2022-01-04 02:00:00,0.0,0.0,0.0,7.5,0.6000000000000001
2022-01-04 03:00:00,0.0,0.0,0.0,7.2,0.6000000000000001
2022-01-04 04:00:00,0.0,0.0,0.0,6.800000000000001,0.8
2022-01-04 05:00:00,0.0,0.0,0.0,6.5,0.9
2022-01-04 06:00:00,0.0,0.0,0.0,6.0,1.1
2022-01-04 07:00:00,0.0,0.0,0.0,6.4,1.1
2022-01-04 08:00:00,143.0,585.0,41.0,9.2,1.7000000000000002
2022-01-04 09:00:00,318.0,789.0,58.0,11.4,1.8
2022-01-04 10:00:00,462.0,884.0,64.0,13.7,1.7000000000000002
2022-01-04 11:00:00,552.0,923.0,69.0,15.4,1.8
2022-01-04 12:00:00,582.0,933.0,71.0,16.5,1.8
2022-01-04 13:00:00,547.0,920.0,69.0,17.1,2.1
2022-01-04 14:00:00,452.0,875.0,65.0,16.900000000000002,2.3000000000000003
2022-01-04 15:00:00,308.0,788.0,56.0,15.7,2.2
2022-01-04 16:00:00,133.0,585.0,39.0,12.5,1.8
2022-01-04 17:00:00,0.0,0.0,0.0,10.4,1.7000000000000002
2022-01-04 18:00:00,0.0,0.0,0.0,9.3,1.6
2022-01-04 19:00:00,0.0,0.0,0.0,8.6,1.7000000000000002
2022-01-04 20:00:00,0.0,0.0,0.0,8.200000000000001,1.7000000000000002
2022-01-04 21:00:00,0.0,0.0,0.0,8.0,1.9
2022-01-04 22:00:00,0.0,0.0,0.0,7.9,2.0
2022-01-04 23:00:00,0.0,0.0,0.0,7.7,2.1
2022-01-05 00:00:00,0.0,0.0,0.0,7.7,2.4000000000000004
2022-01-05 01:00:00,0.0,0.0,0.0,7.6,2.8000000000000003
2022-01-05 02:00:00,0.0,0.0,0.0,7.300000000000001,3.1
2022-01-05 03:00:00,0.0,0.0,0.0,7.0,3.4000000000000004
2022-01-05 04:00:00,0.0,0.0,0.0,6.800000000000001,3.5
2022-01-05 05:00:00,0.0,0.0,0.0,6.6000000000000005,3.6
2022-01-05 06:00:00,0.0,0.0,0.0,6.300000000000001,3.6
2022-01-05 07:00:00,0.0,0.0,0.0,7.1000000000000005,3.9
2022-01-05 08:00:00,148.0,622.0,40.0,9.9,4.6000000000000005
2022-01-05 09:00:00,323.0,809.0,56.0,13.0,4.2
2022-01-05 10:00:00,467.0,890.0,66.0,15.9,3.5
2022-01-05 11:00:00,556.0,924.0,70.0,18.1,3.1
2022-01-05 12:00:00,588.0,937.0,73.0,19.6,2.6
2022-01-05 13:00:00,550.0,908.0,76.0,20.200000000000003,1.7000000000000002
2022-01-05 14:00:00,453.0,856.0,73.0,19.200000000000003,0.8
2022-01-05 15:00:00,307.0,755.0,63.0,17.0,0.7000000000000001
2022-01-05 16:00:00,132.0,546.0,43.0,14.4,0.9
2022-01-05 17:00:00,0.0,0.0,0.0,12.9,1.3
2022-01-05 18:00:00,0.0,0.0,0.0,12.1,1.6
2022-01-05 19:00:00,0.0,0.0,0.0,11.5,1.9
2022-01-05 20:00:00,0.0,0.0,0.0,11.1,2.0
2022-01-05 21:00:00,0.0,0.0,0.0,10.8,2.0
2022-01-05 22:00:00,0.0,0.0,0.0,10.7,1.8
2022-01-05 23:00:00,0.0,0.0,0.0,10.6,1.7000000000000002
2022-01-06 00:00:00,0.0,0.0,0.0,10.6,1.7000000000000002
2022-01-06 01:00:00,0.0,0.0,0.0,10.5,1.7000000000000002
2022-01-06 02:00:00,0.0,0.0,0.0,10.5,1.7000000000000002
2022-01-06 03:00:00,0.0,0.0,0.0,10.4,1.7000000000000002
2022-01-06 04:00:00,0.0,0.0,0.0,10.4,1.7000000000000002
2022-01-06 05:00:00,0.0,0.0,0.0,10.6,1.6
2022-01-06 06:00:00,0.0,0.0,0.0,10.6,1.4
2022-01-06 07:00:00,0.0,0.0,0.0,11.4,1.3
2022-01-06 08:00:00,144.0,598.0,40.0,14.8,1.6
2022-01-06 09:00:00,317.0,785.0,57.0,17.2,1.8
2022-01-06 10:00:00,462.0,878.0,66.0,19.5,1.1
2022-01-06 11:00:00,553.0,915.0,71.0,21.1,0.9
2022-01-06 12:00:00,583.0,923.0,74.0,21.6,1.4
2022-01-06 13:00:00,551.0,920.0,69.0,21.5,1.7000000000000002
2022-01-06 14:00:00,456.0,875.0,65.0,20.9,1.7000000000000002
2022-01-06 15:00:00,313.0,789.0,57.0,19.4,1.3
2022-01-06 16:00:00,137.0,588.0,40.0,16.2,0.9
2022-01-06 17:00:00,0.0,0.0,0.0,14.9,0.8
2022-01-06 18:00:00,0.0,0.0,0.0,14.8,0.6000000000000001
2022-01-06 19:00:00,0.0,0.0,0.0,14.9,0.5
2022-01-06 20:00:00,0.0,0.0,0.0,14.9,0.3
2022-01-06 21:00:00,0.0,0.0,0.0,14.6,0.3
2022-01-06 22:00:00,0.0,0.0,0.0,13.6,0.5
2022-01-06 23:00:00,0.0,0.0,0.0,12.8,0.6000000000000001
2022-01-07 00:00:00,0.0,0.0,0.0,12.2,0.6000000000000001
2022-01-07 01:00:00,0.0,0.0,0.0,11.5,0.9
2022-01-07 02:00:00,0.0,0.0,0.0,10.8,1.2000000000000002
2022-01-07 03:00:00,0.0,0.0,0.0,10.4,1.4
2022-01-07 04:00:00,0.0,0.0,0.0,10.3,1.4
2022-01-07 05:00:00,0.0,0.0,0.0,10.1,1.4
2022-01-07 06:00:00,0.0,0.0,0.0,9.7,1.3
2022-01-07 07:00:00,0.0,0.0,0.0,9.8,1.4
2022-01-07 08:00:00,144.0,566.0,45.0,12.0,1.9
2022-01-07 09:00:00,317.0,751.0,68.0,13.6,2.0
2022-01-07 10:00:00,463.0,851.0,78.0,15.2,2.0
2022-01-07 11:00:00,555.0,892.0,84.0,15.9,2.2
2022-01-07 12:00:00,586.0,905.0,86.0,16.3,2.4000000000000004
2022-01-07 13:00:00,547.0,860.0,94.0,16.1,2.4000000000000004
2022-01-07 14:00:00,450.0,803.0,89.0,15.5,2.2
2022-01-07 15:00:00,305.0,696.0,77.0,14.3,1.8
2022-01-07 16:00:00,130.0,451.0,54.0,12.4,1.1
2022-01-07 17:00:00,0.0,0.0,0.0,11.1,0.9
2022-01-07 18:00:00,0.0,0.0,0.0,10.6,0.7000000000000001
2022-01-07 19:00:00,0.0,0.0,0.0,10.4,0.5
2022-01-07 20:00:00,0.0,0.0,0.0,10.3,0.3
2022-01-07 21:00:00,0.0,0.0,0.0,10.1,0.5
2022-01-07 22:00:00,0.0,0.0,0.0,10.0,0.6000000000000001
2022-01-07 23:00:00,0.0,0.0,0.0,10.0,0.6000000000000001
2022-01-08 00:00:00,0.0,0.0,0.0,9.7,0.7000000000000001
2022-01-08 01:00:00,0.0,0.0,0.0,9.4,1.0
2022-01-08 02:00:00,0.0,0.0,0.0,9.2,1.1
2022-01-08 03:00:00,0.0,0.0,0.0,8.9,1.1
2022-01-08 04:00:00,0.0,0.0,0.0,8.3,0.8
2022-01-08 05:00:00,0.0,0.0,0.0,7.6,0.8
2022-01-08 06:00:00,0.0,0.0,0.0,7.1000000000000005,0.8
2022-01-08 07:00:00,0.0,0.0,0.0,7.800000000000001,0.9
2022-01-08 08:00:00,79.0,2.0,79.0,9.8,1.8
2022-01-08 09:00:00,328.0,783.0,68.0,11.6,2.0
2022-01-08 10:00:00,474.0,878.0,75.0,13.5,1.9
2022-01-08 11:00:00,568.0,922.0,80.0,15.1,1.3
2022-01-08 12:00:00,601.0,937.0,81.0,16.2,0.7000000000000001
2022-01-08 13:00:00,426.0,220.0,309.0,16.8,0.3
2022-01-08 14:00:00,471.0,884.0,71.0,16.7,0.2
2022-01-08 15:00:00,324.0,794.0,62.0,15.7,0.9
2022-01-08 16:00:00,144.0,587.0,43.0,13.0,1.1
2022-01-08 17:00:00,0.0,0.0,0.0,11.2,1.0
2022-01-08 18:00:00,0.0,0.0,0.0,10.0,0.8
2022-01-08 19:00:00,0.0,0.0,0.0,9.2,0.6000000000000001
2022-01-08 20:00:00,0.0,0.0,0.0,8.6,0.5
2022-01-08 21:00:00,0.0,0.0,0.0,8.1,0.6000000000000001
2022-01-08 22:00:00,0.0,0.0,0.0,7.5,0.9
2022-01-08 23:00:00,0.0,0.0,0.0,7.2,1.2000000000000002
2022-01-09 00:00:00,0.0,0.0,0.0,6.9,1.5
2022-01-09 01:00:00,0.0,0.0,0.0,6.800000000000001,1.8
2022-01-09 02:00:00,0.0,0.0,0.0,6.9,2.4000000000000004
2022-01-09 03:00:00,0.0,0.0,0.0,7.1000000000000005,3.1
2022-01-09 04:00:00,0.0,0.0,0.0,7.1000000000000005,3.6
2022-01-09 05:00:00,0.0,0.0,0.0,7.0,3.9
2022-01-09 06:00:00,0.0,0.0,0.0,6.9,4.3
2022-01-09 07:00:00,0.0,0.0,0.0,7.9,4.800000000000001
2022-01-09 08:00:00,155.0,654.0,41.0,10.6,5.2
2022-01-09 09:00:00,338.0,845.0,56.0,13.6,4.800000000000001
2022-01-09 10:00:00,487.0,930.0,64.0,16.400000000000002,4.5
2022-01-09 11:00:00,582.0,968.0,68.0,18.3,4.0
2022-01-09 12:00:00,611.0,970.0,70.0,19.3,3.4000000000000004
2022-01-09 13:00:00,577.0,955.0,70.0,19.8,2.8000000000000003
2022-01-09 14:00:00,478.0,906.0,66.0,19.6,2.1
2022-01-09 15:00:00,328.0,810.0,58.0,18.2,0.8
2022-01-09 16:00:00,148.0,612.0,42.0,14.9,0.4
2022-01-09 17:00:00,0.0,0.0,0.0,12.9,0.8
2022-01-09 18:00:00,0.0,0.0,0.0,12.1,1.5
2022-01-09 19:00:00,0.0,0.0,0.0,11.3,2.0
2022-01-09 20:00:00,0.0,0.0,0.0,10.6,2.2
2022-01-09 21:00:00,0.0,0.0,0.0,10.2,2.3000000000000003
2022-01-09 22:00:00,0.0,0.0,0.0,9.9,2.3000000000000003
2022-01-09 23:00:00,0.0,0.0,0.0,9.5,2.4000000000000004
2022-01-10 00:00:00,0.0,0.0,0.0,9.1,2.7
2022-01-10 01:00:00,0.0,0.0,0.0,8.700000000000001,3.1
2022-01-10 02:00:00,0.0,0.0,0.0,8.5,3.4000000000000004
2022-01-10 03:00:00,0.0,0.0,0.0,8.5,3.7
2022-01-10 04:00:00,0.0,0.0,0.0,8.9,4.0
2022-01-10 05:00:00,0.0,0.0,0.0,9.1,4.1000000000000005
2022-01-10 06:00:00,0.0,0.0,0.0,9.2,4.1000000000000005
2022-01-10 07:00:00,0.0,0.0,0.0,9.7,4.2
2022-01-10 08:00:00,103.0,51.0,95.0,11.2,4.5
2022-01-10 09:00:00,185.0,71.0,161.0,13.3,4.7
2022-01-10 10:00:00,315.0,161.0,242.0,15.6,4.2
2022-01-10 11:00:00,367.0,166.0,279.0,17.5,3.8
2022-01-10 12:00:00,466.0,378.0,255.0,18.5,3.1
2022-01-10 13:00:00,515.0,634.0,177.0,18.8,2.6
2022-01-10 14:00:00,343.0,262.0,223.0,18.0,1.8
2022-01-10 15:00:00,298.0,531.0,120.0,16.6,1.4
2022-01-10 16:00:00,115.0,104.0,97.0,14.2,1.6
2022-01-10 17:00:00,0.0,0.0,0.0,12.5,2.1
2022-01-10 18:00:00,0.0,0.0,0.0,11.6,2.8000000000000003
2022-01-10 19:00:00,0.0,0.0,0.0,10.9,3.4000000000000004
2022-01-10 20:00:00,0.0,0.0,0.0,10.5,3.9
2022-01-10 21:00:00,0.0,0.0,0.0,10.4,4.0
2022-01-10 22:00:00,0.0,0.0,0.0,10.4,4.0
2022-01-10 23:00:00,0.0,0.0,0.0,10.0,4.0
2022-01-11 00:00:00,0.0,0.0,0.0,9.3,4.2
2022-01-11 01:00:00,0.0,0.0,0.0,9.1,4.3
2022-01-11 02:00:00,0.0,0.0,0.0,9.0,4.3
2022-01-11 03:00:00,0.0,0.0,0.0,8.700000000000001,4.0
2022-01-11 04:00:00,0.0,0.0,0.0,8.6,4.2
2022-01-11 05:00:00,0.0,0.0,0.0,8.8,4.5
2022-01-11 06:00:00,0.0,0.0,0.0,8.9,4.6000000000000005
2022-01-11 07:00:00,0.0,0.0,0.0,10.0,4.800000000000001
2022-01-11 08:00:00,156.0,653.0,41.0,12.6,5.300000000000001
2022-01-11 09:00:00,339.0,843.0,57.0,15.1,5.0
2022-01-11 10:00:00,489.0,928.0,65.0,17.5,4.6000000000000005
2022-01-11 11:00:00,587.0,967.0,69.0,19.200000000000003,3.8
2022-01-11 12:00:00,620.0,979.0,71.0,20.3,3.2
2022-01-11 13:00:00,588.0,968.0,69.0,21.0,2.6
2022-01-11 14:00:00,492.0,928.0,66.0,20.9,2.3000000000000003
2022-01-11 15:00:00,344.0,846.0,57.0,19.200000000000003,1.6
2022-01-11 16:00:00,161.0,662.0,41.0,15.2,1.5
2022-01-11 17:00:00,0.0,0.0,0.0,12.4,1.8
2022-01-11 18:00:00,0.0,0.0,0.0,11.3,2.3000000000000003
2022-01-11 19:00:00,0.0,0.0,0.0,10.5,2.9000000000000004
2022-01-11 20:00:00,0.0,0.0,0.0,10.0,3.3000000000000003
2022-01-11 21:00:00,0.0,0.0,0.0,9.7,3.4000000000000004
2022-01-11 22:00:00,0.0,0.0,0.0,9.4,3.3000000000000003
2022-01-11 23:00:00,0.0,0.0,0.0,9.3,3.2
2022-01-12 00:00:00,0.0,0.0,0.0,9.1,3.0
2022-01-12 01:00:00,0.0,0.0,0.0,8.8,2.8000000000000003
2022-01-12 02:00:00,0.0,0.0,0.0,8.6,2.8000000000000003
2022-01-12 03:00:00,0.0,0.0,0.0,8.5,2.9000000000000004
2022-01-12 04:00:00,0.0,0.0,0.0,8.4,3.0
2022-01-12 05:00:00,0.0,0.0,0.0,8.3,3.1
2022-01-12 06:00:00,0.0,0.0,0.0,8.3,3.1
2022-01-12 07:00:00,0.0,0.0,0.0,9.9,3.2
2022-01-12 08:00:00,107.0,61.0,96.0,13.5,3.8
2022-01-12 09:00:00,234.0,177.0,175.0,16.1,4.0
2022-01-12 10:00:00,366.0,342.0,209.0,18.6,3.6
2022-01-12 11:00:00,493.0,615.0,163.0,20.8,2.8000000000000003
2022-01-12 12:00:00,587.0,731.0,175.0,22.1,1.6
2022-01-12 13:00:00,433.0,355.0,242.0,22.1,0.7000000000000001
2022-01-12 14:00:00,240.0,47.0,218.0,21.6,0.2
2022-01-12 15:00:00,306.0,517.0,130.0,19.700000000000003,0.2
2022-01-12 16:00:00,123.0,135.0,98.0,17.3,0.6000000000000001
2022-01-12 17:00:00,0.0,0.0,0.0,15.5,0.9
2022-01-12 18:00:00,0.0,0.0,0.0,14.8,1.1
2022-01-12 19:00:00,0.0,0.0,0.0,14.1,1.3
2022-01-12 20:00:00,0.0,0.0,0.0,13.6,1.5
2022-01-12 21:00:00,0.0,0.0,0.0,13.4,1.5
2022-01-12 22:00:00,0.0,0.0,0.0,13.2,1.5
2022-01-12 23:00:00,0.0,0.0,0.0,13.1,1.5
2022-01-13 00:00:00,0.0,0.0,0.0,13.1,1.5
2022-01-13 01:00:00,0.0,0.0,0.0,12.9,1.5
2022-01-13 02:00:00,0.0,0.0,0.0,12.6,1.5
2022-01-13 03:00:00,0.0,0.0,0.0,12.5,1.5
2022-01-13 04:00:00,0.0,0.0,0.0,12.5,1.5
2022-01-13 05:00:00,0.0,0.0,0.0,12.7,1.5
2022-01-13 06:00:00,0.0,0.0,0.0,12.9,1.5
2022-01-13 07:00:00,0.0,0.0,0.0,13.1,1.4
2022-01-13 08:00:00,101.0,45.0,93.0,13.9,1.3
2022-01-13 09:00:00,179.0,49.0,163.0,16.2,1.6
2022-01-13 10:00:00,9.0,0.0,9.0,18.2,1.7000000000000002
2022-01-13 11:00:00,274.0,45.0,250.0,19.1,1.3
2022-01-13 12:00:00,358.0,175.0,259.0,19.8,1.2000000000000002
2022-01-13 13:00:00,116.0,1.0,115.0,20.0,1.8
2022-01-13 14:00:00,29.0,0.0,29.0,18.7,1.8
2022-01-13 15:00:00,225.0,149.0,174.0,16.3,1.0
2022-01-13 16:00:00,46.0,1.0,46.0,15.7,0.7000000000000001
2022-01-13 17:00:00,0.0,0.0,0.0,15.3,0.7000000000000001
2022-01-13 18:00:00,0.0,0.0,0.0,15.0,0.7000000000000001
2022-01-13 19:00:00,0.0,0.0,0.0,14.5,0.5
2022-01-13 20:00:00,0.0,0.0,0.0,14.4,0.5
2022-01-13 21:00:00,0.0,0.0,0.0,14.5,0.4
2022-01-13 22:00:00,0.0,0.0,0.0,14.7,0.4
2022-01-13 23:00:00,0.0,0.0,0.0,14.6,0.3
2022-01-14 00:00:00,0.0,0.0,0.0,14.1,0.3
2022-01-14 01:00:00,0.0,0.0,0.0,13.3,0.2
2022-01-14 02:00:00,0.0,0.0,0.0,13.2,0.2
2022-01-14 03:00:00,0.0,0.0,0.0,13.5,0.1
2022-01-14 04:00:00,0.0,0.0,0.0,13.3,0.4
2022-01-14 05:00:00,0.0,0.0,0.0,12.7,0.9
2022-01-14 06:00:00,0.0,0.0,0.0,11.7,1.2000000000000002
2022-01-14 07:00:00,0.0,0.0,0.0,12.1,1.3
2022-01-14 08:00:00,140.0,495.0,51.0,14.3,1.8
2022-01-14 09:00:00,282.0,321.0,173.0,16.3,2.4000000000000004
2022-01-14 10:00:00,444.0,601.0,166.0,18.2,2.8000000000000003
2022-01-14 11:00:00,567.0,885.0,88.0,19.6,3.2
2022-01-14 12:00:00,587.0,716.0,180.0,20.5,3.2
2022-01-14 13:00:00,560.0,721.0,168.0,20.9,2.9000000000000004
2022-01-14 14:00:00,489.0,885.0,74.0,20.5,2.1
2022-01-14 15:00:00,302.0,479.0,135.0,18.7,1.2000000000000002
2022-01-14 16:00:00,136.0,225.0,93.0,16.3,1.1
2022-01-14 17:00:00,0.0,0.0,0.0,14.7,1.5
2022-01-14 18:00:00,0.0,0.0,0.0,14.0,1.9
2022-01-14 19:00:00,0.0,0.0,0.0,13.6,2.3000000000000003
2022-01-14 20:00:00,0.0,0.0,0.0,13.5,2.8000000000000003
2022-01-14 21:00:00,0.0,0.0,0.0,13.4,3.1
2022-01-14 22:00:00,0.0,0.0,0.0,13.3,3.2
2022-01-14 23:00:00,0.0,0.0,0.0,13.1,3.2
2022-01-15 00:00:00,0.0,0.0,0.0,12.8,3.4000000000000004
2022-01-15 01:00:00,0.0,0.0,0.0,12.3,3.4000000000000004
2022-01-15 02:00:00,0.0,0.0,0.0,12.0,3.6
2022-01-15 03:00:00,0.0,0.0,0.0,11.9,3.6
2022-01-15 04:00:00,0.0,0.0,0.0,11.8,3.3000000000000003
2022-01-15 05:00:00,0.0,0.0,0.0,11.9,3.1
2022-01-15 06:00:00,0.0,0.0,0.0,11.9,2.5
2022-01-15 07:00:00,0.0,0.0,0.0,12.0,2.1
2022-01-15 08:00:00,110.0,81.0,96.0,12.4,1.9
2022-01-15 09:00:00,8.0,0.0,8.0,13.2,1.7000000000000002
2022-01-15 10:00:00,114.0,4.0,112.0,14.2,1.7000000000000002
2022-01-15 11:00:00,170.0,9.0,165.0,15.2,1.5
2022-01-15 12:00:00,14.0,0.0,14.0,16.1,1.3
2022-01-15 13:00:00,177.0,9.0,172.0,16.7,1.1
2022-01-15 14:00:00,264.0,99.0,217.0,17.1,1.1
2022-01-15 15:00:00,91.0,4.0,90.0,16.7,0.9
2022-01-15 16:00:00,3.0,0.0,3.0,15.1,0.9
2022-01-15 17:00:00,0.0,0.0,0.0,14.1,0.9
2022-01-15 18:00:00,0.0,0.0,0.0,13.9,0.8
2022-01-15 19:00:00,0.0,0.0,0.0,13.6,0.9
2022-01-15 20:00:00,0.0,0.0,0.0,13.2,1.2000000000000002
2022-01-15 21:00:00,0.0,0.0,0.0,12.7,1.3
2022-01-15 22:00:00,0.0,0.0,0.0,12.4,1.5
2022-01-15 23:00:00,0.0,0.0,0.0,12.2,1.6
2022-01-16 00:00:00,0.0,0.0,0.0,12.0,1.7000000000000002
2022-01-16 01:00:00,0.0,0.0,0.0,11.9,1.7000000000000002
2022-01-16 02:00:00,0.0,0.0,0.0,11.8,1.7000000000000002
2022-01-16 03:00:00,0.0,0.0,0.0,11.7,1.7000000000000002
2022-01-16 04:00:00,0.0,0.0,0.0,11.5,1.7000000000000002
2022-01-16 05:00:00,0.0,0.0,0.0,11.4,1.6
2022-01-16 06:00:00,0.0,0.0,0.0,11.3,1.5
2022-01-16 07:00:00,0.0,0.0,0.0,12.5,1.3
2022-01-16 08:00:00,144.0,530.0,48.0,15.6,1.4
2022-01-16 09:00:00,318.0,724.0,70.0,17.6,1.6
2022-01-16 10:00:00,435.0,597.0,156.0,18.8,1.6
2022-01-16 11:00:00,453.0,453.0,205.0,19.5,1.5
2022-01-16 12:00:00,416.0,277.0,257.0,20.1,1.4
2022-01-16 13:00:00,565.0,877.0,83.0,20.3,1.4
2022-01-16 14:00:00,474.0,832.0,79.0,20.0,1.5
2022-01-16 15:00:00,297.0,363.0,168.0,18.9,1.4
2022-01-16 16:00:00,5.0,0.0,5.0,16.7,1.0
2022-01-16 17:00:00,0.0,0.0,0.0,15.5,0.9
2022-01-16 18:00:00,0.0,0.0,0.0,15.2,0.8
2022-01-16 19:00:00,0.0,0.0,0.0,14.8,0.7000000000000001
2022-01-16 20:00:00,0.0,0.0,0.0,14.5,0.7000000000000001
2022-01-16 21:00:00,0.0,0.0,0.0,14.1,0.7000000000000001
2022-01-16 22:00:00,0.0,0.0,0.0,13.7,0.8
2022-01-16 23:00:00,0.0,0.0,0.0,13.4,0.9
2022-01-17 00:00:00,0.0,0.0,0.0,13.1,1.0
2022-01-17 01:00:00,0.0,0.0,0.0,13.0,1.0
2022-01-17 02:00:00,0.0,0.0,0.0,12.8,0.9
2022-01-17 03:00:00,0.0,0.0,0.0,12.7,0.8
2022-01-17 04:00:00,0.0,0.0,0.0,12.6,0.8
2022-01-17 05:00:00,0.0,0.0,0.0,12.4,0.9
2022-01-17 06:00:00,0.0,0.0,0.0,12.2,0.9
2022-01-17 07:00:00,0.0,0.0,0.0,12.9,1.1
2022-01-17 08:00:00,22.0,0.0,22.0,14.1,2.0
2022-01-17 09:00:00,12.0,0.0,12.0,14.9,2.4000000000000004
2022-01-17 10:00:00,76.0,0.0,76.0,15.7,2.7
2022-01-17 11:00:00,156.0,0.0,156.0,16.1,2.8000000000000003
2022-01-17 12:00:00,327.0,51.0,298.0,16.0,2.8000000000000003
2022-01-17 13:00:00,225.0,3.0,223.0,15.7,2.6
2022-01-17 14:00:00,165.0,1.0,165.0,15.5,2.3000000000000003
2022-01-17 15:00:00,12.0,0.0,12.0,15.1,1.9
2022-01-17 16:00:00,67.0,1.0,66.0,14.1,1.1
2022-01-17 17:00:00,2.0,0.0,2.0,13.1,0.6000000000000001
2022-01-17 18:00:00,0.0,0.0,0.0,12.7,0.5
2022-01-17 19:00:00,0.0,0.0,0.0,12.4,0.5
2022-01-17 20:00:00,0.0,0.0,0.0,12.1,0.6000000000000001
2022-01-17 21:00:00,0.0,0.0,0.0,11.9,0.6000000000000001
2022-01-17 22:00:00,0.0,0.0,0.0,11.9,0.6000000000000001
2022-01-17 23:00:00,0.0,0.0,0.0,11.9,0.6000000000000001
2022-01-18 00:00:00,0.0,0.0,0.0,11.9,0.7000000000000001
2022-01-18 01:00:00,0.0,0.0,0.0,11.8,0.7000000000000001
2022-01-18 02:00:00,0.0,0.0,0.0,11.6,0.7000000000000001
2022-01-18 03:00:00,0.0,0.0,0.0,11.5,0.8
2022-01-18 04:00:00,0.0,0.0,0.0,11.4,0.8
2022-01-18 05:00:00,0.0,0.0,0.0,11.3,0.8
2022-01-18 06:00:00,0.0,0.0,0.0,11.1,0.8
2022-01-18 07:00:00,0.0,0.0,0.0,11.6,0.9
2022-01-18 08:00:00,134.0,355.0,69.0,12.5,1.2000000000000002
2022-01-18 09:00:00,304.0,588.0,101.0,13.8,1.5
2022-01-18 10:00:00,466.0,805.0,87.0,15.2,1.6
2022-01-18 11:00:00,564.0,854.0,93.0,16.5,1.8
2022-01-18 12:00:00,26.0,0.0,26.0,17.1,2.1
2022-01-18 13:00:00,191.0,1.0,191.0,17.2,2.5
2022-01-18 14:00:00,33.0,0.0,33.0,16.900000000000002,2.8000000000000003
2022-01-18 15:00:00,23.0,0.0,23.0,16.1,3.0
2022-01-18 16:00:00,6.0,0.0,6.0,13.7,2.3000000000000003
2022-01-18 17:00:00,5.0,0.0,5.0,11.5,1.8
2022-01-18 18:00:00,0.0,0.0,0.0,10.8,1.6
2022-01-18 19:00:00,0.0,0.0,0.0,10.5,1.5
2022-01-18 20:00:00,0.0,0.0,0.0,10.3,1.3
2022-01-18 21:00:00,0.0,0.0,0.0,10.2,1.1
2022-01-18 22:00:00,0.0,0.0,0.0,9.9,1.0
2022-01-18 23:00:00,0.0,0.0,0.0,9.5,0.9
2022-01-19 00:00:00,0.0,0.0,0.0,9.0,1.2000000000000002
2022-01-19 01:00:00,0.0,0.0,0.0,8.200000000000001,1.3
2022-01-19 02:00:00,0.0,0.0,0.0,7.9,1.2000000000000002
2022-01-19 03:00:00,0.0,0.0,0.0,7.800000000000001,1.1
2022-01-19 04:00:00,0.0,0.0,0.0,7.6,1.1
2022-01-19 05:00:00,0.0,0.0,0.0,7.4,1.1
2022-01-19 06:00:00,0.0,0.0,0.0,7.300000000000001,1.1
2022-01-19 07:00:00,0.0,0.0,0.0,8.5,1.5
2022-01-19 08:00:00,144.0,454.0,59.0,10.6,2.2
2022-01-19 09:00:00,151.0,6.0,149.0,13.0,1.8
2022-01-19 10:00:00,157.0,1.0,156.0,15.5,1.4
2022-01-19 11:00:00,148.0,0.0,148.0,17.1,0.9
2022-01-19 12:00:00,305.0,28.0,289.0,18.1,0.4
2022-01-19 13:00:00,560.0,677.0,182.0,18.5,0.2
2022-01-19 14:00:00,489.0,828.0,88.0,18.4,0.7000000000000001
2022-01-19 15:00:00,345.0,738.0,77.0,17.3,1.2000000000000002
2022-01-19 16:00:00,171.0,566.0,54.0,14.8,1.6
2022-01-19 17:00:00,15.0,119.0,12.0,13.0,1.3
2022-01-19 18:00:00,0.0,0.0,0.0,11.6,1.1
2022-01-19 19:00:00,0.0,0.0,0.0,10.7,1.1
2022-01-19 20:00:00,0.0,0.0,0.0,10.2,1.1
2022-01-19 21:00:00,0.0,0.0,0.0,9.9,1.2000000000000002
2022-01-19 22:00:00,0.0,0.0,0.0,9.7,1.3
2022-01-19 23:00:00,0.0,0.0,0.0,9.5,1.5
2022-01-20 00:00:00,0.0,0.0,0.0,9.3,1.7000000000000002
2022-01-20 01:00:00,0.0,0.0,0.0,9.2,1.8
2022-01-20 02:00:00,0.0,0.0,0.0,9.2,1.8
2022-01-20 03:00:00,0.0,0.0,0.0,9.1,1.9
2022-01-20 04:00:00,0.0,0.0,0.0,9.0,2.0
2022-01-20 05:00:00,0.0,0.0,0.0,8.8,2.2
2022-01-20 06:00:00,0.0,0.0,0.0,8.5,2.2
2022-01-20 07:00:00,0.0,0.0,0.0,10.1,2.5
2022-01-20 08:00:00,165.0,663.0,41.0,13.7,3.3000000000000003
2022-01-20 09:00:00,351.0,843.0,56.0,16.2,3.2
2022-01-20 10:00:00,504.0,925.0,64.0,18.6,3.0
2022-01-20 11:00:00,604.0,962.0,69.0,20.4,2.7
2022-01-20 12:00:00,638.0,968.0,71.0,21.5,2.0
2022-01-20 13:00:00,609.0,956.0,71.0,21.6,1.5
2022-01-20 14:00:00,516.0,917.0,68.0,20.9,1.4
2022-01-20 15:00:00,367.0,830.0,61.0,19.5,1.4
2022-01-20 16:00:00,184.0,662.0,46.0,16.5,1.2000000000000002
2022-01-20 17:00:00,18.0,202.0,13.0,14.7,1.3
2022-01-20 18:00:00,0.0,0.0,0.0,14.0,1.2000000000000002
2022-01-20 19:00:00,0.0,0.0,0.0,13.6,1.1
2022-01-20 20:00:00,0.0,0.0,0.0,13.3,1.1
2022-01-20 21:00:00,0.0,0.0,0.0,12.8,1.2000000000000002
2022-01-20 22:00:00,0.0,0.0,0.0,12.3,1.3
2022-01-20 23:00:00,0.0,0.0,0.0,11.9,1.3
2022-01-21 00:00:00,0.0,0.0,0.0,11.8,1.2000000000000002
2022-01-21 01:00:00,0.0,0.0,0.0,11.6,1.1
2022-01-21 02:00:00,0.0,0.0,0.0,11.7,0.9
2022-01-21 03:00:00,0.0,0.0,0.0,11.6,0.8
2022-01-21 04:00:00,0.0,0.0,0.0,11.3,0.5
2022-01-21 05:00:00,0.0,0.0,0.0,11.0,0.4
2022-01-21 06:00:00,0.0,0.0,0.0,10.2,0.5
2022-01-21 07:00:00,0.0,0.0,0.0,10.7,0.6000000000000001
2022-01-21 08:00:00,156.0,582.0,47.0,13.1,1.3
2022-01-21 09:00:00,338.0,770.0,68.0,15.1,1.3
2022-01-21 10:00:00,495.0,883.0,73.0,17.3,2.2
2022-01-21 11:00:00,594.0,920.0,79.0,18.9,3.3000000000000003
2022-01-21 12:00:00,635.0,941.0,80.0,19.6,4.0
2022-01-21 13:00:00,605.0,923.0,82.0,19.5,4.7
2022-01-21 14:00:00,518.0,895.0,78.0,18.6,5.5
2022-01-21 15:00:00,373.0,823.0,68.0,17.3,5.2
2022-01-21 16:00:00,189.0,656.0,50.0,14.6,3.9
2022-01-21 17:00:00,20.0,182.0,14.0,12.2,3.6
2022-01-21 18:00:00,0.0,0.0,0.0,11.4,3.8
2022-01-21 19:00:00,0.0,0.0,0.0,10.8,3.6
2022-01-21 20:00:00,0.0,0.0,0.0,10.3,3.5
2022-01-21 21:00:00,0.0,0.0,0.0,10.4,4.0
2022-01-21 22:00:00,0.0,0.0,0.0,10.0,4.2
2022-01-21 23:00:00,0.0,0.0,0.0,9.6,4.4
2022-01-22 00:00:00,0.0,0.0,0.0,9.4,4.6000000000000005
2022-01-22 01:00:00,0.0,0.0,0.0,9.1,4.6000000000000005
2022-01-22 02:00:00,0.0,0.0,0.0,8.8,4.5
2022-01-22 03:00:00,0.0,0.0,0.0,8.6,4.6000000000000005
2022-01-22 04:00:00,0.0,0.0,0.0,8.4,4.6000000000000005
2022-01-22 05:00:00,0.0,0.0,0.0,8.3,4.7
2022-01-22 06:00:00,0.0,0.0,0.0,8.1,4.800000000000001
2022-01-22 07:00:00,0.0,0.0,0.0,8.9,5.1000000000000005
2022-01-22 08:00:00,172.0,696.0,39.0,11.0,5.800000000000001
2022-01-22 09:00:00,358.0,858.0,55.0,13.1,6.6000000000000005
2022-01-22 10:00:00,511.0,919.0,69.0,14.8,6.6000000000000005
2022-01-22 11:00:00,608.0,943.0,78.0,15.9,6.300000000000001
2022-01-22 12:00:00,640.0,939.0,84.0,16.6,6.0
2022-01-22 13:00:00,608.0,924.0,82.0,16.900000000000002,5.800000000000001
2022-01-22 14:00:00,516.0,882.0,78.0,16.8,5.300000000000001
2022-01-22 15:00:00,369.0,798.0,70.0,16.2,4.3
2022-01-22 16:00:00,187.0,623.0,52.0,13.7,2.6
2022-01-22 17:00:00,21.0,163.0,15.0,11.1,2.1
2022-01-22 18:00:00,0.0,0.0,0.0,10.3,2.0
2022-01-22 19:00:00,0.0,0.0,0.0,9.9,2.0
2022-01-22 20:00:00,0.0,0.0,0.0,9.4,2.1
2022-01-22 21:00:00,0.0,0.0,0.0,9.0,2.2
2022-01-22 22:00:00,0.0,0.0,0.0,8.700000000000001,2.6
2022-01-22 23:00:00,0.0,0.0,0.0,8.5,3.3000000000000003
2022-01-23 00:00:00,0.0,0.0,0.0,8.5,3.8
2022-01-23 01:00:00,0.0,0.0,0.0,8.4,4.1000000000000005
2022-01-23 02:00:00,0.0,0.0,0.0,8.4,4.1000000000000005
2022-01-23 03:00:00,0.0,0.0,0.0,8.3,4.1000000000000005
2022-01-23 04:00:00,0.0,0.0,0.0,8.1,3.9
2022-01-23 05:00:00,0.0,0.0,0.0,7.800000000000001,3.7
2022-01-23 06:00:00,0.0,0.0,0.0,7.6,3.5
2022-01-23 07:00:00,0.0,0.0,0.0,9.3,3.7
2022-01-23 08:00:00,168.0,646.0,43.0,12.3,4.2
2022-01-23 09:00:00,355.0,830.0,59.0,15.1,4.1000000000000005
2022-01-23 10:00:00,510.0,920.0,66.0,17.6,3.6
2022-01-23 11:00:00,615.0,965.0,70.0,19.5,2.6
2022-01-23 12:00:00,650.0,971.0,72.0,20.6,1.4
2022-01-23 13:00:00,620.0,947.0,77.0,20.700000000000003,1.0
2022-01-23 14:00:00,527.0,908.0,73.0,20.200000000000003,1.2000000000000002
2022-01-23 15:00:00,379.0,828.0,66.0,19.0,1.4
2022-01-23 16:00:00,195.0,663.0,49.0,15.9,1.4
2022-01-23 17:00:00,23.0,222.0,15.0,13.8,1.6
2022-01-23 18:00:00,0.0,0.0,0.0,12.9,1.7000000000000002
2022-01-23 19:00:00,0.0,0.0,0.0,12.0,1.6
2022-01-23 20:00:00,0.0,0.0,0.0,11.4,1.5
2022-01-23 21:00:00,0.0,0.0,0.0,10.8,1.5
2022-01-23 22:00:00,0.0,0.0,0.0,10.4,1.6
2022-01-23 23:00:00,0.0,0.0,0.0,10.0,1.6
2022-01-24 00:00:00,0.0,0.0,0.0,9.6,1.6
2022-01-24 01:00:00,0.0,0.0,0.0,9.2,1.6
2022-01-24 02:00:00,0.0,0.0,0.0,8.8,1.7000000000000002
2022-01-24 03:00:00,0.0,0.0,0.0,8.3,1.8
2022-01-24 04:00:00,0.0,0.0,0.0,8.0,1.9
2022-01-24 05:00:00,0.0,0.0,0.0,7.9,2.0
2022-01-24 06:00:00,0.0,0.0,0.0,7.800000000000001,2.1
2022-01-24 07:00:00,0.0,0.0,0.0,9.6,2.0
2022-01-24 08:00:00,171.0,648.0,44.0,13.6,2.6
2022-01-24 09:00:00,359.0,826.0,62.0,15.9,2.1
2022-01-24 10:00:00,512.0,909.0,70.0,18.8,0.7000000000000001
2022-01-24 11:00:00,613.0,944.0,77.0,20.3,0.8
2022-01-24 12:00:00,651.0,952.0,80.0,20.8,1.5
2022-01-24 13:00:00,621.0,941.0,78.0,20.700000000000003,2.0
2022-01-24 14:00:00,528.0,901.0,75.0,19.9,2.4000000000000004
2022-01-24 15:00:00,379.0,815.0,67.0,18.4,2.3000000000000003
2022-01-24 16:00:00,196.0,645.0,52.0,15.0,1.6
2022-01-24 17:00:00,25.0,207.0,16.0,12.5,1.2000000000000002
2022-01-24 18:00:00,0.0,0.0,0.0,12.3,0.7000000000000001
2022-01-24 19:00:00,0.0,0.0,0.0,12.1,0.4
2022-01-24 20:00:00,0.0,0.0,0.0,11.2,0.9
2022-01-24 21:00:00,0.0,0.0,0.0,10.6,1.1
2022-01-24 22:00:00,0.0,0.0,0.0,10.2,1.1
2022-01-24 23:00:00,0.0,0.0,0.0,10.0,1.1
2022-01-25 00:00:00,0.0,0.0,0.0,9.9,1.1
2022-01-25 01:00:00,0.0,0.0,0.0,9.8,1.1
2022-01-25 02:00:00,0.0,0.0,0.0,9.7,1.1
2022-01-25 03:00:00,0.0,0.0,0.0,9.6,1.1
2022-01-25 04:00:00,0.0,0.0,0.0,9.4,1.0
2022-01-25 05:00:00,0.0,0.0,0.0,9.0,1.1
2022-01-25 06:00:00,0.0,0.0,0.0,8.4,1.5
2022-01-25 07:00:00,0.0,0.0,0.0,9.3,1.5
2022-01-25 08:00:00,139.0,184.0,103.0,12.1,2.4000000000000004
2022-01-25 09:00:00,352.0,773.0,73.0,14.3,2.2
2022-01-25 10:00:00,512.0,890.0,77.0,16.6,2.2
2022-01-25 11:00:00,614.0,929.0,83.0,18.3,2.4000000000000004
2022-01-25 12:00:00,653.0,942.0,85.0,19.200000000000003,2.3000000000000003
2022-01-25 13:00:00,626.0,938.0,82.0,19.200000000000003,1.9
2022-01-25 14:00:00,536.0,903.0,79.0,18.6,1.5
2022-01-25 15:00:00,388.0,823.0,70.0,17.3,0.8
2022-01-25 16:00:00,202.0,654.0,54.0,14.0,0.3
2022-01-25 17:00:00,27.0,208.0,18.0,11.1,0.3
2022-01-25 18:00:00,0.0,0.0,0.0,10.0,0.6000000000000001
2022-01-25 19:00:00,0.0,0.0,0.0,9.3,0.8
2022-01-25 20:00:00,0.0,0.0,0.0,8.9,1.1
2022-01-25 21:00:00,0.0,0.0,0.0,8.6,1.4
2022-01-25 22:00:00,0.0,0.0,0.0,8.200000000000001,1.8
2022-01-25 23:00:00,0.0,0.0,0.0,7.800000000000001,2.2
2022-01-26 00:00:00,0.0,0.0,0.0,7.4,2.5
2022-01-26 01:00:00,0.0,0.0,0.0,7.0,2.5
2022-01-26 02:00:00,0.0,0.0,0.0,7.0,2.7
2022-01-26 03:00:00,0.0,0.0,0.0,6.9,2.9000000000000004
2022-01-26 04:00:00,0.0,0.0,0.0,6.9,3.0
2022-01-26 05:00:00,0.0,0.0,0.0,6.800000000000001,3.0
2022-01-26 06:00:00,0.0,0.0,0.0,6.6000000000000005,3.0
2022-01-26 07:00:00,0.0,0.0,0.0,8.3,3.4000000000000004
2022-01-26 08:00:00,183.0,692.0,45.0,11.2,4.1000000000000005
2022-01-26 09:00:00,376.0,867.0,61.0,13.6,4.5
2022-01-26 10:00:00,491.0,659.0,166.0,15.8,3.8
2022-01-26 11:00:00,633.0,966.0,78.0,17.400000000000002,2.8000000000000003
2022-01-26 12:00:00,672.0,976.0,81.0,18.3,1.8
2022-01-26 13:00:00,494.0,262.0,341.0,18.8,1.2000000000000002
2022-01-26 14:00:00,550.0,928.0,77.0,18.6,0.7000000000000001
2022-01-26 15:00:00,381.0,621.0,139.0,17.7,0.5
2022-01-26 16:00:00,162.0,179.0,121.0,15.0,0.5
2022-01-26 17:00:00,24.0,6.0,23.0,12.5,0.8
2022-01-26 18:00:00,0.0,0.0,0.0,10.9,1.0
2022-01-26 19:00:00,0.0,0.0,0.0,9.8,1.2000000000000002
2022-01-26 20:00:00,0.0,0.0,0.0,9.1,1.4
2022-01-26 21:00:00,0.0,0.0,0.0,8.5,1.7000000000000002
2022-01-26 22:00:00,0.0,0.0,0.0,8.1,1.9
2022-01-26 23:00:00,0.0,0.0,0.0,7.6,2.1
2022-01-27 00:00:00,0.0,0.0,0.0,7.2,2.2
2022-01-27 01:00:00,0.0,0.0,0.0,6.800000000000001,2.3000000000000003
2022-01-27 02:00:00,0.0,0.0,0.0,6.6000000000000005,2.3000000000000003
2022-01-27 03:00:00,0.0,0.0,0.0,6.300000000000001,2.5
2022-01-27 04:00:00,0.0,0.0,0.0,6.1000000000000005,2.7
2022-01-27 05:00:00,0.0,0.0,0.0,5.9,2.9000000000000004
2022-01-27 06:00:00,0.0,0.0,0.0,5.7,3.1
2022-01-27 07:00:00,0.0,0.0,0.0,7.9,3.5
2022-01-27 08:00:00,186.0,710.0,43.0,11.4,4.2
2022-01-27 09:00:00,380.0,883.0,57.0,14.2,3.9
2022-01-27 10:00:00,540.0,959.0,65.0,16.8,3.6
2022-01-27 11:00:00,644.0,992.0,71.0,18.4,2.8000000000000003
2022-01-27 12:00:00,684.0,1000.0,75.0,19.5,2.1
2022-01-27 13:00:00,656.0,988.0,75.0,19.8,1.7000000000000002
2022-01-27 14:00:00,557.0,942.0,72.0,19.5,1.4
2022-01-27 15:00:00,406.0,869.0,65.0,18.2,0.7000000000000001
2022-01-27 16:00:00,217.0,714.0,50.0,14.7,0.4
2022-01-27 17:00:00,33.0,300.0,19.0,11.4,0.9
2022-01-27 18:00:00,0.0,0.0,0.0,10.3,1.4
2022-01-27 19:00:00,0.0,0.0,0.0,9.6,1.8
2022-01-27 20:00:00,0.0,0.0,0.0,9.2,2.0
2022-01-27 21:00:00,0.0,0.0,0.0,9.0,2.3000000000000003
2022-01-27 22:00:00,0.0,0.0,0.0,9.2,2.9000000000000004
2022-01-27 23:00:00,0.0,0.0,0.0,9.2,3.4000000000000004
2022-01-28 00:00:00,0.0,0.0,0.0,8.4,3.6
2022-01-28 01:00:00,0.0,0.0,0.0,7.800000000000001,3.9
2022-01-28 02:00:00,0.0,0.0,0.0,7.800000000000001,4.4
2022-01-28 03:00:00,0.0,0.0,0.0,8.200000000000001,4.800000000000001
2022-01-28 04:00:00,0.0,0.0,0.0,8.5,4.7
2022-01-28 05:00:00,0.0,0.0,0.0,8.3,4.3
2022-01-28 06:00:00,0.0,0.0,0.0,8.1,4.0
2022-01-28 07:00:00,6.0,0.0,6.0,9.2,4.5
2022-01-28 08:00:00,133.0,97.0,113.0,11.2,5.2
2022-01-28 09:00:00,192.0,32.0,180.0,13.7,5.7
2022-01-28 10:00:00,341.0,146.0,268.0,15.9,5.7
2022-01-28 11:00:00,647.0,979.0,78.0,17.0,4.7
2022-01-28 12:00:00,534.0,293.0,354.0,17.2,3.7
2022-01-28 13:00:00,651.0,958.0,85.0,17.2,3.0
2022-01-28 14:00:00,430.0,359.0,244.0,17.400000000000002,2.5
2022-01-28 15:00:00,276.0,189.0,201.0,16.900000000000002,1.8
2022-01-28 16:00:00,217.0,685.0,55.0,14.3,1.1
2022-01-28 17:00:00,34.0,267.0,20.0,11.5,1.3
2022-01-28 18:00:00,0.0,0.0,0.0,10.1,1.7000000000000002
2022-01-28 19:00:00,0.0,0.0,0.0,9.0,2.1
2022-01-28 20:00:00,0.0,0.0,0.0,8.3,2.4000000000000004
2022-01-28 21:00:00,0.0,0.0,0.0,7.9,2.5
2022-01-28 22:00:00,0.0,0.0,0.0,7.300000000000001,2.7
2022-01-28 23:00:00,0.0,0.0,0.0,6.7,3.0
2022-01-29 00:00:00,0.0,0.0,0.0,6.7,3.4000000000000004
2022-01-29 01:00:00,0.0,0.0,0.0,7.300000000000001,3.4000000000000004
2022-01-29 02:00:00,0.0,0.0,0.0,7.9,3.2
2022-01-29 03:00:00,0.0,0.0,0.0,8.3,3.1
2022-01-29 04:00:00,0.0,0.0,0.0,8.4,2.7
2022-01-29 05:00:00,0.0,0.0,0.0,8.4,2.6
2022-01-29 06:00:00,0.0,0.0,0.0,8.4,2.5
2022-01-29 07:00:00,5.0,0.0,5.0,9.7,2.7
2022-01-29 08:00:00,58.0,2.0,58.0,11.4,2.5
2022-01-29 09:00:00,285.0,297.0,175.0,12.8,2.2
2022-01-29 10:00:00,253.0,42.0,232.0,14.1,2.1
2022-01-29 11:00:00,227.0,15.0,218.0,15.1,2.0
2022-01-29 12:00:00,202.0,6.0,198.0,16.0,1.7000000000000002
2022-01-29 13:00:00,209.0,8.0,204.0,16.5,1.5
2022-01-29 14:00:00,316.0,84.0,272.0,16.900000000000002,1.2000000000000002
2022-01-29 15:00:00,298.0,277.0,187.0,16.5,0.8
2022-01-29 16:00:00,4.0,0.0,4.0,14.0,0.8
2022-01-29 17:00:00,28.0,4.0,28.0,12.0,1.1
2022-01-29 18:00:00,0.0,0.0,0.0,11.2,1.3
2022-01-29 19:00:00,0.0,0.0,0.0,10.7,1.5
2022-01-29 20:00:00,0.0,0.0,0.0,10.0,1.7000000000000002
2022-01-29 21:00:00,0.0,0.0,0.0,9.2,1.9
2022-01-29 22:00:00,0.0,0.0,0.0,8.6,2.0
2022-01-29 23:00:00,0.0,0.0,0.0,8.200000000000001,1.9
2022-01-30 00:00:00,0.0,0.0,0.0,7.9,1.9
2022-01-30 01:00:00,0.0,0.0,0.0,7.5,2.0
2022-01-30 02:00:00,0.0,0.0,0.0,6.9,2.1
2022-01-30 03:00:00,0.0,0.0,0.0,6.4,2.2
2022-01-30 04:00:00,0.0,0.0,0.0,5.9,2.3000000000000003
2022-01-30 05:00:00,0.0,0.0,0.0,5.6000000000000005,2.3000000000000003
2022-01-30 06:00:00,0.0,0.0,0.0,5.300000000000001,2.4000000000000004
2022-01-30 07:00:00,7.0,0.0,7.0,7.6,2.8000000000000003
2022-01-30 08:00:00,192.0,696.0,46.0,11.3,3.8
2022-01-30 09:00:00,388.0,869.0,62.0,14.5,3.1
2022-01-30 10:00:00,552.0,965.0,65.0,18.2,1.9
2022-01-30 11:00:00,658.0,1000.0,69.0,20.3,0.9
2022-01-30 12:00:00,699.0,1009.0,72.0,20.9,0.5
2022-01-30 13:00:00,670.0,993.0,75.0,20.8,1.2000000000000002
2022-01-30 14:00:00,570.0,947.0,73.0,20.1,2.0
2022-01-30 15:00:00,419.0,870.0,67.0,18.4,2.7
2022-01-30 16:00:00,226.0,704.0,53.0,15.1,2.5
2022-01-30 17:00:00,39.0,300.0,21.0,11.9,2.0
2022-01-30 18:00:00,0.0,0.0,0.0,11.2,1.4
2022-01-30 19:00:00,0.0,0.0,0.0,11.5,0.5
2022-01-30 20:00:00,0.0,0.0,0.0,10.9,0.8
2022-01-30 21:00:00,0.0,0.0,0.0,9.9,1.3
2022-01-30 22:00:00,0.0,0.0,0.0,9.1,1.5
2022-01-30 23:00:00,0.0,0.0,0.0,9.0,1.5
2022-01-31 00:00:00,0.0,0.0,0.0,9.2,1.5
2022-01-31 01:00:00,0.0,0.0,0.0,9.1,1.6
2022-01-31 02:00:00,0.0,0.0,0.0,8.700000000000001,1.7000000000000002
2022-01-31 03:00:00,0.0,0.0,0.0,9.0,1.5
2022-01-31 04:00:00,0.0,0.0,0.0,9.4,1.3
2022-01-31 05:00:00,0.0,0.0,0.0,9.4,1.1
2022-01-31 06:00:00,0.0,0.0,0.0,9.7,1.0
2022-01-31 07:00:00,9.0,0.0,9.0,10.0,1.0
2022-01-31 08:00:00,122.0,49.0,111.0,10.8,1.0
2022-01-31 09:00:00,304.0,344.0,174.0,12.4,1.4
2022-01-31 10:00:00,389.0,327.0,223.0,14.7,1.4
2022-01-31 11:00:00,225.0,11.0,219.0,17.0,0.9
2022-01-31 12:00:00,249.0,15.0,240.0,17.6,1.4
2022-01-31 13:00:00,446.0,262.0,288.0,17.2,2.2
2022-01-31 14:00:00,244.0,26.0,230.0,16.400000000000002,2.1
2022-01-31 15:00:00,404.0,794.0,80.0,14.9,1.4
2022-01-31 16:00:00,109.0,16.0,105.0,12.7,0.7000000000000001
2022-01-31 17:00:00,26.0,2.0,26.0,11.2,0.5
2022-01-31 18:00:00,0.0,0.0,0.0,10.8,0.2
2022-01-31 19:00:00,0.0,0.0,0.0,10.7,0.4
2022-01-31 20:00:00,0.0,0.0,0.0,10.2,0.7000000000000001
2022-01-31 21:00:00,0.0,0.0,0.0,9.8,0.9
2022-01-31 22:00:00,0.0,0.0,0.0,9.7,0.8
2022-01-31 23:00:00,0.0,0.0,0.0,9.5,0.8
2022-02-01 00:00:00,0.0,0.0,0.0,9.3,1.0
2022-02-01 01:00:00,0.0,0.0,0.0,9.0,1.0
2022-02-01 02:00:00,0.0,0.0,0.0,8.700000000000001,1.0
2022-02-01 03:00:00,0.0,0.0,0.0,8.3,1.0
2022-02-01 04:00:00,0.0,0.0,0.0,8.0,1.1
2022-02-01 05:00:00,0.0,0.0,0.0,7.6,1.3
2022-02-01 06:00:00,0.0,0.0,0.0,7.2,1.3
2022-02-01 07:00:00,8.0,0.0,8.0,8.200000000000001,1.3
2022-02-01 08:00:00,130.0,32.0,123.0,9.9,1.5
2022-02-01 09:00:00,220.0,26.0,210.0,12.4,0.9
2022-02-01 10:00:00,366.0,107.0,311.0,14.6,0.7000000000000001
2022-02-01 11:00:00,621.0,850.0,115.0,15.9,0.3
2022-02-01 12:00:00,229.0,1.0,228.0,16.6,1.0
2022-02-01 13:00:00,532.0,477.0,242.0,16.7,1.1
2022-02-01 14:00:00,540.0,800.0,113.0,16.1,1.4
2022-02-01 15:00:00,392.0,704.0,102.0,15.2,1.6
2022-02-01 16:00:00,210.0,522.0,78.0,13.4,1.7000000000000002
2022-02-01 17:00:00,37.0,138.0,28.0,11.0,1.2000000000000002
2022-02-01 18:00:00,0.0,0.0,0.0,9.5,1.1
2022-02-01 19:00:00,0.0,0.0,0.0,8.6,1.1
2022-02-01 20:00:00,0.0,0.0,0.0,8.1,1.2000000000000002
2022-02-01 21:00:00,0.0,0.0,0.0,7.5,1.4
2022-02-01 22:00:00,0.0,0.0,0.0,7.0,1.7000000000000002
2022-02-01 23:00:00,0.0,0.0,0.0,6.6000000000000005,2.1
2022-02-02 00:00:00,0.0,0.0,0.0,6.300000000000001,2.5
2022-02-02 01:00:00,0.0,0.0,0.0,6.0,2.8000000000000003
2022-02-02 02:00:00,0.0,0.0,0.0,6.0,3.3000000000000003
2022-02-02 03:00:00,0.0,0.0,0.0,5.9,3.8
2022-02-02 04:00:00,0.0,0.0,0.0,5.6000000000000005,4.0
2022-02-02 05:00:00,0.0,0.0,0.0,5.300000000000001,4.2
2022-02-02 06:00:00,0.0,0.0,0.0,5.2,4.6000000000000005
2022-02-02 07:00:00,21.0,279.0,13.0,6.5,5.4
2022-02-02 08:00:00,208.0,760.0,43.0,8.700000000000001,6.9
2022-02-02 09:00:00,408.0,916.0,56.0,10.8,7.800000000000001
2022-02-02 10:00:00,569.0,970.0,70.0,12.4,7.300000000000001
2022-02-02 11:00:00,676.0,998.0,78.0,13.5,6.5
2022-02-02 12:00:00,716.0,999.0,85.0,14.1,5.7
2022-02-02 13:00:00,678.0,958.0,92.0,14.3,5.300000000000001
2022-02-02 14:00:00,581.0,913.0,91.0,14.2,5.0
2022-02-02 15:00:00,428.0,826.0,84.0,13.6,4.3
2022-02-02 16:00:00,235.0,658.0,66.0,11.3,2.5
2022-02-02 17:00:00,45.0,246.0,28.0,8.3,1.7000000000000002
2022-02-02 18:00:00,0.0,0.0,0.0,7.6,1.5
2022-02-02 19:00:00,0.0,0.0,0.0,7.0,1.6
2022-02-02 20:00:00,0.0,0.0,0.0,6.4,1.7000000000000002
2022-02-02 21:00:00,0.0,0.0,0.0,5.800000000000001,1.9
2022-02-02 22:00:00,0.0,0.0,0.0,5.2,2.1
2022-02-02 23:00:00,0.0,0.0,0.0,4.7,2.4000000000000004
2022-02-03 00:00:00,0.0,0.0,0.0,4.4,2.6
2022-02-03 01:00:00,0.0,0.0,0.0,4.2,2.5
2022-02-03 02:00:00,0.0,0.0,0.0,4.0,2.3000000000000003
2022-02-03 03:00:00,0.0,0.0,0.0,4.0,2.3000000000000003
2022-02-03 04:00:00,0.0,0.0,0.0,3.9,2.2
2022-02-03 05:00:00,0.0,0.0,0.0,3.7,2.2
2022-02-03 06:00:00,0.0,0.0,0.0,3.7,2.2
2022-02-03 07:00:00,22.0,262.0,13.0,6.5,2.5
2022-02-03 08:00:00,202.0,716.0,44.0,10.0,3.7
2022-02-03 09:00:00,395.0,864.0,60.0,12.7,4.0
2022-02-03 10:00:00,553.0,928.0,72.0,14.8,3.3000000000000003
2022-02-03 11:00:00,655.0,956.0,79.0,16.2,2.2
2022-02-03 12:00:00,696.0,964.0,82.0,17.2,1.1
2022-02-03 13:00:00,663.0,940.0,85.0,17.5,0.5
2022-02-03 14:00:00,570.0,900.0,83.0,17.2,0.4
2022-02-03 15:00:00,420.0,819.0,76.0,16.2,0.5
2022-02-03 16:00:00,232.0,655.0,62.0,13.6,1.0
2022-02-03 17:00:00,40.0,12.0,39.0,10.9,0.6000000000000001
2022-02-03 18:00:00,0.0,0.0,0.0,9.8,0.4
2022-02-03 19:00:00,0.0,0.0,0.0,9.2,0.6000000000000001
2022-02-03 20:00:00,0.0,0.0,0.0,8.8,0.8
2022-02-03 21:00:00,0.0,0.0,0.0,8.4,1.0
2022-02-03 22:00:00,0.0,0.0,0.0,8.0,1.2000000000000002
2022-02-03 23:00:00,0.0,0.0,0.0,7.5,1.5
2022-02-04 00:00:00,0.0,0.0,0.0,7.0,1.7000000000000002
2022-02-04 01:00:00,0.0,0.0,0.0,6.6000000000000005,1.9
2022-02-04 02:00:00,0.0,0.0,0.0,6.300000000000001,2.0
2022-02-04 03:00:00,0.0,0.0,0.0,6.0,2.2
2022-02-04 04:00:00,0.0,0.0,0.0,5.800000000000001,2.4000000000000004
2022-02-04 05:00:00,0.0,0.0,0.0,5.4,2.6
2022-02-04 06:00:00,0.0,0.0,0.0,5.2,2.9000000000000004
2022-02-04 07:00:00,22.0,230.0,14.0,7.6,3.7
2022-02-04 08:00:00,203.0,695.0,48.0,10.4,4.6000000000000005
2022-02-04 09:00:00,401.0,868.0,62.0,13.4,5.2
2022-02-04 10:00:00,566.0,943.0,73.0,15.4,5.1000000000000005
2022-02-04 11:00:00,673.0,978.0,79.0,16.5,4.5
2022-02-04 12:00:00,715.0,989.0,81.0,17.2,3.7
2022-02-04 13:00:00,686.0,972.0,84.0,17.6,3.0
2022-02-04 14:00:00,587.0,929.0,81.0,17.6,2.3000000000000003
2022-02-04 15:00:00,437.0,858.0,73.0,16.900000000000002,1.3
2022-02-04 16:00:00,246.0,714.0,57.0,14.0,0.4
2022-02-04 17:00:00,52.0,346.0,26.0,10.6,0.8
2022-02-04 18:00:00,0.0,0.0,0.0,9.4,1.3
2022-02-04 19:00:00,0.0,0.0,0.0,8.6,1.7000000000000002
2022-02-04 20:00:00,0.0,0.0,0.0,8.0,2.0
2022-02-04 21:00:00,0.0,0.0,0.0,7.4,2.5
2022-02-04 22:00:00,0.0,0.0,0.0,6.9,2.7
2022-02-04 23:00:00,0.0,0.0,0.0,6.4,2.8000000000000003
2022-02-05 00:00:00,0.0,0.0,0.0,5.9,2.9000000000000004
2022-02-05 01:00:00,0.0,0.0,0.0,5.5,3.1
2022-02-05 02:00:00,0.0,0.0,0.0,5.4,3.3000000000000003
2022-02-05 03:00:00,0.0,0.0,0.0,5.300000000000001,3.5
2022-02-05 04:00:00,0.0,0.0,0.0,5.300000000000001,3.7
2022-02-05 05:00:00,0.0,0.0,0.0,5.300000000000001,3.7
2022-02-05 06:00:00,0.0,0.0,0.0,5.300000000000001,3.7
2022-02-05 07:00:00,26.0,309.0,15.0,8.0,4.0
2022-02-05 08:00:00,217.0,755.0,46.0,11.3,4.3
2022-02-05 09:00:00,413.0,893.0,61.0,14.6,3.7
2022-02-05 10:00:00,576.0,958.0,72.0,17.2,2.7
2022-02-05 11:00:00,683.0,990.0,78.0,18.7,1.6
2022-02-05 12:00:00,719.0,989.0,82.0,19.3,0.8
2022-02-05 13:00:00,693.0,983.0,80.0,19.5,0.5
2022-02-05 14:00:00,598.0,946.0,78.0,19.1,0.3
2022-02-05 15:00:00,442.0,866.0,71.0,18.1,0.5
2022-02-05 16:00:00,249.0,718.0,57.0,15.1,1.1
2022-02-05 17:00:00,55.0,355.0,27.0,12.3,0.8
2022-02-05 18:00:00,0.0,0.0,0.0,11.1,1.0
2022-02-05 19:00:00,0.0,0.0,0.0,10.2,1.2000000000000002
2022-02-05 20:00:00,0.0,0.0,0.0,9.7,1.2000000000000002
2022-02-05 21:00:00,0.0,0.0,0.0,9.2,1.3
2022-02-05 22:00:00,0.0,0.0,0.0,8.8,1.4
2022-02-05 23:00:00,0.0,0.0,0.0,8.4,1.7000000000000002
2022-02-06 00:00:00,0.0,0.0,0.0,8.0,2.1
2022-02-06 01:00:00,0.0,0.0,0.0,7.800000000000001,2.4000000000000004
2022-02-06 02:00:00,0.0,0.0,0.0,7.5,2.7
2022-02-06 03:00:00,0.0,0.0,0.0,7.4,3.1
2022-02-06 04:00:00,0.0,0.0,0.0,7.300000000000001,3.2
2022-02-06 05:00:00,0.0,0.0,0.0,7.300000000000001,3.3000000000000003
2022-02-06 06:00:00,0.0,0.0,0.0,7.5,3.4000000000000004
2022-02-06 07:00:00,28.0,301.0,16.0,10.5,4.1000000000000005
2022-02-06 08:00:00,220.0,753.0,47.0,13.8,4.6000000000000005
2022-02-06 09:00:00,423.0,906.0,62.0,16.7,4.3
2022-02-06 10:00:00,581.0,958.0,73.0,19.6,4.3
2022-02-06 11:00:00,688.0,989.0,80.0,21.6,3.8
2022-02-06 12:00:00,724.0,988.0,84.0,22.700000000000003,3.6
2022-02-06 13:00:00,696.0,973.0,85.0,23.0,3.6
2022-02-06 14:00:00,602.0,937.0,83.0,22.6,3.6
2022-02-06 15:00:00,446.0,862.0,74.0,21.3,3.1
2022-02-06 16:00:00,254.0,724.0,58.0,17.900000000000002,1.9
2022-02-06 17:00:00,58.0,376.0,27.0,14.2,1.8
2022-02-06 18:00:00,0.0,0.0,0.0,12.9,1.9
2022-02-06 19:00:00,0.0,0.0,0.0,12.0,2.1
2022-02-06 20:00:00,0.0,0.0,0.0,11.4,2.3000000000000003
2022-02-06 21:00:00,0.0,0.0,0.0,10.9,2.5
2022-02-06 22:00:00,0.0,0.0,0.0,10.5,2.6
2022-02-06 23:00:00,0.0,0.0,0.0,10.0,2.5
2022-02-07 00:00:00,0.0,0.0,0.0,9.6,2.5
2022-02-07 01:00:00,0.0,0.0,0.0,9.3,2.3000000000000003
2022-02-07 02:00:00,0.0,0.0,0.0,9.1,2.2
2022-02-07 03:00:00,0.0,0.0,0.0,8.9,2.1
2022-02-07 04:00:00,0.0,0.0,0.0,8.700000000000001,2.0
2022-02-07 05:00:00,0.0,0.0,0.0,8.4,2.1
2022-02-07 06:00:00,0.0,0.0,0.0,8.3,2.2
2022-02-07 07:00:00,29.0,302.0,16.0,11.4,2.5
2022-02-07 08:00:00,217.0,731.0,46.0,15.3,3.5
2022-02-07 09:00:00,416.0,882.0,61.0,18.2,3.2
2022-02-07 10:00:00,577.0,944.0,73.0,20.5,2.6
2022-02-07 11:00:00,683.0,976.0,79.0,22.0,1.9
2022-02-07 12:00:00,721.0,979.0,82.0,22.700000000000003,1.2000000000000002
2022-02-07 13:00:00,696.0,977.0,79.0,22.700000000000003,0.7000000000000001
2022-02-07 14:00:00,602.0,944.0,76.0,22.3,0.2
2022-02-07 15:00:00,451.0,878.0,69.0,21.1,0.5
2022-02-07 16:00:00,257.0,736.0,55.0,17.900000000000002,0.8
2022-02-07 17:00:00,61.0,396.0,27.0,14.3,1.1
2022-02-07 18:00:00,0.0,0.0,0.0,12.8,1.4
2022-02-07 19:00:00,0.0,0.0,0.0,12.1,1.6
2022-02-07 20:00:00,0.0,0.0,0.0,11.7,1.9
2022-02-07 21:00:00,0.0,0.0,0.0,11.3,2.1
2022-02-07 22:00:00,0.0,0.0,0.0,10.9,2.1
2022-02-07 23:00:00,0.0,0.0,0.0,10.5,2.1
2022-02-08 00:00:00,0.0,0.0,0.0,10.1,2.1
2022-02-08 01:00:00,0.0,0.0,0.0,9.7,2.1
2022-02-08 02:00:00,0.0,0.0,0.0,9.4,2.1
2022-02-08 03:00:00,0.0,0.0,0.0,9.2,2.1
2022-02-08 04:00:00,0.0,0.0,0.0,9.0,2.2
2022-02-08 05:00:00,0.0,0.0,0.0,8.8,2.2
2022-02-08 06:00:00,0.0,0.0,0.0,8.8,2.2
2022-02-08 07:00:00,28.0,234.0,18.0,11.9,2.4000000000000004
2022-02-08 08:00:00,213.0,676.0,53.0,15.7,3.3000000000000003
2022-02-08 09:00:00,410.0,840.0,69.0,18.6,3.0
2022-02-08 10:00:00,572.0,919.0,78.0,21.200000000000003,2.9000000000000004
2022-02-08 11:00:00,675.0,947.0,85.0,22.9,2.5
2022-02-08 12:00:00,717.0,957.0,88.0,23.9,2.2
2022-02-08 13:00:00,689.0,943.0,90.0,24.3,1.9
2022-02-08 14:00:00,593.0,904.0,85.0,24.1,1.4
2022-02-08 15:00:00,444.0,838.0,76.0,22.6,0.6000000000000001
2022-02-08 16:00:00,241.0,469.0,111.0,18.8,0.7000000000000001
2022-02-08 17:00:00,61.0,359.0,29.0,15.4,1.0
2022-02-08 18:00:00,0.0,0.0,0.0,14.3,1.3
2022-02-08 19:00:00,0.0,0.0,0.0,13.8,1.5
2022-02-08 20:00:00,0.0,0.0,0.0,13.5,1.6
2022-02-08 21:00:00,0.0,0.0,0.0,13.1,1.7000000000000002
2022-02-08 22:00:00,0.0,0.0,0.0,12.6,2.0
2022-02-08 23:00:00,0.0,0.0,0.0,12.3,2.3000000000000003
2022-02-09 00:00:00,0.0,0.0,0.0,12.3,2.7
2022-02-09 01:00:00,0.0,0.0,0.0,12.2,2.9000000000000004
2022-02-09 02:00:00,0.0,0.0,0.0,12.1,2.9000000000000004
2022-02-09 03:00:00,0.0,0.0,0.0,11.7,2.8000000000000003
2022-02-09 04:00:00,0.0,0.0,0.0,11.2,2.7
2022-02-09 05:00:00,0.0,0.0,0.0,10.7,2.8000000000000003
2022-02-09 06:00:00,0.0,0.0,0.0,10.7,3.1
2022-02-09 07:00:00,31.0,241.0,19.0,13.8,4.0
2022-02-09 08:00:00,225.0,707.0,55.0,17.2,4.7
2022-02-09 09:00:00,429.0,871.0,72.0,20.1,4.7
2022-02-09 10:00:00,594.0,942.0,84.0,22.700000000000003,4.7
2022-02-09 11:00:00,703.0,974.0,92.0,24.5,4.3
2022-02-09 12:00:00,737.0,968.0,97.0,25.6,3.7
2022-02-09 13:00:00,710.0,959.0,96.0,26.0,3.1
2022-02-09 14:00:00,612.0,915.0,95.0,25.700000000000003,2.7
2022-02-09 15:00:00,457.0,837.0,86.0,24.3,2.0
2022-02-09 16:00:00,263.0,690.0,68.0,20.4,1.3
2022-02-09 17:00:00,64.0,335.0,33.0,16.900000000000002,1.6
2022-02-09 18:00:00,0.0,0.0,0.0,15.6,1.7000000000000002
2022-02-09 19:00:00,0.0,0.0,0.0,14.5,1.8
2022-02-09 20:00:00,0.0,0.0,0.0,13.8,2.0
2022-02-09 21:00:00,0.0,0.0,0.0,13.4,2.2
2022-02-09 22:00:00,0.0,0.0,0.0,13.4,2.6
2022-02-09 23:00:00,0.0,0.0,0.0,13.3,3.0
2022-02-10 00:00:00,0.0,0.0,0.0,13.3,3.5
2022-02-10 01:00:00,0.0,0.0,0.0,13.2,3.6
2022-02-10 02:00:00,0.0,0.0,0.0,13.2,3.5
2022-02-10 03:00:00,0.0,0.0,0.0,13.0,3.4000000000000004
2022-02-10 04:00:00,0.0,0.0,0.0,12.9,3.3000000000000003
2022-02-10 05:00:00,0.0,0.0,0.0,12.9,3.3000000000000003
2022-02-10 06:00:00,0.0,0.0,0.0,13.0,3.5
2022-02-10 07:00:00,33.0,287.0,19.0,15.2,4.1000000000000005
2022-02-10 08:00:00,223.0,712.0,50.0,17.900000000000002,4.9
2022-02-10 09:00:00,425.0,871.0,65.0,20.5,5.7
2022-02-10 10:00:00,589.0,945.0,74.0,22.5,5.5
2022-02-10 11:00:00,697.0,977.0,80.0,24.0,4.800000000000001
2022-02-10 12:00:00,739.0,985.0,83.0,25.200000000000003,4.0
2022-02-10 13:00:00,704.0,956.0,88.0,26.0,3.3000000000000003
2022-02-10 14:00:00,608.0,913.0,88.0,26.0,2.6
2022-02-10 15:00:00,456.0,837.0,81.0,24.9,1.8
2022-02-10 16:00:00,263.0,691.0,65.0,21.3,1.0
2022-02-10 17:00:00,66.0,348.0,32.0,17.8,1.3
2022-02-10 18:00:00,0.0,0.0,0.0,16.7,1.4
2022-02-10 19:00:00,0.0,0.0,0.0,15.8,1.6
2022-02-10 20:00:00,0.0,0.0,0.0,15.1,1.7000000000000002
2022-02-10 21:00:00,0.0,0.0,0.0,14.5,1.8
2022-02-10 22:00:00,0.0,0.0,0.0,13.9,1.9
2022-02-10 23:00:00,0.0,0.0,0.0,13.5,1.9
2022-02-11 00:00:00,0.0,0.0,0.0,13.2,1.8
2022-02-11 01:00:00,0.0,0.0,0.0,12.9,1.8
2022-02-11 02:00:00,0.0,0.0,0.0,12.7,1.8
2022-02-11 03:00:00,0.0,0.0,0.0,12.4,2.0
2022-02-11 04:00:00,0.0,0.0,0.0,12.2,2.1
2022-02-11 05:00:00,0.0,0.0,0.0,12.1,2.3000000000000003
2022-02-11 06:00:00,0.0,0.0,0.0,12.1,2.3000000000000003
2022-02-11 07:00:00,34.0,254.0,20.0,15.1,2.5
2022-02-11 08:00:00,222.0,679.0,54.0,18.6,3.1
2022-02-11 09:00:00,419.0,835.0,71.0,21.6,2.7
2022-02-11 10:00:00,584.0,926.0,75.0,24.9,1.7000000000000002
2022-02-11 11:00:00,691.0,958.0,82.0,26.8,0.4
2022-02-11 12:00:00,729.0,963.0,85.0,27.200000000000003,0.8
2022-02-11 13:00:00,702.0,951.0,85.0,27.0,1.3
2022-02-11 14:00:00,609.0,916.0,82.0,26.3,1.5
2022-02-11 15:00:00,457.0,847.0,75.0,25.0,1.4
2022-02-11 16:00:00,267.0,713.0,61.0,22.0,1.1
2022-02-11 17:00:00,69.0,384.0,31.0,18.8,0.9
2022-02-11 18:00:00,0.0,0.0,0.0,17.400000000000002,1.1
2022-02-11 19:00:00,0.0,0.0,0.0,16.6,1.2000000000000002
2022-02-11 20:00:00,0.0,0.0,0.0,16.1,1.3
2022-02-11 21:00:00,0.0,0.0,0.0,15.6,1.4
2022-02-11 22:00:00,0.0,0.0,0.0,14.7,1.5
2022-02-11 23:00:00,0.0,0.0,0.0,13.8,1.8
2022-02-12 00:00:00,0.0,0.0,0.0,12.9,2.2
2022-02-12 01:00:00,0.0,0.0,0.0,12.4,2.4000000000000004
2022-02-12 02:00:00,0.0,0.0,0.0,12.2,2.5
2022-02-12 03:00:00,0.0,0.0,0.0,12.2,2.7
2022-02-12 04:00:00,0.0,0.0,0.0,12.4,2.9000000000000004
2022-02-12 05:00:00,0.0,0.0,0.0,12.4,3.0
2022-02-12 06:00:00,0.0,0.0,0.0,12.4,3.0
2022-02-12 07:00:00,40.0,331.0,21.0,15.5,3.4000000000000004
2022-02-12 08:00:00,238.0,743.0,52.0,18.9,4.0
2022-02-12 09:00:00,442.0,892.0,67.0,21.9,4.2
2022-02-12 10:00:00,608.0,960.0,76.0,24.5,3.9
2022-02-12 11:00:00,717.0,992.0,82.0,26.200000000000003,3.2
2022-02-12 12:00:00,754.0,993.0,84.0,27.0,2.7
2022-02-12 13:00:00,727.0,985.0,84.0,27.1,2.4000000000000004
2022-02-12 14:00:00,627.0,946.0,80.0,26.6,2.2
2022-02-12 15:00:00,474.0,879.0,73.0,25.4,1.7000000000000002
2022-02-12 16:00:00,276.0,737.0,60.0,22.4,1.0
2022-02-12 17:00:00,74.0,406.0,32.0,20.5,0.7000000000000001
2022-02-12 18:00:00,0.0,0.0,0.0,19.4,0.9
2022-02-12 19:00:00,0.0,0.0,0.0,18.2,1.3
2022-02-12 20:00:00,0.0,0.0,0.0,17.2,1.4
2022-02-12 21:00:00,0.0,0.0,0.0,16.7,1.5
2022-02-12 22:00:00,0.0,0.0,0.0,16.400000000000002,1.6
2022-02-12 23:00:00,0.0,0.0,0.0,16.0,1.6
2022-02-13 00:00:00,0.0,0.0,0.0,15.6,1.6
2022-02-13 01:00:00,0.0,0.0,0.0,15.1,1.6
2022-02-13 02:00:00,0.0,0.0,0.0,14.5,1.6
2022-02-13 03:00:00,0.0,0.0,0.0,13.9,1.6
2022-02-13 04:00:00,0.0,0.0,0.0,13.5,1.6
2022-02-13 05:00:00,0.0,0.0,0.0,13.0,1.7000000000000002
2022-02-13 06:00:00,0.0,0.0,0.0,12.6,1.8
2022-02-13 07:00:00,29.0,4.0,29.0,15.3,1.8
2022-02-13 08:00:00,229.0,660.0,61.0,19.5,2.6
2022-02-13 09:00:00,431.0,825.0,80.0,22.5,2.3000000000000003
2022-02-13 10:00:00,601.0,931.0,82.0,25.1,1.4
2022-02-13 11:00:00,709.0,964.0,88.0,26.4,0.8
2022-02-13 12:00:00,752.0,976.0,90.0,27.1,0.4
2022-02-13 13:00:00,724.0,961.0,93.0,27.1,0.9
2022-02-13 14:00:00,625.0,921.0,89.0,26.4,1.6
2022-02-13 15:00:00,472.0,853.0,80.0,24.9,2.0
2022-02-13 16:00:00,278.0,717.0,65.0,21.700000000000003,1.9
2022-02-13 17:00:00,76.0,395.0,34.0,18.8,1.8
2022-02-13 18:00:00,0.0,0.0,0.0,17.7,1.6
2022-02-13 19:00:00,0.0,0.0,0.0,16.900000000000002,1.4
2022-02-13 20:00:00,0.0,0.0,0.0,16.400000000000002,1.3
2022-02-13 21:00:00,0.0,0.0,0.0,15.9,1.3
2022-02-13 22:00:00,0.0,0.0,0.0,15.5,1.4
2022-02-13 23:00:00,0.0,0.0,0.0,15.3,1.3
2022-02-14 00:00:00,0.0,0.0,0.0,15.1,1.3
2022-02-14 01:00:00,0.0,0.0,0.0,14.8,1.1
2022-02-14 02:00:00,0.0,0.0,0.0,14.4,0.9
2022-02-14 03:00:00,0.0,0.0,0.0,14.1,0.8
2022-02-14 04:00:00,0.0,0.0,0.0,13.8,0.9
2022-02-14 05:00:00,0.0,0.0,0.0,13.4,1.2000000000000002
2022-02-14 06:00:00,0.0,0.0,0.0,13.1,1.2000000000000002
2022-02-14 07:00:00,32.0,6.0,31.0,14.8,1.2000000000000002
2022-02-14 08:00:00,231.0,653.0,62.0,18.0,2.0
2022-02-14 09:00:00,430.0,811.0,82.0,20.5,1.5
2022-02-14 10:00:00,600.0,917.0,85.0,23.1,1.1
2022-02-14 11:00:00,705.0,945.0,92.0,23.700000000000003,1.9
2022-02-14 12:00:00,746.0,952.0,96.0,23.6,2.5
2022-02-14 13:00:00,721.0,950.0,93.0,23.0,3.2
2022-02-14 14:00:00,623.0,907.0,91.0,21.9,3.5
2022-02-14 15:00:00,474.0,843.0,83.0,20.3,3.1
2022-02-14 16:00:00,280.0,713.0,66.0,17.900000000000002,2.1
2022-02-14 17:00:00,57.0,7.0,56.0,14.4,1.2000000000000002
2022-02-14 18:00:00,0.0,0.0,0.0,13.2,0.7000000000000001
2022-02-14 19:00:00,0.0,0.0,0.0,12.2,0.6000000000000001
2022-02-14 20:00:00,0.0,0.0,0.0,11.9,0.9
2022-02-14 21:00:00,0.0,0.0,0.0,11.5,1.1
2022-02-14 22:00:00,0.0,0.0,0.0,11.0,1.2000000000000002
2022-02-14 23:00:00,0.0,0.0,0.0,11.0,1.1
2022-02-15 00:00:00,0.0,0.0,0.0,11.1,1.1
2022-02-15 01:00:00,0.0,0.0,0.0,11.0,0.8
2022-02-15 02:00:00,0.0,0.0,0.0,11.0,1.0
2022-02-15 03:00:00,0.0,0.0,0.0,10.9,1.3
2022-02-15 04:00:00,0.0,0.0,0.0,10.7,1.4
2022-02-15 05:00:00,0.0,0.0,0.0,10.7,1.4
2022-02-15 06:00:00,0.0,0.0,0.0,10.7,1.4
2022-02-15 07:00:00,11.0,0.0,11.0,11.2,1.9
2022-02-15 08:00:00,132.0,6.0,130.0,11.6,2.7
2022-02-15 09:00:00,17.0,0.0,17.0,12.0,3.3000000000000003
2022-02-15 10:00:00,223.0,2.0,222.0,12.8,3.7
2022-02-15 11:00:00,44.0,0.0,44.0,13.5,4.3
2022-02-15 12:00:00,445.0,158.0,337.0,14.0,4.5
2022-02-15 13:00:00,399.0,108.0,327.0,14.2,4.800000000000001
2022-02-15 14:00:00,617.0,857.0,111.0,13.8,5.0
2022-02-15 15:00:00,466.0,783.0,100.0,12.9,5.1000000000000005
2022-02-15 16:00:00,42.0,0.0,42.0,11.6,4.800000000000001
2022-02-15 17:00:00,20.0,0.0,20.0,9.8,3.7
2022-02-15 18:00:00,0.0,0.0,0.0,8.8,3.4000000000000004
2022-02-15 19:00:00,0.0,0.0,0.0,7.9,3.1
2022-02-15 20:00:00,0.0,0.0,0.0,7.2,2.7
2022-02-15 21:00:00,0.0,0.0,0.0,7.2,2.6
2022-02-15 22:00:00,0.0,0.0,0.0,6.800000000000001,2.4000000000000004
2022-02-15 23:00:00,0.0,0.0,0.0,6.5,2.5
2022-02-16 00:00:00,0.0,0.0,0.0,6.2,2.6
2022-02-16 01:00:00,0.0,0.0,0.0,6.0,2.5
2022-02-16 02:00:00,0.0,0.0,0.0,5.7,2.4000000000000004
2022-02-16 03:00:00,0.0,0.0,0.0,5.300000000000001,2.2
2022-02-16 04:00:00,0.0,0.0,0.0,4.9,2.2
2022-02-16 05:00:00,0.0,0.0,0.0,4.6000000000000005,2.1
2022-02-16 06:00:00,0.0,0.0,0.0,4.6000000000000005,2.1
2022-02-16 07:00:00,47.0,320.0,24.0,7.4,2.9000000000000004
2022-02-16 08:00:00,245.0,702.0,58.0,10.0,2.7
2022-02-16 09:00:00,444.0,843.0,75.0,13.6,1.7000000000000002
2022-02-16 10:00:00,605.0,905.0,89.0,16.1,1.2000000000000002
2022-02-16 11:00:00,712.0,937.0,97.0,17.2,2.3000000000000003
2022-02-16 12:00:00,750.0,940.0,101.0,17.7,3.0
2022-02-16 13:00:00,722.0,927.0,101.0,17.6,3.4000000000000004
2022-02-16 14:00:00,624.0,882.0,99.0,17.1,3.6
2022-02-16 15:00:00,471.0,805.0,92.0,16.0,3.5
2022-02-16 16:00:00,278.0,657.0,76.0,14.0,2.9000000000000004
2022-02-16 17:00:00,79.0,338.0,40.0,10.7,1.4
2022-02-16 18:00:00,0.0,0.0,0.0,9.5,1.0
2022-02-16 19:00:00,0.0,0.0,0.0,9.1,1.0
2022-02-16 20:00:00,0.0,0.0,0.0,8.8,1.3
2022-02-16 21:00:00,0.0,0.0,0.0,8.1,1.6
2022-02-16 22:00:00,0.0,0.0,0.0,7.6,1.7000000000000002
2022-02-16 23:00:00,0.0,0.0,0.0,7.5,1.9
2022-02-17 00:00:00,0.0,0.0,0.0,7.300000000000001,2.1
2022-02-17 01:00:00,0.0,0.0,0.0,7.1000000000000005,2.0
2022-02-17 02:00:00,0.0,0.0,0.0,6.9,2.0
2022-02-17 03:00:00,0.0,0.0,0.0,6.800000000000001,2.2
2022-02-17 04:00:00,0.0,0.0,0.0,6.6000000000000005,2.2
2022-02-17 05:00:00,0.0,0.0,0.0,6.4,2.2
2022-02-17 06:00:00,0.0,0.0,0.0,6.4,2.2
2022-02-17 07:00:00,58.0,460.0,23.0,9.4,3.2
2022-02-17 08:00:00,269.0,812.0,49.0,12.4,5.0
2022-02-17 09:00:00,477.0,942.0,61.0,14.8,5.800000000000001
2022-02-17 10:00:00,645.0,995.0,72.0,16.5,5.1000000000000005
2022-02-17 11:00:00,755.0,1022.0,79.0,17.900000000000002,4.2
2022-02-17 12:00:00,790.0,1018.0,82.0,19.0,3.1
2022-02-17 13:00:00,760.0,997.0,88.0,19.6,1.9
2022-02-17 14:00:00,663.0,965.0,85.0,19.4,0.8
2022-02-17 15:00:00,502.0,892.0,78.0,18.5,0.5
2022-02-17 16:00:00,303.0,768.0,64.0,16.3,1.5
2022-02-17 17:00:00,93.0,468.0,36.0,13.7,1.7000000000000002
2022-02-17 18:00:00,0.0,0.0,0.0,12.6,1.7000000000000002
2022-02-17 19:00:00,0.0,0.0,0.0,11.6,1.6
2022-02-17 20:00:00,0.0,0.0,0.0,11.0,1.5
2022-02-17 21:00:00,0.0,0.0,0.0,10.4,1.4
2022-02-17 22:00:00,0.0,0.0,0.0,9.8,1.4
2022-02-17 23:00:00,0.0,0.0,0.0,9.2,1.5
2022-02-18 00:00:00,0.0,0.0,0.0,8.5,1.7000000000000002
2022-02-18 01:00:00,0.0,0.0,0.0,7.9,1.9
2022-02-18 02:00:00,0.0,0.0,0.0,7.5,2.0
2022-02-18 03:00:00,0.0,0.0,0.0,7.1000000000000005,2.1
2022-02-18 04:00:00,0.0,0.0,0.0,6.800000000000001,2.1
2022-02-18 05:00:00,0.0,0.0,0.0,6.5,2.2
2022-02-18 06:00:00,0.0,0.0,0.0,6.6000000000000005,2.2
2022-02-18 07:00:00,55.0,369.0,26.0,10.4,2.5
2022-02-18 08:00:00,260.0,738.0,57.0,13.8,3.3000000000000003
2022-02-18 09:00:00,466.0,880.0,73.0,17.0,2.8000000000000003
2022-02-18 10:00:00,631.0,945.0,83.0,19.200000000000003,2.3000000000000003
2022-02-18 11:00:00,735.0,969.0,90.0,20.6,1.8
2022-02-18 12:00:00,777.0,976.0,94.0,21.200000000000003,1.3
2022-02-18 13:00:00,749.0,965.0,94.0,21.4,0.9
2022-02-18 14:00:00,648.0,922.0,92.0,21.0,0.9
2022-02-18 15:00:00,493.0,850.0,85.0,20.0,1.4
2022-02-18 16:00:00,296.0,714.0,70.0,17.5,2.2
2022-02-18 17:00:00,88.0,397.0,39.0,14.8,2.0
2022-02-18 18:00:00,0.0,0.0,0.0,13.7,1.5
2022-02-18 19:00:00,0.0,0.0,0.0,12.5,1.0
2022-02-18 20:00:00,0.0,0.0,0.0,11.8,0.9
2022-02-18 21:00:00,0.0,0.0,0.0,11.3,0.9
2022-02-18 22:00:00,0.0,0.0,0.0,11.0,0.9
2022-02-18 23:00:00,0.0,0.0,0.0,10.8,0.9
2022-02-19 00:00:00,0.0,0.0,0.0,10.6,0.9
2022-02-19 01:00:00,0.0,0.0,0.0,10.4,1.0
2022-02-19 02:00:00,0.0,0.0,0.0,10.1,1.1
2022-02-19 03:00:00,0.0,0.0,0.0,9.8,1.2000000000000002
2022-02-19 04:00:00,0.0,0.0,0.0,9.5,1.3
2022-02-19 05:00:00,0.0,0.0,0.0,9.2,1.4
2022-02-19 06:00:00,0.0,0.0,0.0,9.3,1.4
2022-02-19 07:00:00,53.0,300.0,28.0,12.6,1.5
2022-02-19 08:00:00,253.0,673.0,65.0,16.2,2.3000000000000003
2022-02-19 09:00:00,456.0,828.0,83.0,19.3,2.1
2022-02-19 10:00:00,628.0,933.0,83.0,21.200000000000003,2.0
2022-02-19 11:00:00,736.0,962.0,91.0,22.200000000000003,1.8
2022-02-19 12:00:00,774.0,963.0,96.0,22.5,2.0
2022-02-19 13:00:00,592.0,299.0,388.0,22.3,2.3000000000000003
2022-02-19 14:00:00,648.0,916.0,92.0,21.6,2.5
2022-02-19 15:00:00,480.0,648.0,167.0,20.200000000000003,2.5
2022-02-19 16:00:00,296.0,710.0,70.0,17.6,2.1
2022-02-19 17:00:00,77.0,52.0,70.0,15.1,1.6
2022-02-19 18:00:00,0.0,0.0,0.0,14.6,1.1
2022-02-19 19:00:00,0.0,0.0,0.0,14.7,0.6000000000000001
2022-02-19 20:00:00,0.0,0.0,0.0,14.6,0.2
2022-02-19 21:00:00,0.0,0.0,0.0,14.0,0.4
2022-02-19 22:00:00,0.0,0.0,0.0,13.1,0.7000000000000001
2022-02-19 23:00:00,0.0,0.0,0.0,12.2,0.8
2022-02-20 00:00:00,0.0,0.0,0.0,11.7,0.7000000000000001
2022-02-20 01:00:00,0.0,0.0,0.0,11.2,0.2
2022-02-20 02:00:00,0.0,0.0,0.0,10.7,0.4
2022-02-20 03:00:00,0.0,0.0,0.0,10.4,0.8
2022-02-20 04:00:00,0.0,0.0,0.0,10.1,1.1
2022-02-20 05:00:00,0.0,0.0,0.0,10.0,1.1
2022-02-20 06:00:00,0.0,0.0,0.0,10.1,0.9
2022-02-20 07:00:00,56.0,298.0,30.0,12.0,0.9
2022-02-20 08:00:00,255.0,657.0,69.0,14.5,0.8
2022-02-20 09:00:00,456.0,811.0,87.0,17.3,0.6000000000000001
2022-02-20 10:00:00,623.0,897.0,94.0,18.8,1.7000000000000002
2022-02-20 11:00:00,726.0,921.0,104.0,19.3,2.7
2022-02-20 12:00:00,766.0,924.0,111.0,19.1,3.5
2022-02-20 13:00:00,734.0,901.0,115.0,18.5,3.9
2022-02-20 14:00:00,640.0,866.0,110.0,17.400000000000002,4.0
2022-02-20 15:00:00,452.0,540.0,188.0,16.0,3.5
2022-02-20 16:00:00,293.0,651.0,83.0,13.9,2.6
2022-02-20 17:00:00,72.0,23.0,69.0,11.8,1.8
2022-02-20 18:00:00,0.0,0.0,0.0,11.0,1.3
2022-02-20 19:00:00,0.0,0.0,0.0,10.5,1.2000000000000002
2022-02-20 20:00:00,0.0,0.0,0.0,10.2,1.3
2022-02-20 21:00:00,0.0,0.0,0.0,10.2,1.6
2022-02-20 22:00:00,0.0,0.0,0.0,10.0,1.6
2022-02-20 23:00:00,0.0,0.0,0.0,9.9,1.8
2022-02-21 00:00:00,0.0,0.0,0.0,9.7,1.7000000000000002
2022-02-21 01:00:00,0.0,0.0,0.0,9.7,1.6
2022-02-21 02:00:00,0.0,0.0,0.0,9.5,1.7000000000000002
2022-02-21 03:00:00,0.0,0.0,0.0,9.6,2.0
2022-02-21 04:00:00,0.0,0.0,0.0,9.6,2.1
2022-02-21 05:00:00,0.0,0.0,0.0,9.7,2.2
2022-02-21 06:00:00,0.0,0.0,0.0,9.7,2.4000000000000004
2022-02-21 07:00:00,52.0,141.0,39.0,10.1,3.3000000000000003
2022-02-21 08:00:00,202.0,133.0,164.0,10.6,3.9
2022-02-21 09:00:00,446.0,714.0,118.0,11.3,4.3
2022-02-21 10:00:00,230.0,1.0,229.0,12.2,4.3
2022-02-21 11:00:00,310.0,5.0,307.0,13.5,4.1000000000000005
2022-02-21 12:00:00,68.0,0.0,68.0,14.6,4.0
2022-02-21 13:00:00,748.0,917.0,114.0,15.0,4.3
2022-02-21 14:00:00,304.0,14.0,296.0,14.8,4.6000000000000005
2022-02-21 15:00:00,496.0,811.0,98.0,14.0,4.5
2022-02-21 16:00:00,298.0,659.0,83.0,12.5,4.2
2022-02-21 17:00:00,65.0,3.0,65.0,9.9,2.8000000000000003
2022-02-21 18:00:00,0.0,0.0,0.0,8.700000000000001,2.5
2022-02-21 19:00:00,0.0,0.0,0.0,8.4,2.3000000000000003
2022-02-21 20:00:00,0.0,0.0,0.0,8.6,2.2
2022-02-21 21:00:00,0.0,0.0,0.0,8.8,2.4000000000000004
2022-02-21 22:00:00,0.0,0.0,0.0,8.700000000000001,2.4000000000000004
2022-02-21 23:00:00,0.0,0.0,0.0,8.6,2.3000000000000003
2022-02-22 00:00:00,0.0,0.0,0.0,8.3,2.0
2022-02-22 01:00:00,0.0,0.0,0.0,8.4,2.2
2022-02-22 02:00:00,0.0,0.0,0.0,8.3,2.2
2022-02-22 03:00:00,0.0,0.0,0.0,7.800000000000001,2.0
2022-02-22 04:00:00,0.0,0.0,0.0,7.4,2.0
2022-02-22 05:00:00,0.0,0.0,0.0,7.0,1.9
2022-02-22 06:00:00,0.0,0.0,0.0,6.800000000000001,1.9
2022-02-22 07:00:00,37.0,0.0,37.0,8.3,2.8000000000000003
2022-02-22 08:00:00,263.0,666.0,69.0,10.0,3.8
2022-02-22 09:00:00,302.0,66.0,271.0,11.1,4.5
2022-02-22 10:00:00,320.0,31.0,301.0,11.8,5.2
2022-02-22 11:00:00,59.0,0.0,59.0,12.2,5.9
2022-02-22 12:00:00,444.0,85.0,383.0,12.3,6.4
2022-02-22 13:00:00,552.0,195.0,416.0,12.0,6.800000000000001
2022-02-22 14:00:00,648.0,868.0,110.0,11.5,7.0
2022-02-22 15:00:00,496.0,801.0,100.0,11.0,6.9
2022-02-22 16:00:00,212.0,57.0,193.0,10.0,6.5
2022-02-22 17:00:00,96.0,345.0,49.0,8.700000000000001,5.6000000000000005
2022-02-22 18:00:00,0.0,0.0,0.0,8.0,5.4
2022-02-22 19:00:00,0.0,0.0,0.0,7.4,5.1000000000000005
2022-02-22 20:00:00,0.0,0.0,0.0,7.0,4.7
2022-02-22 21:00:00,0.0,0.0,0.0,6.7,4.2
2022-02-22 22:00:00,0.0,0.0,0.0,6.2,3.8
2022-02-22 23:00:00,0.0,0.0,0.0,6.0,3.8
2022-02-23 00:00:00,0.0,0.0,0.0,5.800000000000001,3.6
2022-02-23 01:00:00,0.0,0.0,0.0,5.6000000000000005,3.1
2022-02-23 02:00:00,0.0,0.0,0.0,5.0,2.7
2022-02-23 03:00:00,0.0,0.0,0.0,4.800000000000001,2.9000000000000004
2022-02-23 04:00:00,0.0,0.0,0.0,4.800000000000001,3.1
2022-02-23 05:00:00,0.0,0.0,0.0,4.7,3.3000000000000003
2022-02-23 06:00:00,0.0,0.0,0.0,4.4,3.2
2022-02-23 07:00:00,70.0,389.0,32.0,5.6000000000000005,4.1000000000000005
2022-02-23 08:00:00,281.0,742.0,61.0,6.800000000000001,4.5
2022-02-23 09:00:00,487.0,879.0,75.0,8.3,4.5
2022-02-23 10:00:00,650.0,928.0,91.0,9.5,4.4
2022-02-23 11:00:00,440.0,137.0,345.0,10.4,4.3
2022-02-23 12:00:00,164.0,0.0,164.0,10.8,4.4
2022-02-23 13:00:00,19.0,0.0,19.0,10.9,4.7
2022-02-23 14:00:00,104.0,1.0,103.0,10.6,5.0
2022-02-23 15:00:00,102.0,1.0,102.0,10.0,5.2
2022-02-23 16:00:00,252.0,264.0,164.0,9.0,4.800000000000001
2022-02-23 17:00:00,104.0,415.0,46.0,7.0,3.4000000000000004
2022-02-23 18:00:00,0.0,0.0,0.0,5.5,2.9000000000000004
2022-02-23 19:00:00,0.0,0.0,0.0,4.7,2.7
2022-02-23 20:00:00,0.0,0.0,0.0,3.9,2.6
2022-02-23 21:00:00,0.0,0.0,0.0,3.3000000000000003,2.5
2022-02-23 22:00:00,0.0,0.0,0.0,2.8000000000000003,2.5
2022-02-23 23:00:00,0.0,0.0,0.0,2.5,2.5
2022-02-24 00:00:00,0.0,0.0,0.0,2.3000000000000003,2.6
2022-02-24 01:00:00,0.0,0.0,0.0,2.2,2.7
2022-02-24 02:00:00,0.0,0.0,0.0,2.0,2.6
2022-02-24 03:00:00,0.0,0.0,0.0,1.9,2.5
2022-02-24 04:00:00,0.0,0.0,0.0,1.7000000000000002,2.3000000000000003
2022-02-24 05:00:00,0.0,0.0,0.0,1.4,2.1
2022-02-24 06:00:00,0.0,0.0,0.0,1.8,2.0
2022-02-24 07:00:00,82.0,509.0,30.0,5.7,2.8000000000000003
2022-02-24 08:00:00,301.0,822.0,54.0,8.5,3.4000000000000004
2022-02-24 09:00:00,512.0,942.0,66.0,10.6,2.4000000000000004
2022-02-24 10:00:00,681.0,997.0,76.0,12.2,1.2000000000000002
2022-02-24 11:00:00,791.0,1024.0,81.0,13.3,0.3
2022-02-24 12:00:00,834.0,1032.0,84.0,14.1,1.4
2022-02-24 13:00:00,796.0,1007.0,86.0,14.4,2.3000000000000003
2022-02-24 14:00:00,697.0,977.0,84.0,14.3,2.9000000000000004
2022-02-24 15:00:00,538.0,917.0,77.0,13.6,3.4000000000000004
2022-02-24 16:00:00,331.0,788.0,65.0,11.9,3.5
2022-02-24 17:00:00,114.0,515.0,40.0,8.3,2.6
2022-02-24 18:00:00,0.0,0.0,0.0,6.7,2.2
2022-02-24 19:00:00,0.0,0.0,0.0,6.1000000000000005,1.9
2022-02-24 20:00:00,0.0,0.0,0.0,5.9,1.7000000000000002
2022-02-24 21:00:00,0.0,0.0,0.0,6.1000000000000005,1.5
2022-02-24 22:00:00,0.0,0.0,0.0,6.0,1.3
2022-02-24 23:00:00,0.0,0.0,0.0,5.5,1.2000000000000002
2022-02-25 00:00:00,0.0,0.0,0.0,4.800000000000001,1.3
2022-02-25 01:00:00,0.0,0.0,0.0,4.2,1.4
2022-02-25 02:00:00,0.0,0.0,0.0,3.7,1.6
2022-02-25 03:00:00,0.0,0.0,0.0,3.3000000000000003,1.7000000000000002
2022-02-25 04:00:00,0.0,0.0,0.0,3.0,1.9
2022-02-25 05:00:00,0.0,0.0,0.0,2.9000000000000004,2.1
2022-02-25 06:00:00,0.0,0.0,0.0,3.3000000000000003,2.2
2022-02-25 07:00:00,77.0,413.0,33.0,6.9,2.9000000000000004
2022-02-25 08:00:00,286.0,730.0,63.0,10.0,2.8000000000000003
2022-02-25 09:00:00,495.0,870.0,79.0,12.9,2.4000000000000004
2022-02-25 10:00:00,663.0,943.0,86.0,14.6,1.7000000000000002
2022-02-25 11:00:00,767.0,966.0,93.0,15.7,0.9
2022-02-25 12:00:00,808.0,973.0,97.0,16.5,0.9
2022-02-25 13:00:00,784.0,970.0,96.0,16.8,1.4
2022-02-25 14:00:00,686.0,937.0,94.0,16.6,1.9
2022-02-25 15:00:00,528.0,872.0,87.0,15.9,2.4000000000000004
2022-02-25 16:00:00,327.0,746.0,73.0,14.2,2.5
2022-02-25 17:00:00,114.0,479.0,44.0,11.0,2.1
2022-02-25 18:00:00,0.0,0.0,0.0,9.6,1.9
2022-02-25 19:00:00,0.0,0.0,0.0,8.9,1.6
2022-02-25 20:00:00,0.0,0.0,0.0,8.200000000000001,1.2000000000000002
2022-02-25 21:00:00,0.0,0.0,0.0,7.6,1.0
2022-02-25 22:00:00,0.0,0.0,0.0,7.300000000000001,1.0
2022-02-25 23:00:00,0.0,0.0,0.0,6.800000000000001,1.1
2022-02-26 00:00:00,0.0,0.0,0.0,6.0,1.5
2022-02-26 01:00:00,0.0,0.0,0.0,5.5,1.8
2022-02-26 02:00:00,0.0,0.0,0.0,5.1000000000000005,1.9
2022-02-26 03:00:00,0.0,0.0,0.0,4.9,2.0
2022-02-26 04:00:00,0.0,0.0,0.0,4.6000000000000005,2.2
2022-02-26 05:00:00,0.0,0.0,0.0,4.3,2.4000000000000004
2022-02-26 06:00:00,0.0,0.0,0.0,4.7,2.7
2022-02-26 07:00:00,89.0,513.0,32.0,8.8,3.8
2022-02-26 08:00:00,309.0,816.0,57.0,11.8,4.3
2022-02-26 09:00:00,521.0,939.0,69.0,14.5,4.1000000000000005
2022-02-26 10:00:00,690.0,991.0,79.0,16.3,3.2
2022-02-26 11:00:00,800.0,1018.0,85.0,17.8,2.4000000000000004
2022-02-26 12:00:00,800.0,824.0,194.0,18.9,1.5
2022-02-26 13:00:00,779.0,827.0,190.0,19.200000000000003,0.8
2022-02-26 14:00:00,689.0,797.0,182.0,19.0,0.4
2022-02-26 15:00:00,166.0,6.0,163.0,18.1,0.5
2022-02-26 16:00:00,340.0,786.0,69.0,15.6,1.2000000000000002
2022-02-26 17:00:00,89.0,47.0,82.0,12.8,1.6
2022-02-26 18:00:00,0.0,0.0,0.0,11.0,1.4
2022-02-26 19:00:00,0.0,0.0,0.0,9.5,1.4
2022-02-26 20:00:00,0.0,0.0,0.0,8.700000000000001,1.6
2022-02-26 21:00:00,0.0,0.0,0.0,8.1,1.7000000000000002
2022-02-26 22:00:00,0.0,0.0,0.0,7.7,1.9
2022-02-26 23:00:00,0.0,0.0,0.0,7.300000000000001,2.2
2022-02-27 00:00:00,0.0,0.0,0.0,6.9,2.5
2022-02-27 01:00:00,0.0,0.0,0.0,6.6000000000000005,2.7
2022-02-27 02:00:00,0.0,0.0,0.0,6.300000000000001,2.8000000000000003
2022-02-27 03:00:00,0.0,0.0,0.0,6.1000000000000005,2.8000000000000003
2022-02-27 04:00:00,0.0,0.0,0.0,5.9,2.9000000000000004
2022-02-27 05:00:00,0.0,0.0,0.0,5.800000000000001,3.0
2022-02-27 06:00:00,0.0,0.0,0.0,6.5,3.1
2022-02-27 07:00:00,86.0,442.0,35.0,10.4,4.2
2022-02-27 08:00:00,298.0,747.0,64.0,13.4,4.4
2022-02-27 09:00:00,504.0,873.0,79.0,16.6,3.8
2022-02-27 10:00:00,670.0,938.0,88.0,18.8,3.2
2022-02-27 11:00:00,779.0,970.0,94.0,20.4,2.6
2022-02-27 12:00:00,788.0,812.0,187.0,21.4,1.9
2022-02-27 13:00:00,790.0,967.0,97.0,21.9,1.2000000000000002
2022-02-27 14:00:00,691.0,931.0,95.0,21.700000000000003,0.6000000000000001
2022-02-27 15:00:00,530.0,861.0,88.0,20.6,0.4
2022-02-27 16:00:00,330.0,736.0,74.0,17.8,1.0
2022-02-27 17:00:00,117.0,462.0,46.0,14.3,1.0
2022-02-27 18:00:00,0.0,0.0,0.0,12.8,1.2000000000000002
2022-02-27 19:00:00,0.0,0.0,0.0,12.0,1.4
2022-02-27 20:00:00,0.0,0.0,0.0,11.3,1.5
2022-02-27 21:00:00,0.0,0.0,0.0,10.9,1.7000000000000002
2022-02-27 22:00:00,0.0,0.0,0.0,10.4,1.8
2022-02-27 23:00:00,0.0,0.0,0.0,10.1,2.0
2022-02-28 00:00:00,0.0,0.0,0.0,9.8,2.2
2022-02-28 01:00:00,0.0,0.0,0.0,9.6,2.3000000000000003
2022-02-28 02:00:00,0.0,0.0,0.0,9.4,2.5
2022-02-28 03:00:00,0.0,0.0,0.0,9.3,2.7
2022-02-28 04:00:00,0.0,0.0,0.0,9.2,2.8000000000000003
2022-02-28 05:00:00,0.0,0.0,0.0,9.1,3.1
2022-02-28 06:00:00,0.0,0.0,0.0,9.9,3.5
2022-02-28 07:00:00,93.0,484.0,34.0,13.8,4.6000000000000005
2022-02-28 08:00:00,289.0,550.0,114.0,16.900000000000002,4.5
2022-02-28 09:00:00,377.0,309.0,225.0,20.200000000000003,4.6000000000000005
2022-02-28 10:00:00,685.0,959.0,85.0,22.5,4.4
2022-02-28 11:00:00,795.0,991.0,89.0,24.0,4.2
2022-02-28 12:00:00,837.0,1003.0,90.0,25.1,3.9
2022-02-28 13:00:00,807.0,993.0,90.0,25.8,3.4000000000000004
2022-02-28 14:00:00,708.0,962.0,88.0,25.9,2.9000000000000004
2022-02-28 15:00:00,549.0,905.0,80.0,25.3,2.3000000000000003
2022-02-28 16:00:00,349.0,802.0,67.0,22.5,1.0
2022-02-28 17:00:00,129.0,557.0,42.0,17.8,0.7000000000000001
2022-02-28 18:00:00,0.0,0.0,0.0,16.1,0.9
2022-02-28 19:00:00,0.0,0.0,0.0,15.3,1.3
2022-02-28 20:00:00,0.0,0.0,0.0,14.5,1.5
2022-02-28 21:00:00,0.0,0.0,0.0,13.5,1.7000000000000002
2022-02-28 22:00:00,0.0,0.0,0.0,12.5,1.9
2022-02-28 23:00:00,0.0,0.0,0.0,11.7,2.1
2022-03-01 00:00:00,0.0,0.0,0.0,11.2,2.3000000000000003
2022-03-01 01:00:00,0.0,0.0,0.0,10.9,2.5
2022-03-01 02:00:00,0.0,0.0,0.0,10.6,2.6
2022-03-01 03:00:00,0.0,0.0,0.0,10.4,2.8000000000000003
2022-03-01 04:00:00,0.0,0.0,0.0,10.4,3.1
2022-03-01 05:00:00,0.0,0.0,0.0,10.3,3.1
2022-03-01 06:00:00,0.0,0.0,0.0,11.1,2.9000000000000004
2022-03-01 07:00:00,103.0,550.0,34.0,15.8,3.2
2022-03-01 08:00:00,326.0,828.0,58.0,19.700000000000003,3.6
2022-03-01 09:00:00,532.0,929.0,71.0,23.1,3.3000000000000003
2022-03-01 10:00:00,700.0,985.0,80.0,26.1,2.7
2022-03-01 11:00:00,810.0,1010.0,86.0,27.9,1.5
2022-03-01 12:00:00,844.0,1009.0,89.0,28.4,0.5
2022-03-01 13:00:00,812.0,993.0,92.0,27.8,1.3
2022-03-01 14:00:00,707.0,953.0,90.0,26.8,2.1
2022-03-01 15:00:00,548.0,893.0,83.0,25.4,2.5
2022-03-01 16:00:00,343.0,769.0,70.0,22.9,2.3000000000000003
2022-03-01 17:00:00,125.0,508.0,44.0,19.9,1.8
2022-03-01 18:00:00,0.0,0.0,0.0,18.8,1.4
2022-03-01 19:00:00,0.0,0.0,0.0,18.4,1.0
2022-03-01 20:00:00,0.0,0.0,0.0,17.7,0.9
2022-03-01 21:00:00,0.0,0.0,0.0,16.7,1.1
2022-03-01 22:00:00,0.0,0.0,0.0,15.2,1.2000000000000002
2022-03-01 23:00:00,0.0,0.0,0.0,14.0,1.3
2022-03-02 00:00:00,0.0,0.0,0.0,13.3,1.5
2022-03-02 01:00:00,0.0,0.0,0.0,12.9,1.6
2022-03-02 02:00:00,0.0,0.0,0.0,12.7,1.6
2022-03-02 03:00:00,0.0,0.0,0.0,12.8,1.6
2022-03-02 04:00:00,0.0,0.0,0.0,13.1,1.6
2022-03-02 05:00:00,0.0,0.0,0.0,13.3,1.5
2022-03-02 06:00:00,0.0,0.0,0.0,13.6,1.5
2022-03-02 07:00:00,92.0,380.0,43.0,16.1,1.3
2022-03-02 08:00:00,305.0,689.0,79.0,19.6,2.2
2022-03-02 09:00:00,512.0,828.0,98.0,22.3,2.2
2022-03-02 10:00:00,688.0,934.0,95.0,24.5,2.2
2022-03-02 11:00:00,789.0,948.0,106.0,25.6,2.1
2022-03-02 12:00:00,827.0,944.0,115.0,26.1,2.1
2022-03-02 13:00:00,797.0,947.0,106.0,26.1,2.2
2022-03-02 14:00:00,696.0,905.0,106.0,25.6,2.3000000000000003
2022-03-02 15:00:00,538.0,837.0,98.0,24.4,2.2
2022-03-02 16:00:00,338.0,714.0,82.0,22.1,1.5
2022-03-02 17:00:00,124.0,455.0,50.0,18.1,0.7000000000000001
2022-03-02 18:00:00,0.0,0.0,0.0,17.1,0.3
2022-03-02 19:00:00,0.0,0.0,0.0,17.3,0.3
2022-03-02 20:00:00,0.0,0.0,0.0,17.400000000000002,0.6000000000000001
2022-03-02 21:00:00,0.0,0.0,0.0,17.1,0.9
2022-03-02 22:00:00,0.0,0.0,0.0,16.1,1.0
2022-03-02 23:00:00,0.0,0.0,0.0,15.3,1.0
2022-03-03 00:00:00,0.0,0.0,0.0,14.7,0.9
2022-03-03 01:00:00,0.0,0.0,0.0,14.0,1.0
2022-03-03 02:00:00,0.0,0.0,0.0,13.1,1.2000000000000002
2022-03-03 03:00:00,0.0,0.0,0.0,12.5,1.5
2022-03-03 04:00:00,0.0,0.0,0.0,12.5,1.6
2022-03-03 05:00:00,0.0,0.0,0.0,12.5,1.6
2022-03-03 06:00:00,0.0,0.0,0.0,12.6,1.6
2022-03-03 07:00:00,15.0,0.0,15.0,14.0,1.6
2022-03-03 08:00:00,170.0,34.0,159.0,16.0,2.4000000000000004
2022-03-03 09:00:00,343.0,181.0,252.0,17.3,2.7
2022-03-03 10:00:00,656.0,692.0,213.0,18.1,3.0
2022-03-03 11:00:00,657.0,523.0,277.0,18.4,3.3000000000000003
2022-03-03 12:00:00,823.0,924.0,122.0,18.3,3.6
2022-03-03 13:00:00,791.0,916.0,118.0,18.0,3.8
2022-03-03 14:00:00,694.0,888.0,111.0,17.3,3.9
2022-03-03 15:00:00,539.0,833.0,98.0,16.3,3.9
2022-03-03 16:00:00,338.0,710.0,81.0,14.9,3.8
2022-03-03 17:00:00,123.0,422.0,53.0,12.5,2.8000000000000003
2022-03-03 18:00:00,0.0,0.0,0.0,11.6,2.3000000000000003
2022-03-03 19:00:00,0.0,0.0,0.0,11.7,1.7000000000000002
2022-03-03 20:00:00,0.0,0.0,0.0,11.6,1.5
2022-03-03 21:00:00,0.0,0.0,0.0,11.1,1.6
2022-03-03 22:00:00,0.0,0.0,0.0,10.7,1.9
2022-03-03 23:00:00,0.0,0.0,0.0,10.9,2.3000000000000003
2022-03-04 00:00:00,0.0,0.0,0.0,10.7,1.8
2022-03-04 01:00:00,0.0,0.0,0.0,10.5,1.5
2022-03-04 02:00:00,0.0,0.0,0.0,10.5,1.3
2022-03-04 03:00:00,0.0,0.0,0.0,10.5,1.3
2022-03-04 04:00:00,0.0,0.0,0.0,10.4,1.2000000000000002
2022-03-04 05:00:00,0.0,0.0,0.0,10.3,1.2000000000000002
2022-03-04 06:00:00,0.0,0.0,0.0,10.3,1.1
2022-03-04 07:00:00,89.0,73.0,79.0,11.0,1.5
2022-03-04 08:00:00,300.0,611.0,93.0,11.9,1.8
2022-03-04 09:00:00,320.0,56.0,291.0,13.3,2.1
2022-03-04 10:00:00,657.0,821.0,128.0,14.7,2.6
2022-03-04 11:00:00,162.0,0.0,162.0,15.6,3.3000000000000003
2022-03-04 12:00:00,447.0,132.0,347.0,15.7,4.2
2022-03-04 13:00:00,107.0,0.0,107.0,15.3,5.0
2022-03-04 14:00:00,365.0,88.0,307.0,14.5,5.4
2022-03-04 15:00:00,23.0,0.0,23.0,13.5,5.300000000000001
2022-03-04 16:00:00,13.0,0.0,13.0,12.7,4.9
2022-03-04 17:00:00,5.0,0.0,5.0,11.8,4.1000000000000005
2022-03-04 18:00:00,0.0,0.0,0.0,11.1,3.6
2022-03-04 19:00:00,0.0,0.0,0.0,10.8,3.1
2022-03-04 20:00:00,0.0,0.0,0.0,10.5,2.9000000000000004
2022-03-04 21:00:00,0.0,0.0,0.0,10.3,3.0
2022-03-04 22:00:00,0.0,0.0,0.0,10.1,2.8000000000000003
2022-03-04 23:00:00,0.0,0.0,0.0,9.9,2.6
2022-03-05 00:00:00,0.0,0.0,0.0,9.5,2.8000000000000003
2022-03-05 01:00:00,0.0,0.0,0.0,8.9,3.1
2022-03-05 02:00:00,0.0,0.0,0.0,7.800000000000001,3.1
2022-03-05 03:00:00,0.0,0.0,0.0,6.5,2.9000000000000004
2022-03-05 04:00:00,0.0,0.0,0.0,5.2,2.8000000000000003
2022-03-05 05:00:00,0.0,0.0,0.0,4.2,2.5
2022-03-05 06:00:00,0.0,0.0,0.0,4.6000000000000005,2.4000000000000004
2022-03-05 07:00:00,50.0,1.0,50.0,7.300000000000001,3.6
2022-03-05 08:00:00,327.0,750.0,71.0,9.3,4.3
2022-03-05 09:00:00,310.0,48.0,285.0,10.5,4.9
2022-03-05 10:00:00,562.0,315.0,358.0,11.3,5.2
2022-03-05 11:00:00,613.0,244.0,434.0,12.0,5.300000000000001
2022-03-05 12:00:00,643.0,248.0,453.0,12.7,5.4
2022-03-05 13:00:00,198.0,0.0,198.0,12.8,5.6000000000000005
2022-03-05 14:00:00,553.0,380.0,301.0,12.6,5.800000000000001
2022-03-05 15:00:00,24.0,0.0,24.0,12.0,5.9
2022-03-05 16:00:00,277.0,292.0,170.0,11.1,5.7
2022-03-05 17:00:00,79.0,2.0,78.0,9.6,4.5
2022-03-05 18:00:00,0.0,0.0,0.0,8.200000000000001,3.8
2022-03-05 19:00:00,0.0,0.0,0.0,7.5,3.4000000000000004
2022-03-05 20:00:00,0.0,0.0,0.0,6.800000000000001,3.0
2022-03-05 21:00:00,0.0,0.0,0.0,6.1000000000000005,2.7
2022-03-05 22:00:00,0.0,0.0,0.0,5.6000000000000005,2.4000000000000004
2022-03-05 23:00:00,0.0,0.0,0.0,5.0,2.2
2022-03-06 00:00:00,0.0,0.0,0.0,4.6000000000000005,2.1
2022-03-06 01:00:00,0.0,0.0,0.0,4.1000000000000005,2.1
2022-03-06 02:00:00,0.0,0.0,0.0,3.7,2.1
2022-03-06 03:00:00,0.0,0.0,0.0,3.3000000000000003,2.0
2022-03-06 04:00:00,0.0,0.0,0.0,3.1,1.9
2022-03-06 05:00:00,0.0,0.0,0.0,2.9000000000000004,1.8
2022-03-06 06:00:00,0.0,0.0,0.0,3.7,1.8
2022-03-06 07:00:00,113.0,479.0,43.0,6.9,3.0
2022-03-06 08:00:00,332.0,752.0,71.0,9.1,3.0
2022-03-06 09:00:00,539.0,871.0,86.0,11.4,2.0
2022-03-06 10:00:00,703.0,923.0,100.0,13.4,0.7000000000000001
2022-03-06 11:00:00,810.0,952.0,107.0,14.9,1.1
2022-03-06 12:00:00,850.0,959.0,111.0,15.7,2.3000000000000003
2022-03-06 13:00:00,818.0,947.0,111.0,15.9,3.1
2022-03-06 14:00:00,717.0,911.0,109.0,15.6,3.5
2022-03-06 15:00:00,557.0,846.0,101.0,14.7,3.7
2022-03-06 16:00:00,352.0,721.0,84.0,13.3,3.4000000000000004
2022-03-06 17:00:00,136.0,468.0,53.0,10.3,2.1
2022-03-06 18:00:00,0.0,0.0,0.0,8.200000000000001,1.4
2022-03-06 19:00:00,0.0,0.0,0.0,7.800000000000001,1.2000000000000002
2022-03-06 20:00:00,0.0,0.0,0.0,7.800000000000001,1.2000000000000002
2022-03-06 21:00:00,0.0,0.0,0.0,7.4,1.1
2022-03-06 22:00:00,0.0,0.0,0.0,6.9,1.0
2022-03-06 23:00:00,0.0,0.0,0.0,6.4,1.1
2022-03-07 00:00:00,0.0,0.0,0.0,6.0,1.2000000000000002
2022-03-07 01:00:00,0.0,0.0,0.0,5.6000000000000005,1.3
2022-03-07 02:00:00,0.0,0.0,0.0,5.300000000000001,1.3
2022-03-07 03:00:00,0.0,0.0,0.0,5.0,1.6
2022-03-07 04:00:00,0.0,0.0,0.0,4.7,1.9
2022-03-07 05:00:00,0.0,0.0,0.0,4.5,2.1
2022-03-07 06:00:00,0.0,0.0,0.0,5.5,2.4000000000000004
2022-03-07 07:00:00,115.0,451.0,47.0,9.3,3.8
2022-03-07 08:00:00,337.0,742.0,76.0,12.4,4.800000000000001
2022-03-07 09:00:00,546.0,869.0,90.0,14.8,4.7
2022-03-07 10:00:00,714.0,937.0,97.0,16.400000000000002,4.0
2022-03-07 11:00:00,823.0,968.0,103.0,17.6,3.5
2022-03-07 12:00:00,863.0,979.0,104.0,18.4,3.2
2022-03-07 13:00:00,837.0,979.0,103.0,18.7,3.0
2022-03-07 14:00:00,737.0,953.0,97.0,18.5,2.8000000000000003
2022-03-07 15:00:00,581.0,908.0,88.0,17.7,2.5
2022-03-07 16:00:00,374.0,802.0,74.0,16.2,1.9
2022-03-07 17:00:00,149.0,565.0,49.0,12.0,1.0
2022-03-07 18:00:00,0.0,0.0,0.0,10.3,1.0
2022-03-07 19:00:00,0.0,0.0,0.0,9.8,1.1
2022-03-07 20:00:00,0.0,0.0,0.0,9.3,1.3
2022-03-07 21:00:00,0.0,0.0,0.0,8.5,1.4
2022-03-07 22:00:00,0.0,0.0,0.0,7.6,1.5
2022-03-07 23:00:00,0.0,0.0,0.0,6.9,1.7000000000000002
2022-03-08 00:00:00,0.0,0.0,0.0,6.5,2.2
2022-03-08 01:00:00,0.0,0.0,0.0,6.300000000000001,2.5
2022-03-08 02:00:00,0.0,0.0,0.0,6.2,2.8000000000000003
2022-03-08 03:00:00,0.0,0.0,0.0,6.1000000000000005,3.0
2022-03-08 04:00:00,0.0,0.0,0.0,5.800000000000001,3.0
2022-03-08 05:00:00,0.0,0.0,0.0,5.5,2.8000000000000003
2022-03-08 06:00:00,0.0,0.0,0.0,6.5,2.6
2022-03-08 07:00:00,122.0,479.0,47.0,10.9,3.4000000000000004
2022-03-08 08:00:00,340.0,742.0,76.0,13.9,3.9
2022-03-08 09:00:00,548.0,862.0,91.0,16.2,3.5
2022-03-08 10:00:00,716.0,936.0,96.0,17.8,2.7
2022-03-08 11:00:00,823.0,961.0,104.0,19.200000000000003,1.4
2022-03-08 12:00:00,861.0,966.0,108.0,19.8,0.7000000000000001
2022-03-08 13:00:00,826.0,952.0,107.0,19.9,1.6
2022-03-08 14:00:00,725.0,920.0,104.0,19.6,2.3000000000000003
2022-03-08 15:00:00,565.0,860.0,95.0,18.8,3.1
2022-03-08 16:00:00,362.0,745.0,80.0,17.2,3.6
2022-03-08 17:00:00,143.0,495.0,53.0,13.6,2.9000000000000004
2022-03-08 18:00:00,0.0,0.0,0.0,11.4,2.3000000000000003
2022-03-08 19:00:00,0.0,0.0,0.0,10.9,1.8
2022-03-08 20:00:00,0.0,0.0,0.0,10.9,1.5
2022-03-08 21:00:00,0.0,0.0,0.0,10.8,1.2000000000000002
2022-03-08 22:00:00,0.0,0.0,0.0,10.7,0.9
2022-03-08 23:00:00,0.0,0.0,0.0,10.4,0.5
2022-03-09 00:00:00,0.0,0.0,0.0,10.0,0.4
2022-03-09 01:00:00,0.0,0.0,0.0,9.4,0.7000000000000001
2022-03-09 02:00:00,0.0,0.0,0.0,8.9,0.9
2022-03-09 03:00:00,0.0,0.0,0.0,8.4,1.0
2022-03-09 04:00:00,0.0,0.0,0.0,8.1,1.1
2022-03-09 05:00:00,0.0,0.0,0.0,7.9,1.1
2022-03-09 06:00:00,0.0,0.0,0.0,8.3,1.1
2022-03-09 07:00:00,113.0,344.0,57.0,11.3,1.8
2022-03-09 08:00:00,325.0,637.0,94.0,14.0,1.4
2022-03-09 09:00:00,528.0,780.0,111.0,16.2,1.0
2022-03-09 10:00:00,698.0,885.0,108.0,17.900000000000002,1.4
2022-03-09 11:00:00,803.0,913.0,116.0,19.0,2.0
2022-03-09 12:00:00,839.0,917.0,120.0,19.700000000000003,2.3000000000000003
2022-03-09 13:00:00,812.0,926.0,109.0,20.0,2.6
2022-03-09 14:00:00,713.0,896.0,105.0,19.8,3.0
2022-03-09 15:00:00,556.0,835.0,96.0,18.8,3.5
2022-03-09 16:00:00,355.0,720.0,81.0,16.900000000000002,3.8
2022-03-09 17:00:00,141.0,475.0,53.0,13.8,2.9000000000000004
2022-03-09 18:00:00,0.0,0.0,0.0,11.3,1.6
2022-03-09 19:00:00,0.0,0.0,0.0,10.9,1.4
2022-03-09 20:00:00,0.0,0.0,0.0,10.9,1.3
2022-03-09 21:00:00,0.0,0.0,0.0,10.7,1.3
2022-03-09 22:00:00,0.0,0.0,0.0,10.6,1.4
2022-03-09 23:00:00,0.0,0.0,0.0,10.6,1.4
2022-03-10 00:00:00,0.0,0.0,0.0,10.6,1.2000000000000002
2022-03-10 01:00:00,0.0,0.0,0.0,10.5,1.1
2022-03-10 02:00:00,0.0,0.0,0.0,10.3,1.0
2022-03-10 03:00:00,0.0,0.0,0.0,10.1,0.8
2022-03-10 04:00:00,0.0,0.0,0.0,9.8,0.6000000000000001
2022-03-10 05:00:00,0.0,0.0,0.0,9.3,0.6000000000000001
2022-03-10 06:00:00,0.0,0.0,0.0,9.2,0.7000000000000001
2022-03-10 07:00:00,121.0,361.0,61.0,10.9,1.7000000000000002
2022-03-10 08:00:00,341.0,675.0,94.0,13.1,2.6
2022-03-10 09:00:00,549.0,819.0,108.0,15.5,2.9000000000000004
2022-03-10 10:00:00,711.0,885.0,117.0,17.2,2.7
2022-03-10 11:00:00,816.0,920.0,119.0,18.5,2.5
2022-03-10 12:00:00,854.0,933.0,119.0,19.0,2.5
2022-03-10 13:00:00,822.0,921.0,119.0,19.200000000000003,2.5
2022-03-10 14:00:00,725.0,896.0,113.0,19.0,2.4000000000000004
2022-03-10 15:00:00,569.0,844.0,102.0,18.7,2.2
2022-03-10 16:00:00,367.0,734.0,84.0,17.7,1.7000000000000002
2022-03-10 17:00:00,149.0,500.0,55.0,14.2,0.6000000000000001
2022-03-10 18:00:00,0.0,0.0,0.0,11.9,0.9
2022-03-10 19:00:00,0.0,0.0,0.0,10.8,1.5
2022-03-10 20:00:00,0.0,0.0,0.0,9.9,1.7000000000000002
2022-03-10 21:00:00,0.0,0.0,0.0,9.1,1.7000000000000002
2022-03-10 22:00:00,0.0,0.0,0.0,8.4,1.7000000000000002
2022-03-10 23:00:00,0.0,0.0,0.0,7.7,1.9
2022-03-11 00:00:00,0.0,0.0,0.0,7.1000000000000005,2.2
2022-03-11 01:00:00,0.0,0.0,0.0,6.5,2.0
2022-03-11 02:00:00,0.0,0.0,0.0,6.1000000000000005,1.7000000000000002
2022-03-11 03:00:00,0.0,0.0,0.0,5.800000000000001,1.8
2022-03-11 04:00:00,0.0,0.0,0.0,5.300000000000001,2.1
2022-03-11 05:00:00,0.0,0.0,0.0,5.2,2.5
2022-03-11 06:00:00,0.0,0.0,0.0,6.7,2.9000000000000004
2022-03-11 07:00:00,146.0,609.0,42.0,10.8,4.1000000000000005
2022-03-11 08:00:00,374.0,837.0,64.0,14.0,4.5
2022-03-11 09:00:00,586.0,937.0,77.0,16.8,3.9
2022-03-11 10:00:00,749.0,967.0,95.0,18.8,2.9000000000000004
2022-03-11 11:00:00,850.0,983.0,101.0,20.3,1.7000000000000002
2022-03-11 12:00:00,888.0,988.0,105.0,21.200000000000003,0.6000000000000001
2022-03-11 13:00:00,855.0,980.0,104.0,21.4,0.3
2022-03-11 14:00:00,752.0,952.0,99.0,21.200000000000003,0.9
2022-03-11 15:00:00,585.0,887.0,91.0,20.4,1.4
2022-03-11 16:00:00,379.0,779.0,77.0,18.8,1.8
2022-03-11 17:00:00,156.0,543.0,52.0,15.1,2.1
2022-03-11 18:00:00,0.0,0.0,0.0,13.0,2.0
2022-03-11 19:00:00,0.0,0.0,0.0,12.0,1.7000000000000002
2022-03-11 20:00:00,0.0,0.0,0.0,11.3,1.4
2022-03-11 21:00:00,0.0,0.0,0.0,10.7,1.2000000000000002
2022-03-11 22:00:00,0.0,0.0,0.0,10.2,1.3
2022-03-11 23:00:00,0.0,0.0,0.0,9.7,1.5
2022-03-12 00:00:00,0.0,0.0,0.0,9.3,1.6
2022-03-12 01:00:00,0.0,0.0,0.0,9.0,1.6
2022-03-12 02:00:00,0.0,0.0,0.0,8.700000000000001,1.7000000000000002
2022-03-12 03:00:00,0.0,0.0,0.0,8.5,1.7000000000000002
2022-03-12 04:00:00,0.0,0.0,0.0,8.200000000000001,1.7000000000000002
2022-03-12 05:00:00,0.0,0.0,0.0,8.1,1.7000000000000002
2022-03-12 06:00:00,0.0,0.0,0.0,9.1,1.7000000000000002
2022-03-12 07:00:00,100.0,17.0,96.0,13.7,2.5
2022-03-12 08:00:00,360.0,741.0,82.0,16.900000000000002,2.6
2022-03-12 09:00:00,569.0,858.0,98.0,20.200000000000003,1.8
2022-03-12 10:00:00,744.0,958.0,92.0,22.1,1.0
2022-03-12 11:00:00,851.0,981.0,99.0,23.1,0.9
2022-03-12 12:00:00,883.0,979.0,104.0,23.6,1.6
2022-03-12 13:00:00,848.0,958.0,109.0,23.5,2.5
2022-03-12 14:00:00,745.0,926.0,106.0,22.9,3.2
2022-03-12 15:00:00,580.0,861.0,98.0,21.8,3.7
2022-03-12 16:00:00,375.0,749.0,83.0,20.0,3.5
2022-03-12 17:00:00,154.0,513.0,55.0,15.9,2.5
2022-03-12 18:00:00,0.0,0.0,0.0,13.3,1.9
2022-03-12 19:00:00,0.0,0.0,0.0,12.8,1.5
2022-03-12 20:00:00,0.0,0.0,0.0,13.0,1.1
2022-03-12 21:00:00,0.0,0.0,0.0,13.2,0.8
2022-03-12 22:00:00,0.0,0.0,0.0,13.1,0.3
2022-03-12 23:00:00,0.0,0.0,0.0,12.4,0.4
2022-03-13 00:00:00,0.0,0.0,0.0,11.9,0.7000000000000001
2022-03-13 01:00:00,0.0,0.0,0.0,11.1,0.7000000000000001
2022-03-13 02:00:00,0.0,0.0,0.0,10.4,0.6000000000000001
2022-03-13 03:00:00,0.0,0.0,0.0,9.7,0.6000000000000001
2022-03-13 04:00:00,0.0,0.0,0.0,9.1,0.9
2022-03-13 05:00:00,0.0,0.0,0.0,8.6,1.0
2022-03-13 06:00:00,0.0,0.0,0.0,9.3,1.1
2022-03-13 07:00:00,133.0,366.0,67.0,12.3,1.8
2022-03-13 08:00:00,350.0,646.0,104.0,15.0,1.0
2022-03-13 09:00:00,557.0,788.0,121.0,17.8,0.8
2022-03-13 10:00:00,724.0,877.0,122.0,19.5,1.6
2022-03-13 11:00:00,828.0,905.0,131.0,20.6,2.5
2022-03-13 12:00:00,861.0,907.0,135.0,21.3,3.3000000000000003
2022-03-13 13:00:00,830.0,901.0,132.0,21.5,3.7
2022-03-13 14:00:00,725.0,858.0,129.0,21.200000000000003,3.8
2022-03-13 15:00:00,566.0,796.0,117.0,20.5,3.8
2022-03-13 16:00:00,366.0,684.0,96.0,19.1,3.5
2022-03-13 17:00:00,149.0,439.0,63.0,15.8,2.2
2022-03-13 18:00:00,0.0,0.0,0.0,13.3,1.8
2022-03-13 19:00:00,0.0,0.0,0.0,12.5,1.5
2022-03-13 20:00:00,0.0,0.0,0.0,12.1,1.3
2022-03-13 21:00:00,0.0,0.0,0.0,11.8,1.2000000000000002
2022-03-13 22:00:00,0.0,0.0,0.0,11.5,1.0
2022-03-13 23:00:00,0.0,0.0,0.0,10.9,0.9
2022-03-14 00:00:00,0.0,0.0,0.0,10.4,1.0
2022-03-14 01:00:00,0.0,0.0,0.0,9.8,1.2000000000000002
2022-03-14 02:00:00,0.0,0.0,0.0,9.3,1.4
2022-03-14 03:00:00,0.0,0.0,0.0,8.9,1.6
2022-03-14 04:00:00,0.0,0.0,0.0,8.4,2.2
2022-03-14 05:00:00,0.0,0.0,0.0,7.800000000000001,2.7
2022-03-14 06:00:00,0.0,0.0,0.0,8.6,3.2
2022-03-14 07:00:00,144.0,474.0,56.0,12.1,4.0
2022-03-14 08:00:00,364.0,726.0,84.0,16.2,3.4000000000000004
2022-03-14 09:00:00,568.0,839.0,100.0,19.8,2.9000000000000004
2022-03-14 10:00:00,736.0,915.0,104.0,22.1,2.1
2022-03-14 11:00:00,840.0,945.0,108.0,23.8,1.5
2022-03-14 12:00:00,878.0,952.0,112.0,24.700000000000003,1.3
2022-03-14 13:00:00,842.0,933.0,116.0,24.9,1.9
2022-03-14 14:00:00,741.0,903.0,111.0,24.6,2.4000000000000004
2022-03-14 15:00:00,580.0,844.0,102.0,23.6,2.7
2022-03-14 16:00:00,377.0,733.0,85.0,21.8,2.5
2022-03-14 17:00:00,157.0,499.0,58.0,17.900000000000002,1.7000000000000002
2022-03-14 18:00:00,0.0,0.0,0.0,15.6,1.4
2022-03-14 19:00:00,0.0,0.0,0.0,15.5,1.2000000000000002
2022-03-14 20:00:00,0.0,0.0,0.0,15.7,1.0
2022-03-14 21:00:00,0.0,0.0,0.0,15.6,1.0
2022-03-14 22:00:00,0.0,0.0,0.0,15.0,1.0
2022-03-14 23:00:00,0.0,0.0,0.0,14.5,1.0
2022-03-15 00:00:00,0.0,0.0,0.0,14.3,0.8
2022-03-15 01:00:00,0.0,0.0,0.0,13.9,0.8
2022-03-15 02:00:00,0.0,0.0,0.0,13.4,0.8
2022-03-15 03:00:00,0.0,0.0,0.0,13.0,1.0
2022-03-15 04:00:00,0.0,0.0,0.0,12.4,1.1
2022-03-15 05:00:00,0.0,0.0,0.0,12.1,1.2000000000000002
2022-03-15 06:00:00,0.0,0.0,0.0,12.8,1.2000000000000002
2022-03-15 07:00:00,147.0,461.0,59.0,16.0,1.8
2022-03-15 08:00:00,365.0,699.0,92.0,18.6,1.2000000000000002
2022-03-15 09:00:00,569.0,808.0,114.0,21.4,0.6000000000000001
2022-03-15 10:00:00,734.0,878.0,124.0,22.700000000000003,1.6
2022-03-15 11:00:00,836.0,907.0,129.0,23.6,2.3000000000000003
2022-03-15 12:00:00,701.0,434.0,350.0,24.1,2.9000000000000004
2022-03-15 13:00:00,611.0,186.0,466.0,24.200000000000003,3.4000000000000004
2022-03-15 14:00:00,599.0,429.0,299.0,23.8,3.5
2022-03-15 15:00:00,524.0,567.0,200.0,22.1,3.3000000000000003
2022-03-15 16:00:00,214.0,73.0,185.0,19.8,2.6
2022-03-15 17:00:00,4.0,0.0,4.0,17.6,1.7000000000000002
2022-03-15 18:00:00,0.0,0.0,0.0,16.400000000000002,1.3
2022-03-15 19:00:00,0.0,0.0,0.0,16.0,1.3
2022-03-15 20:00:00,0.0,0.0,0.0,15.4,1.2000000000000002
2022-03-15 21:00:00,0.0,0.0,0.0,14.4,1.1
2022-03-15 22:00:00,0.0,0.0,0.0,13.7,1.1
2022-03-15 23:00:00,0.0,0.0,0.0,13.2,1.1
2022-03-16 00:00:00,0.0,0.0,0.0,12.7,1.3
2022-03-16 01:00:00,0.0,0.0,0.0,12.4,1.3
2022-03-16 02:00:00,0.0,0.0,0.0,12.1,1.5
2022-03-16 03:00:00,0.0,0.0,0.0,11.8,1.7000000000000002
2022-03-16 04:00:00,0.0,0.0,0.0,11.4,1.7000000000000002
2022-03-16 05:00:00,0.0,0.0,0.0,10.9,1.7000000000000002
2022-03-16 06:00:00,0.0,0.0,0.0,11.8,1.7000000000000002
2022-03-16 07:00:00,148.0,409.0,68.0,14.7,3.1
2022-03-16 08:00:00,370.0,674.0,104.0,17.1,3.6
2022-03-16 09:00:00,572.0,791.0,124.0,19.700000000000003,3.4000000000000004
2022-03-16 10:00:00,738.0,864.0,133.0,21.8,3.3000000000000003
2022-03-16 11:00:00,836.0,880.0,146.0,23.1,3.6
2022-03-16 12:00:00,871.0,878.0,157.0,23.9,4.1000000000000005
2022-03-16 13:00:00,844.0,896.0,140.0,24.3,4.6000000000000005
2022-03-16 14:00:00,740.0,855.0,137.0,24.200000000000003,5.0
2022-03-16 15:00:00,578.0,787.0,127.0,23.4,5.2
2022-03-16 16:00:00,373.0,662.0,106.0,21.9,5.0
2022-03-16 17:00:00,156.0,418.0,70.0,18.7,3.8
2022-03-16 18:00:00,0.0,0.0,0.0,16.2,3.6
2022-03-16 19:00:00,0.0,0.0,0.0,15.3,3.7
2022-03-16 20:00:00,0.0,0.0,0.0,14.7,3.6
2022-03-16 21:00:00,0.0,0.0,0.0,14.3,3.4000000000000004
2022-03-16 22:00:00,0.0,0.0,0.0,13.7,3.0
2022-03-16 23:00:00,0.0,0.0,0.0,13.1,2.9000000000000004
2022-03-17 00:00:00,0.0,0.0,0.0,12.6,2.9000000000000004
2022-03-17 01:00:00,0.0,0.0,0.0,12.3,3.2
2022-03-17 02:00:00,0.0,0.0,0.0,12.3,3.4000000000000004
2022-03-17 03:00:00,0.0,0.0,0.0,12.4,3.1
2022-03-17 04:00:00,0.0,0.0,0.0,12.1,2.7
2022-03-17 05:00:00,0.0,0.0,0.0,11.7,2.3000000000000003
2022-03-17 06:00:00,0.0,0.0,0.0,13.0,2.2
2022-03-17 07:00:00,155.0,423.0,70.0,17.0,3.0
2022-03-17 08:00:00,373.0,659.0,109.0,19.8,3.2
2022-03-17 09:00:00,576.0,779.0,130.0,22.4,2.6
2022-03-17 10:00:00,585.0,232.0,421.0,24.200000000000003,1.2000000000000002
2022-03-17 11:00:00,851.0,905.0,138.0,25.0,0.7000000000000001
2022-03-17 12:00:00,884.0,911.0,140.0,25.1,2.2
2022-03-17 13:00:00,847.0,901.0,136.0,24.700000000000003,2.9000000000000004
2022-03-17 14:00:00,742.0,863.0,131.0,24.200000000000003,3.2
2022-03-17 15:00:00,577.0,785.0,124.0,23.1,3.4000000000000004
2022-03-17 16:00:00,317.0,300.0,195.0,21.4,3.2
2022-03-17 17:00:00,71.0,6.0,70.0,18.1,2.0
2022-03-17 18:00:00,0.0,0.0,0.0,15.5,1.4
2022-03-17 19:00:00,0.0,0.0,0.0,15.1,1.2000000000000002
2022-03-17 20:00:00,0.0,0.0,0.0,15.4,1.0
2022-03-17 21:00:00,0.0,0.0,0.0,15.1,1.1
2022-03-17 22:00:00,0.0,0.0,0.0,14.3,1.2000000000000002
2022-03-17 23:00:00,0.0,0.0,0.0,13.6,1.3
2022-03-18 00:00:00,0.0,0.0,0.0,13.0,1.4
2022-03-18 01:00:00,0.0,0.0,0.0,12.5,1.4
2022-03-18 02:00:00,0.0,0.0,0.0,12.1,1.5
2022-03-18 03:00:00,0.0,0.0,0.0,11.7,1.5
2022-03-18 04:00:00,0.0,0.0,0.0,11.4,1.6
2022-03-18 05:00:00,0.0,0.0,0.0,11.1,1.6
2022-03-18 06:00:00,0.0,0.0,0.0,12.3,1.6
2022-03-18 07:00:00,155.0,406.0,72.0,15.8,2.4000000000000004
2022-03-18 08:00:00,374.0,647.0,112.0,19.0,2.0
2022-03-18 09:00:00,579.0,773.0,134.0,21.8,1.3
2022-03-18 10:00:00,744.0,857.0,137.0,23.6,0.8
2022-03-18 11:00:00,847.0,885.0,146.0,24.8,1.1
2022-03-18 12:00:00,883.0,894.0,149.0,25.3,1.7000000000000002
2022-03-18 13:00:00,856.0,909.0,134.0,25.4,2.1
2022-03-18 14:00:00,751.0,872.0,132.0,25.0,2.5
2022-03-18 15:00:00,589.0,805.0,122.0,24.200000000000003,2.5
2022-03-18 16:00:00,385.0,690.0,102.0,22.700000000000003,2.4000000000000004
2022-03-18 17:00:00,165.0,456.0,69.0,18.9,1.6
2022-03-18 18:00:00,0.0,0.0,0.0,16.0,1.1
2022-03-18 19:00:00,0.0,0.0,0.0,15.1,1.0
2022-03-18 20:00:00,0.0,0.0,0.0,15.1,0.7000000000000001
2022-03-18 21:00:00,0.0,0.0,0.0,15.3,0.4
2022-03-18 22:00:00,0.0,0.0,0.0,15.1,0.4
2022-03-18 23:00:00,0.0,0.0,0.0,14.5,0.8
2022-03-19 00:00:00,0.0,0.0,0.0,14.0,0.9
2022-03-19 01:00:00,0.0,0.0,0.0,13.6,0.9
2022-03-19 02:00:00,0.0,0.0,0.0,13.1,1.0
2022-03-19 03:00:00,0.0,0.0,0.0,12.6,1.0
2022-03-19 04:00:00,0.0,0.0,0.0,12.1,1.1
2022-03-19 05:00:00,0.0,0.0,0.0,11.7,1.1
2022-03-19 06:00:00,0.0,0.0,0.0,12.3,1.1
2022-03-19 07:00:00,137.0,100.0,116.0,13.7,1.7000000000000002
2022-03-19 08:00:00,192.0,21.0,184.0,14.8,2.0
2022-03-19 09:00:00,579.0,769.0,132.0,16.7,2.6
2022-03-19 10:00:00,744.0,852.0,136.0,18.2,3.3000000000000003
2022-03-19 11:00:00,844.0,879.0,144.0,18.9,3.7
2022-03-19 12:00:00,875.0,882.0,148.0,19.0,4.1000000000000005
2022-03-19 13:00:00,835.0,849.0,158.0,18.6,4.4
2022-03-19 14:00:00,698.0,619.0,255.0,17.8,4.5
2022-03-19 15:00:00,420.0,224.0,290.0,16.6,4.5
2022-03-19 16:00:00,275.0,166.0,207.0,15.0,4.3
2022-03-19 17:00:00,48.0,0.0,48.0,13.1,3.6
2022-03-19 18:00:00,0.0,0.0,0.0,11.8,2.6
2022-03-19 19:00:00,0.0,0.0,0.0,11.5,2.1
2022-03-19 20:00:00,0.0,0.0,0.0,11.2,1.9
2022-03-19 21:00:00,0.0,0.0,0.0,11.3,2.2
2022-03-19 22:00:00,0.0,0.0,0.0,11.5,2.5
2022-03-19 23:00:00,0.0,0.0,0.0,11.5,2.4000000000000004
2022-03-20 00:00:00,0.0,0.0,0.0,11.2,2.1
2022-03-20 01:00:00,0.0,0.0,0.0,10.5,2.1
2022-03-20 02:00:00,0.0,0.0,0.0,10.0,2.2
2022-03-20 03:00:00,0.0,0.0,0.0,9.5,2.1
2022-03-20 04:00:00,0.0,0.0,0.0,9.3,2.3000000000000003
2022-03-20 05:00:00,0.0,0.0,0.0,9.2,2.5
2022-03-20 06:00:00,0.0,0.0,0.0,10.3,3.0
2022-03-20 07:00:00,165.0,458.0,67.0,11.9,4.2
2022-03-20 08:00:00,385.0,694.0,97.0,13.6,4.9
2022-03-20 09:00:00,591.0,820.0,111.0,15.9,4.800000000000001
2022-03-20 10:00:00,752.0,880.0,121.0,17.900000000000002,4.4
2022-03-20 11:00:00,857.0,910.0,129.0,19.4,3.9
2022-03-20 12:00:00,895.0,919.0,134.0,20.4,4.0
2022-03-20 13:00:00,860.0,909.0,132.0,20.8,4.4
2022-03-20 14:00:00,758.0,875.0,130.0,20.700000000000003,5.0
2022-03-20 15:00:00,595.0,808.0,121.0,20.3,5.1000000000000005
2022-03-20 16:00:00,391.0,698.0,101.0,19.200000000000003,4.9
2022-03-20 17:00:00,171.0,476.0,68.0,16.5,4.1000000000000005
2022-03-20 18:00:00,0.0,0.0,0.0,13.7,3.7
2022-03-20 19:00:00,0.0,0.0,0.0,12.7,3.7
2022-03-20 20:00:00,0.0,0.0,0.0,11.9,3.6
2022-03-20 21:00:00,0.0,0.0,0.0,11.3,3.5
2022-03-20 22:00:00,0.0,0.0,0.0,10.8,3.6
2022-03-20 23:00:00,0.0,0.0,0.0,10.3,3.4000000000000004
2022-03-21 00:00:00,0.0,0.0,0.0,9.9,3.2
2022-03-21 01:00:00,0.0,0.0,0.0,9.5,2.9000000000000004
2022-03-21 02:00:00,0.0,0.0,0.0,9.2,2.8000000000000003
2022-03-21 03:00:00,0.0,0.0,0.0,8.9,2.8000000000000003
2022-03-21 04:00:00,0.0,0.0,0.0,8.700000000000001,2.7
2022-03-21 05:00:00,0.0,0.0,0.0,8.5,2.7
2022-03-21 06:00:00,0.0,0.0,0.0,10.0,3.4000000000000004
2022-03-21 07:00:00,154.0,156.0,120.0,13.3,4.1000000000000005
2022-03-21 08:00:00,301.0,132.0,246.0,17.0,4.4
2022-03-21 09:00:00,469.0,212.0,344.0,20.0,4.1000000000000005
2022-03-21 10:00:00,599.0,254.0,416.0,22.3,3.1
2022-03-21 11:00:00,821.0,734.0,230.0,23.700000000000003,1.8
2022-03-21 12:00:00,831.0,702.0,247.0,24.3,1.3
2022-03-21 13:00:00,826.0,767.0,209.0,24.5,1.5
2022-03-21 14:00:00,756.0,888.0,115.0,24.3,1.6
2022-03-21 15:00:00,592.0,813.0,112.0,23.700000000000003,1.6
2022-03-21 16:00:00,389.0,701.0,96.0,22.5,1.5
2022-03-21 17:00:00,171.0,486.0,65.0,19.700000000000003,1.5
2022-03-21 18:00:00,0.0,0.0,0.0,17.7,1.2000000000000002
2022-03-21 19:00:00,0.0,0.0,0.0,16.2,1.2000000000000002
2022-03-21 20:00:00,0.0,0.0,0.0,14.9,1.4
2022-03-21 21:00:00,0.0,0.0,0.0,14.4,1.5
2022-03-21 22:00:00,0.0,0.0,0.0,14.2,1.7000000000000002
2022-03-21 23:00:00,0.0,0.0,0.0,13.9,2.1
2022-03-22 00:00:00,0.0,0.0,0.0,14.0,2.5
2022-03-22 01:00:00,0.0,0.0,0.0,14.0,2.4000000000000004
2022-03-22 02:00:00,0.0,0.0,0.0,14.0,2.3000000000000003
2022-03-22 03:00:00,0.0,0.0,0.0,14.0,2.3000000000000003
2022-03-22 04:00:00,0.0,0.0,0.0,13.9,2.2
2022-03-22 05:00:00,0.0,0.0,0.0,13.7,2.0
2022-03-22 06:00:00,0.0,0.0,0.0,15.3,1.9
2022-03-22 07:00:00,186.0,589.0,54.0,19.200000000000003,2.7
2022-03-22 08:00:00,408.0,785.0,75.0,22.0,3.2
2022-03-22 09:00:00,610.0,874.0,90.0,24.3,3.0
2022-03-22 10:00:00,769.0,921.0,100.0,26.1,2.3000000000000003
2022-03-22 11:00:00,870.0,944.0,107.0,27.3,1.4
2022-03-22 12:00:00,903.0,947.0,111.0,27.9,0.4
2022-03-22 13:00:00,867.0,940.0,108.0,27.9,0.6000000000000001
2022-03-22 14:00:00,764.0,909.0,105.0,27.4,1.2000000000000002
2022-03-22 15:00:00,601.0,847.0,100.0,26.4,1.5
2022-03-22 16:00:00,398.0,741.0,85.0,24.9,1.8
2022-03-22 17:00:00,178.0,539.0,59.0,21.9,1.9
2022-03-22 18:00:00,0.0,0.0,0.0,20.0,1.7000000000000002
2022-03-22 19:00:00,0.0,0.0,0.0,19.3,1.3
2022-03-22 20:00:00,0.0,0.0,0.0,18.7,1.1
2022-03-22 21:00:00,0.0,0.0,0.0,18.6,1.0
2022-03-22 22:00:00,0.0,0.0,0.0,18.3,1.0
2022-03-22 23:00:00,0.0,0.0,0.0,17.8,1.0
2022-03-23 00:00:00,0.0,0.0,0.0,17.1,1.1
2022-03-23 01:00:00,0.0,0.0,0.0,16.3,1.1
2022-03-23 02:00:00,0.0,0.0,0.0,15.7,1.3
2022-03-23 03:00:00,0.0,0.0,0.0,15.3,1.5
2022-03-23 04:00:00,0.0,0.0,0.0,15.0,1.7000000000000002
2022-03-23 05:00:00,0.0,0.0,0.0,14.6,1.9
2022-03-23 06:00:00,12.0,57.0,10.0,16.3,2.3000000000000003
2022-03-23 07:00:00,188.0,554.0,61.0,20.0,3.4000000000000004
2022-03-23 08:00:00,410.0,758.0,85.0,22.9,3.8
2022-03-23 09:00:00,614.0,858.0,100.0,25.200000000000003,3.6
2022-03-23 10:00:00,776.0,917.0,106.0,26.6,2.9000000000000004
2022-03-23 11:00:00,877.0,942.0,112.0,27.6,2.4000000000000004
2022-03-23 12:00:00,911.0,949.0,114.0,28.0,2.5
2022-03-23 13:00:00,876.0,943.0,111.0,27.8,2.9000000000000004
2022-03-23 14:00:00,770.0,912.0,106.0,27.1,3.3000000000000003
2022-03-23 15:00:00,608.0,857.0,97.0,26.0,3.4000000000000004
2022-03-23 16:00:00,404.0,755.0,83.0,24.4,3.1
2022-03-23 17:00:00,183.0,553.0,59.0,21.1,1.9
2022-03-23 18:00:00,0.0,0.0,0.0,18.0,1.3
2022-03-23 19:00:00,0.0,0.0,0.0,17.400000000000002,1.3
2022-03-23 20:00:00,0.0,0.0,0.0,17.400000000000002,1.2000000000000002
2022-03-23 21:00:00,0.0,0.0,0.0,17.7,1.1
2022-03-23 22:00:00,0.0,0.0,0.0,18.2,0.9
2022-03-23 23:00:00,0.0,0.0,0.0,18.5,0.7000000000000001
2022-03-24 00:00:00,0.0,0.0,0.0,18.5,0.6000000000000001
2022-03-24 01:00:00,0.0,0.0,0.0,17.8,0.8
2022-03-24 02:00:00,0.0,0.0,0.0,17.0,0.9
2022-03-24 03:00:00,0.0,0.0,0.0,16.400000000000002,1.0
2022-03-24 04:00:00,0.0,0.0,0.0,16.0,1.1
2022-03-24 05:00:00,0.0,0.0,0.0,15.7,1.1
2022-03-24 06:00:00,13.0,72.0,11.0,16.8,1.0
2022-03-24 07:00:00,153.0,97.0,130.0,20.4,1.5
2022-03-24 08:00:00,409.0,734.0,91.0,23.5,0.7000000000000001
2022-03-24 09:00:00,610.0,831.0,108.0,26.0,0.7000000000000001
2022-03-24 10:00:00,773.0,897.0,114.0,27.200000000000003,1.5
2022-03-24 11:00:00,873.0,922.0,120.0,27.700000000000003,2.1
2022-03-24 12:00:00,906.0,926.0,124.0,27.9,2.5
2022-03-24 13:00:00,873.0,929.0,117.0,27.6,2.9000000000000004
2022-03-24 14:00:00,769.0,898.0,113.0,27.0,3.1
2022-03-24 15:00:00,608.0,842.0,104.0,26.0,3.0
2022-03-24 16:00:00,404.0,736.0,90.0,24.4,2.7
2022-03-24 17:00:00,184.0,530.0,64.0,21.1,1.7000000000000002
2022-03-24 18:00:00,11.0,54.0,10.0,18.0,1.1
2022-03-24 19:00:00,0.0,0.0,0.0,17.900000000000002,0.9
2022-03-24 20:00:00,0.0,0.0,0.0,18.3,0.6000000000000001
2022-03-24 21:00:00,0.0,0.0,0.0,18.7,0.3
2022-03-24 22:00:00,0.0,0.0,0.0,18.4,0.4
2022-03-24 23:00:00,0.0,0.0,0.0,18.2,0.5
2022-03-25 00:00:00,0.0,0.0,0.0,18.0,0.5
2022-03-25 01:00:00,0.0,0.0,0.0,17.8,0.5
2022-03-25 02:00:00,0.0,0.0,0.0,17.400000000000002,0.7000000000000001
2022-03-25 03:00:00,0.0,0.0,0.0,17.2,0.9
2022-03-25 04:00:00,0.0,0.0,0.0,17.0,1.0
2022-03-25 05:00:00,0.0,0.0,0.0,16.8,1.0
2022-03-25 06:00:00,10.0,0.0,10.0,17.400000000000002,0.9
2022-03-25 07:00:00,193.0,517.0,69.0,20.0,1.0
2022-03-25 08:00:00,414.0,713.0,102.0,22.5,0.8
2022-03-25 09:00:00,617.0,810.0,124.0,24.700000000000003,1.0
2022-03-25 10:00:00,775.0,861.0,139.0,26.3,1.6
2022-03-25 11:00:00,876.0,891.0,145.0,27.1,2.0
2022-03-25 12:00:00,879.0,755.0,239.0,27.200000000000003,2.3000000000000003
2022-03-25 13:00:00,847.0,749.0,235.0,27.0,2.4000000000000004
2022-03-25 14:00:00,768.0,858.0,139.0,26.5,2.5
2022-03-25 15:00:00,442.0,227.0,306.0,25.5,2.4000000000000004
2022-03-25 16:00:00,402.0,689.0,107.0,24.0,2.1
2022-03-25 17:00:00,183.0,478.0,73.0,20.8,1.4
2022-03-25 18:00:00,11.0,36.0,10.0,18.9,1.3
2022-03-25 19:00:00,0.0,0.0,0.0,18.7,1.2000000000000002
2022-03-25 20:00:00,0.0,0.0,0.0,18.6,0.8
2022-03-25 21:00:00,0.0,0.0,0.0,18.2,0.5
2022-03-25 22:00:00,0.0,0.0,0.0,17.6,0.5
2022-03-25 23:00:00,0.0,0.0,0.0,16.8,0.6000000000000001
2022-03-26 00:00:00,0.0,0.0,0.0,16.2,0.6000000000000001
2022-03-26 01:00:00,0.0,0.0,0.0,15.6,0.6000000000000001
2022-03-26 02:00:00,0.0,0.0,0.0,15.0,0.6000000000000001
2022-03-26 03:00:00,0.0,0.0,0.0,14.6,0.8
2022-03-26 04:00:00,0.0,0.0,0.0,14.4,1.0
2022-03-26 05:00:00,0.0,0.0,0.0,14.3,1.2000000000000002
2022-03-26 06:00:00,18.0,76.0,15.0,15.1,1.2000000000000002
2022-03-26 07:00:00,204.0,536.0,73.0,17.7,1.5
2022-03-26 08:00:00,430.0,742.0,102.0,20.1,1.5
2022-03-26 09:00:00,633.0,842.0,117.0,22.0,1.9
2022-03-26 10:00:00,798.0,911.0,121.0,23.200000000000003,2.3000000000000003
2022-03-26 11:00:00,900.0,937.0,127.0,23.9,2.7
2022-03-26 12:00:00,930.0,943.0,127.0,24.1,2.9000000000000004
2022-03-26 13:00:00,895.0,945.0,119.0,24.0,3.0
2022-03-26 14:00:00,790.0,920.0,112.0,23.6,2.9000000000000004
2022-03-26 15:00:00,627.0,869.0,102.0,22.8,3.0
2022-03-26 16:00:00,420.0,772.0,86.0,21.200000000000003,2.9000000000000004
2022-03-26 17:00:00,196.0,577.0,62.0,18.2,1.7000000000000002
2022-03-26 18:00:00,14.0,76.0,12.0,15.0,1.0
2022-03-26 19:00:00,0.0,0.0,0.0,13.8,1.0
2022-03-26 20:00:00,0.0,0.0,0.0,12.8,1.2000000000000002
2022-03-26 21:00:00,0.0,0.0,0.0,12.0,1.4
2022-03-26 22:00:00,0.0,0.0,0.0,11.3,1.3
2022-03-26 23:00:00,0.0,0.0,0.0,10.9,1.2000000000000002
2022-03-27 00:00:00,0.0,0.0,0.0,10.4,1.3
2022-03-27 01:00:00,0.0,0.0,0.0,10.3,1.4
2022-03-27 02:00:00,0.0,0.0,0.0,10.3,1.5
2022-03-27 03:00:00,0.0,0.0,0.0,10.2,1.5
2022-03-27 04:00:00,0.0,0.0,0.0,10.2,1.6
2022-03-27 05:00:00,0.0,0.0,0.0,10.1,1.6
2022-03-27 06:00:00,12.0,0.0,12.0,11.4,2.1
2022-03-27 07:00:00,24.0,0.0,24.0,13.2,2.8000000000000003
2022-03-27 08:00:00,149.0,1.0,149.0,15.3,3.2
2022-03-27 09:00:00,606.0,652.0,203.0,17.1,3.6
2022-03-27 10:00:00,789.0,884.0,129.0,18.2,4.0
2022-03-27 11:00:00,888.0,917.0,129.0,19.0,4.3
2022-03-27 12:00:00,920.0,928.0,127.0,19.1,4.5
2022-03-27 13:00:00,881.0,923.0,120.0,18.7,4.5
2022-03-27 14:00:00,775.0,884.0,121.0,18.0,4.3
2022-03-27 15:00:00,611.0,824.0,111.0,16.8,3.9
2022-03-27 16:00:00,409.0,725.0,93.0,15.4,3.5
2022-03-27 17:00:00,189.0,525.0,66.0,13.6,3.0
2022-03-27 18:00:00,14.0,57.0,12.0,11.8,2.2
2022-03-27 19:00:00,0.0,0.0,0.0,11.1,2.3000000000000003
2022-03-27 20:00:00,0.0,0.0,0.0,11.0,2.8000000000000003
2022-03-27 21:00:00,0.0,0.0,0.0,10.8,2.9000000000000004
2022-03-27 22:00:00,0.0,0.0,0.0,10.7,3.1
2022-03-27 23:00:00,0.0,0.0,0.0,10.7,3.2
2022-03-28 00:00:00,0.0,0.0,0.0,10.7,3.1
2022-03-28 01:00:00,0.0,0.0,0.0,10.8,3.2
2022-03-28 02:00:00,0.0,0.0,0.0,10.8,3.1
2022-03-28 03:00:00,0.0,0.0,0.0,11.0,3.4000000000000004
2022-03-28 04:00:00,0.0,0.0,0.0,11.1,3.5
2022-03-28 05:00:00,0.0,0.0,0.0,11.1,3.9
2022-03-28 06:00:00,6.0,0.0,6.0,11.5,4.9
2022-03-28 07:00:00,10.0,0.0,10.0,12.1,5.7
2022-03-28 08:00:00,30.0,0.0,30.0,12.8,6.1000000000000005
2022-03-28 09:00:00,15.0,0.0,15.0,13.6,6.5
2022-03-28 10:00:00,98.0,0.0,98.0,14.1,7.0
2022-03-28 11:00:00,156.0,1.0,156.0,14.2,6.9
2022-03-28 12:00:00,31.0,0.0,31.0,14.5,6.1000000000000005
2022-03-28 13:00:00,364.0,3.0,361.0,14.9,5.300000000000001
2022-03-28 14:00:00,496.0,101.0,420.0,14.9,4.7
2022-03-28 15:00:00,28.0,0.0,28.0,14.3,4.4
2022-03-28 16:00:00,209.0,31.0,195.0,13.1,3.9
2022-03-28 17:00:00,4.0,0.0,4.0,12.1,2.9000000000000004
2022-03-28 18:00:00,4.0,0.0,4.0,11.3,2.0
2022-03-28 19:00:00,0.0,0.0,0.0,11.1,1.9
2022-03-28 20:00:00,0.0,0.0,0.0,11.0,1.8
2022-03-28 21:00:00,0.0,0.0,0.0,11.0,1.7000000000000002
2022-03-28 22:00:00,0.0,0.0,0.0,10.9,1.6
2022-03-28 23:00:00,0.0,0.0,0.0,10.5,1.1
2022-03-29 00:00:00,0.0,0.0,0.0,10.3,0.8
2022-03-29 01:00:00,0.0,0.0,0.0,10.2,1.0
2022-03-29 02:00:00,0.0,0.0,0.0,9.9,1.2000000000000002
2022-03-29 03:00:00,0.0,0.0,0.0,9.5,1.4
2022-03-29 04:00:00,0.0,0.0,0.0,9.3,1.4
2022-03-29 05:00:00,0.0,0.0,0.0,9.3,1.4
2022-03-29 06:00:00,25.0,113.0,20.0,10.4,1.5
2022-03-29 07:00:00,211.0,544.0,70.0,12.0,2.4000000000000004
2022-03-29 08:00:00,156.0,1.0,156.0,13.8,2.8000000000000003
2022-03-29 09:00:00,633.0,831.0,112.0,15.8,2.9000000000000004
2022-03-29 10:00:00,785.0,866.0,131.0,17.6,3.2
2022-03-29 11:00:00,881.0,882.0,144.0,18.9,3.6
2022-03-29 12:00:00,268.0,0.0,268.0,19.700000000000003,4.0
2022-03-29 13:00:00,343.0,2.0,341.0,20.1,4.3
2022-03-29 14:00:00,436.0,58.0,393.0,19.9,4.4
2022-03-29 15:00:00,610.0,789.0,127.0,19.200000000000003,4.4
2022-03-29 16:00:00,407.0,676.0,109.0,17.900000000000002,4.4
2022-03-29 17:00:00,189.0,462.0,78.0,15.8,3.5
2022-03-29 18:00:00,14.0,32.0,13.0,13.0,2.5
2022-03-29 19:00:00,0.0,0.0,0.0,12.3,1.8
2022-03-29 20:00:00,0.0,0.0,0.0,11.9,1.0
2022-03-29 21:00:00,0.0,0.0,0.0,11.6,0.3
2022-03-29 22:00:00,0.0,0.0,0.0,11.1,0.4
2022-03-29 23:00:00,0.0,0.0,0.0,10.7,0.7000000000000001
2022-03-30 00:00:00,0.0,0.0,0.0,10.4,0.9
2022-03-30 01:00:00,0.0,0.0,0.0,10.1,0.9
2022-03-30 02:00:00,0.0,0.0,0.0,10.0,0.9
2022-03-30 03:00:00,0.0,0.0,0.0,10.2,0.8
2022-03-30 04:00:00,0.0,0.0,0.0,10.5,0.3
2022-03-30 05:00:00,0.0,0.0,0.0,10.4,0.6000000000000001
2022-03-30 06:00:00,24.0,52.0,21.0,10.9,1.7000000000000002
2022-03-30 07:00:00,206.0,430.0,93.0,12.0,2.2
2022-03-30 08:00:00,428.0,653.0,126.0,14.4,2.0
2022-03-30 09:00:00,631.0,777.0,141.0,17.6,1.5
2022-03-30 10:00:00,798.0,879.0,130.0,20.4,1.1
2022-03-30 11:00:00,897.0,907.0,136.0,22.0,2.3000000000000003
2022-03-30 12:00:00,928.0,912.0,139.0,22.4,3.5
2022-03-30 13:00:00,888.0,904.0,134.0,22.200000000000003,4.4
2022-03-30 14:00:00,747.0,694.0,227.0,21.4,4.800000000000001
2022-03-30 15:00:00,564.0,550.0,225.0,20.200000000000003,4.7
2022-03-30 16:00:00,359.0,383.0,189.0,18.7,4.3
2022-03-30 17:00:00,180.0,241.0,121.0,16.400000000000002,3.6
2022-03-30 18:00:00,15.0,39.0,14.0,13.8,2.3000000000000003
2022-03-30 19:00:00,0.0,0.0,0.0,12.7,1.4
2022-03-30 20:00:00,0.0,0.0,0.0,12.5,1.1
2022-03-30 21:00:00,0.0,0.0,0.0,12.3,1.3
2022-03-30 22:00:00,0.0,0.0,0.0,12.1,1.4
2022-03-30 23:00:00,0.0,0.0,0.0,11.8,1.5
2022-03-31 00:00:00,0.0,0.0,0.0,11.6,1.6
2022-03-31 01:00:00,0.0,0.0,0.0,11.5,1.5
2022-03-31 02:00:00,0.0,0.0,0.0,11.6,1.3
2022-03-31 03:00:00,0.0,0.0,0.0,11.6,1.1
2022-03-31 04:00:00,0.0,0.0,0.0,11.6,1.0
2022-03-31 05:00:00,0.0,0.0,0.0,11.4,0.7000000000000001
2022-03-31 06:00:00,14.0,0.0,14.0,11.8,0.5
2022-03-31 07:00:00,51.0,0.0,51.0,12.9,0.2
2022-03-31 08:00:00,111.0,3.0,110.0,14.5,0.2
2022-03-31 09:00:00,371.0,100.0,308.0,16.5,0.5
2022-03-31 10:00:00,115.0,0.0,115.0,18.3,0.9
2022-03-31 11:00:00,266.0,0.0,265.0,19.700000000000003,1.7000000000000002
2022-03-31 12:00:00,346.0,2.0,345.0,20.5,2.7
2022-03-31 13:00:00,173.0,1.0,172.0,20.6,3.4000000000000004
2022-03-31 14:00:00,106.0,0.0,106.0,20.200000000000003,3.7
2022-03-31 15:00:00,97.0,0.0,97.0,19.0,4.1000000000000005
2022-03-31 16:00:00,47.0,0.0,47.0,17.400000000000002,4.1000000000000005
2022-03-31 17:00:00,7.0,0.0,7.0,15.3,3.5
2022-03-31 18:00:00,5.0,0.0,5.0,13.6,2.9000000000000004
2022-03-31 19:00:00,0.0,0.0,0.0,13.2,2.4000000000000004
2022-03-31 20:00:00,0.0,0.0,0.0,13.1,2.0
2022-03-31 21:00:00,0.0,0.0,0.0,12.9,1.7000000000000002
2022-03-31 22:00:00,0.0,0.0,0.0,12.6,1.4
2022-03-31 23:00:00,0.0,0.0,0.0,12.2,1.1
2022-04-01 00:00:00,0.0,0.0,0.0,11.8,0.9
2022-04-01 01:00:00,0.0,0.0,0.0,11.6,0.8
2022-04-01 02:00:00,0.0,0.0,0.0,11.4,0.8
2022-04-01 03:00:00,0.0,0.0,0.0,11.1,0.7000000000000001
2022-04-01 04:00:00,0.0,0.0,0.0,10.9,0.5
2022-04-01 05:00:00,0.0,0.0,0.0,10.8,0.3
2022-04-01 06:00:00,30.0,83.0,25.0,11.9,0.6000000000000001
2022-04-01 07:00:00,216.0,450.0,94.0,13.8,0.7000000000000001
2022-04-01 08:00:00,432.0,648.0,127.0,16.1,0.5
2022-04-01 09:00:00,514.0,220.0,373.0,18.6,0.8
2022-04-01 10:00:00,292.0,1.0,291.0,20.700000000000003,1.5
2022-04-01 11:00:00,714.0,271.0,485.0,22.3,2.4000000000000004
2022-04-01 12:00:00,923.0,892.0,146.0,23.0,3.1
2022-04-01 13:00:00,881.0,873.0,148.0,23.0,3.5
2022-04-01 14:00:00,776.0,837.0,144.0,22.6,3.6
2022-04-01 15:00:00,614.0,773.0,134.0,21.8,3.5
2022-04-01 16:00:00,410.0,660.0,114.0,20.3,3.5
2022-04-01 17:00:00,193.0,451.0,81.0,17.7,3.3000000000000003
2022-04-01 18:00:00,18.0,53.0,16.0,14.7,2.6
2022-04-01 19:00:00,0.0,0.0,0.0,13.6,1.8
2022-04-01 20:00:00,0.0,0.0,0.0,13.4,1.2000000000000002
2022-04-01 21:00:00,0.0,0.0,0.0,13.2,1.0
2022-04-01 22:00:00,0.0,0.0,0.0,13.1,0.9
2022-04-01 23:00:00,0.0,0.0,0.0,13.0,0.7000000000000001
2022-04-02 00:00:00,0.0,0.0,0.0,12.8,0.7000000000000001
2022-04-02 01:00:00,0.0,0.0,0.0,12.5,1.0
2022-04-02 02:00:00,0.0,0.0,0.0,12.3,1.0
2022-04-02 03:00:00,0.0,0.0,0.0,12.1,0.6000000000000001
2022-04-02 04:00:00,0.0,0.0,0.0,12.0,0.2
2022-04-02 05:00:00,0.0,0.0,0.0,12.0,0.6000000000000001
2022-04-02 06:00:00,34.0,108.0,27.0,12.6,0.6000000000000001
2022-04-02 07:00:00,221.0,460.0,94.0,14.0,0.7000000000000001
2022-04-02 08:00:00,186.0,3.0,185.0,16.0,1.4
2022-04-02 09:00:00,172.0,0.0,171.0,17.6,1.9
2022-04-02 10:00:00,477.0,88.0,409.0,19.1,2.0
2022-04-02 11:00:00,347.0,2.0,345.0,20.4,2.3000000000000003
2022-04-02 12:00:00,329.0,1.0,329.0,21.1,2.9000000000000004
2022-04-02 13:00:00,301.0,9.0,294.0,21.1,3.6
2022-04-02 14:00:00,297.0,1.0,296.0,20.3,4.0
2022-04-02 15:00:00,399.0,132.0,317.0,18.9,3.8
2022-04-02 16:00:00,152.0,1.0,152.0,17.3,3.4000000000000004
2022-04-02 17:00:00,18.0,0.0,18.0,15.5,3.0
2022-04-02 18:00:00,11.0,0.0,11.0,14.0,2.5
2022-04-02 19:00:00,0.0,0.0,0.0,13.6,2.1
2022-04-02 20:00:00,0.0,0.0,0.0,13.3,1.7000000000000002
2022-04-02 21:00:00,0.0,0.0,0.0,13.1,1.3
2022-04-02 22:00:00,0.0,0.0,0.0,13.0,1.6
2022-04-02 23:00:00,0.0,0.0,0.0,12.9,1.9
2022-04-03 00:00:00,0.0,0.0,0.0,12.8,1.9
2022-04-03 01:00:00,0.0,0.0,0.0,12.6,1.8
2022-04-03 02:00:00,0.0,0.0,0.0,12.4,1.7000000000000002
2022-04-03 03:00:00,0.0,0.0,0.0,12.3,1.6
2022-04-03 04:00:00,0.0,0.0,0.0,12.1,1.6
2022-04-03 05:00:00,0.0,0.0,0.0,12.0,1.8
2022-04-03 06:00:00,23.0,0.0,23.0,12.5,2.4000000000000004
2022-04-03 07:00:00,172.0,73.0,151.0,13.1,2.7
2022-04-03 08:00:00,381.0,299.0,237.0,13.8,2.9000000000000004
2022-04-03 09:00:00,338.0,28.0,320.0,14.7,2.8000000000000003
2022-04-03 10:00:00,425.0,85.0,359.0,16.1,2.8000000000000003
2022-04-03 11:00:00,126.0,0.0,125.0,18.1,2.7
2022-04-03 12:00:00,348.0,15.0,334.0,19.8,2.9000000000000004
2022-04-03 13:00:00,324.0,16.0,311.0,20.700000000000003,3.6
2022-04-03 14:00:00,163.0,0.0,163.0,20.700000000000003,4.2
2022-04-03 15:00:00,240.0,19.0,228.0,20.0,4.5
2022-04-03 16:00:00,295.0,138.0,233.0,18.6,4.5
2022-04-03 17:00:00,68.0,2.0,68.0,16.7,4.2
2022-04-03 18:00:00,9.0,0.0,9.0,14.7,3.4000000000000004
2022-04-03 19:00:00,0.0,0.0,0.0,13.6,2.6
2022-04-03 20:00:00,0.0,0.0,0.0,12.9,2.0
2022-04-03 21:00:00,0.0,0.0,0.0,12.5,1.6
2022-04-03 22:00:00,0.0,0.0,0.0,12.2,1.2000000000000002
2022-04-03 23:00:00,0.0,0.0,0.0,11.6,1.0
2022-04-04 00:00:00,0.0,0.0,0.0,10.9,0.8
2022-04-04 01:00:00,0.0,0.0,0.0,10.4,0.8
2022-04-04 02:00:00,0.0,0.0,0.0,10.0,0.8
2022-04-04 03:00:00,0.0,0.0,0.0,9.5,0.8
2022-04-04 04:00:00,0.0,0.0,0.0,8.8,0.9
2022-04-04 05:00:00,0.0,0.0,0.0,8.3,0.7000000000000001
2022-04-04 06:00:00,32.0,0.0,32.0,10.3,0.8
2022-04-04 07:00:00,22.0,0.0,22.0,12.8,1.2000000000000002
2022-04-04 08:00:00,94.0,0.0,94.0,15.8,0.9
2022-04-04 09:00:00,199.0,0.0,199.0,18.7,0.7000000000000001
2022-04-04 10:00:00,664.0,282.0,444.0,21.3,1.7000000000000002
2022-04-04 11:00:00,928.0,948.0,115.0,23.4,2.3000000000000003
2022-04-04 12:00:00,899.0,771.0,220.0,24.5,2.6
2022-04-04 13:00:00,872.0,790.0,201.0,25.1,2.5
2022-04-04 14:00:00,678.0,558.0,252.0,25.0,2.8000000000000003
2022-04-04 15:00:00,362.0,112.0,292.0,24.200000000000003,3.3000000000000003
2022-04-04 16:00:00,320.0,258.0,202.0,22.6,3.3000000000000003
2022-04-04 17:00:00,195.0,349.0,105.0,19.8,2.4000000000000004
2022-04-04 18:00:00,25.0,169.0,17.0,16.2,1.6
2022-04-04 19:00:00,0.0,0.0,0.0,15.0,1.1
2022-04-04 20:00:00,0.0,0.0,0.0,14.6,1.0
2022-04-04 21:00:00,0.0,0.0,0.0,14.5,0.9
2022-04-04 22:00:00,0.0,0.0,0.0,14.2,0.8
2022-04-04 23:00:00,0.0,0.0,0.0,13.9,0.7000000000000001
2022-04-05 00:00:00,0.0,0.0,0.0,13.6,0.7000000000000001
2022-04-05 01:00:00,0.0,0.0,0.0,13.2,1.0
2022-04-05 02:00:00,0.0,0.0,0.0,12.8,1.3
2022-04-05 03:00:00,0.0,0.0,0.0,12.6,1.5
2022-04-05 04:00:00,0.0,0.0,0.0,12.5,1.8
2022-04-05 05:00:00,0.0,0.0,0.0,12.5,2.1
2022-04-05 06:00:00,48.0,277.0,26.0,14.3,2.5
2022-04-05 07:00:00,249.0,642.0,63.0,16.900000000000002,3.1
2022-04-05 08:00:00,472.0,797.0,83.0,19.700000000000003,3.4000000000000004
2022-04-05 09:00:00,672.0,877.0,97.0,22.4,3.3000000000000003
2022-04-05 10:00:00,830.0,928.0,104.0,24.8,3.4000000000000004
2022-04-05 11:00:00,926.0,947.0,111.0,26.700000000000003,3.1
2022-04-05 12:00:00,954.0,950.0,114.0,28.0,2.9000000000000004
2022-04-05 13:00:00,914.0,940.0,113.0,28.8,2.7
2022-04-05 14:00:00,810.0,916.0,108.0,29.0,2.6
2022-04-05 15:00:00,646.0,866.0,99.0,28.6,2.5
2022-04-05 16:00:00,440.0,773.0,85.0,27.200000000000003,2.5
2022-04-05 17:00:00,215.0,584.0,64.0,23.9,1.6
2022-04-05 18:00:00,25.0,137.0,19.0,20.0,1.3
2022-04-05 19:00:00,0.0,0.0,0.0,18.5,1.8
2022-04-05 20:00:00,0.0,0.0,0.0,17.400000000000002,2.1
2022-04-05 21:00:00,0.0,0.0,0.0,16.6,2.3000000000000003
2022-04-05 22:00:00,0.0,0.0,0.0,16.0,2.3000000000000003
2022-04-05 23:00:00,0.0,0.0,0.0,15.4,2.3000000000000003
2022-04-06 00:00:00,0.0,0.0,0.0,15.1,2.4000000000000004
2022-04-06 01:00:00,0.0,0.0,0.0,15.0,2.2
2022-04-06 02:00:00,0.0,0.0,0.0,14.9,2.0
2022-04-06 03:00:00,0.0,0.0,0.0,14.8,1.9
2022-04-06 04:00:00,0.0,0.0,0.0,15.1,2.1
2022-04-06 05:00:00,0.0,0.0,0.0,15.5,2.4000000000000004
2022-04-06 06:00:00,49.0,227.0,30.0,17.7,2.6
2022-04-06 07:00:00,253.0,611.0,73.0,20.700000000000003,2.9000000000000004
2022-04-06 08:00:00,479.0,780.0,96.0,23.700000000000003,3.4000000000000004
2022-04-06 09:00:00,680.0,866.0,110.0,26.5,3.0
2022-04-06 10:00:00,840.0,929.0,111.0,28.5,2.3000000000000003
2022-04-06 11:00:00,936.0,949.0,117.0,29.8,1.5
2022-04-06 12:00:00,965.0,953.0,119.0,30.4,0.9
2022-04-06 13:00:00,924.0,942.0,119.0,30.6,0.6000000000000001
2022-04-06 14:00:00,813.0,910.0,114.0,30.4,0.4
2022-04-06 15:00:00,649.0,858.0,105.0,29.8,0.2
2022-04-06 16:00:00,443.0,764.0,91.0,28.700000000000003,0.6000000000000001
2022-04-06 17:00:00,220.0,584.0,67.0,25.1,0.7000000000000001
2022-04-06 18:00:00,28.0,145.0,20.0,21.1,1.1
2022-04-06 19:00:00,0.0,0.0,0.0,19.9,1.5
2022-04-06 20:00:00,0.0,0.0,0.0,19.1,1.8
2022-04-06 21:00:00,0.0,0.0,0.0,18.4,1.8
2022-04-06 22:00:00,0.0,0.0,0.0,17.7,1.7000000000000002
2022-04-06 23:00:00,0.0,0.0,0.0,17.0,1.8
2022-04-07 00:00:00,0.0,0.0,0.0,16.400000000000002,1.9
2022-04-07 01:00:00,0.0,0.0,0.0,16.0,2.0
2022-04-07 02:00:00,0.0,0.0,0.0,15.9,2.1
2022-04-07 03:00:00,0.0,0.0,0.0,15.9,2.2
2022-04-07 04:00:00,0.0,0.0,0.0,15.7,2.4000000000000004
2022-04-07 05:00:00,0.0,0.0,0.0,15.6,2.6
2022-04-07 06:00:00,58.0,295.0,31.0,18.6,3.3000000000000003
2022-04-07 07:00:00,271.0,671.0,70.0,22.3,4.2
2022-04-07 08:00:00,500.0,826.0,90.0,25.4,4.800000000000001
2022-04-07 09:00:00,704.0,907.0,103.0,28.1,5.0
2022-04-07 10:00:00,861.0,947.0,113.0,30.1,4.6000000000000005
2022-04-07 11:00:00,959.0,969.0,119.0,31.700000000000003,3.8
2022-04-07 12:00:00,983.0,970.0,119.0,32.9,2.8000000000000003
2022-04-07 13:00:00,942.0,962.0,117.0,33.300000000000004,1.9
2022-04-07 14:00:00,829.0,932.0,110.0,33.0,1.4
2022-04-07 15:00:00,664.0,886.0,100.0,32.2,1.3
2022-04-07 16:00:00,456.0,800.0,85.0,30.6,1.4
2022-04-07 17:00:00,228.0,627.0,63.0,26.5,1.1
2022-04-07 18:00:00,30.0,190.0,20.0,22.8,1.3
2022-04-07 19:00:00,0.0,0.0,0.0,21.700000000000003,1.5
2022-04-07 20:00:00,0.0,0.0,0.0,21.0,1.6
2022-04-07 21:00:00,0.0,0.0,0.0,20.3,1.7000000000000002
2022-04-07 22:00:00,0.0,0.0,0.0,19.6,1.7000000000000002
2022-04-07 23:00:00,0.0,0.0,0.0,18.8,1.8
2022-04-08 00:00:00,0.0,0.0,0.0,18.1,2.0
2022-04-08 01:00:00,0.0,0.0,0.0,17.5,2.1
2022-04-08 02:00:00,0.0,0.0,0.0,17.1,2.2
2022-04-08 03:00:00,0.0,0.0,0.0,16.8,2.3000000000000003
2022-04-08 04:00:00,0.0,0.0,0.0,16.6,2.6
2022-04-08 05:00:00,0.0,0.0,0.0,16.7,2.8000000000000003
2022-04-08 06:00:00,61.0,314.0,32.0,19.8,3.0
2022-04-08 07:00:00,275.0,677.0,69.0,24.4,3.8
2022-04-08 08:00:00,502.0,824.0,90.0,27.700000000000003,3.7
2022-04-08 09:00:00,705.0,900.0,105.0,30.6,3.1
2022-04-08 10:00:00,811.0,750.0,216.0,32.5,2.1
2022-04-08 11:00:00,825.0,439.0,443.0,33.4,1.3
2022-04-08 12:00:00,985.0,978.0,111.0,33.5,1.8
2022-04-08 13:00:00,943.0,969.0,110.0,33.2,2.5
2022-04-08 14:00:00,831.0,939.0,105.0,32.6,3.0
2022-04-08 15:00:00,665.0,890.0,97.0,31.6,3.3000000000000003
2022-04-08 16:00:00,455.0,795.0,84.0,30.1,3.2
2022-04-08 17:00:00,228.0,618.0,63.0,26.5,2.4000000000000004
2022-04-08 18:00:00,31.0,181.0,21.0,22.8,1.9
2022-04-08 19:00:00,0.0,0.0,0.0,21.9,1.8
2022-04-08 20:00:00,0.0,0.0,0.0,22.1,1.5
2022-04-08 21:00:00,0.0,0.0,0.0,22.0,1.3
2022-04-08 22:00:00,0.0,0.0,0.0,21.5,1.1
2022-04-08 23:00:00,0.0,0.0,0.0,20.8,1.0
2022-04-09 00:00:00,0.0,0.0,0.0,20.0,0.9
2022-04-09 01:00:00,0.0,0.0,0.0,19.200000000000003,0.9
2022-04-09 02:00:00,0.0,0.0,0.0,18.4,1.0
2022-04-09 03:00:00,0.0,0.0,0.0,17.7,1.1
2022-04-09 04:00:00,0.0,0.0,0.0,17.2,1.1
2022-04-09 05:00:00,0.0,0.0,0.0,16.900000000000002,1.1
2022-04-09 06:00:00,59.0,259.0,34.0,18.9,1.2000000000000002
2022-04-09 07:00:00,265.0,615.0,75.0,21.700000000000003,1.7000000000000002
2022-04-09 08:00:00,487.0,771.0,99.0,24.8,0.8
2022-04-09 09:00:00,686.0,851.0,116.0,26.5,1.8
2022-04-09 10:00:00,846.0,908.0,123.0,27.3,2.7
2022-04-09 11:00:00,941.0,930.0,129.0,27.4,3.3000000000000003
2022-04-09 12:00:00,969.0,933.0,133.0,27.3,3.6
2022-04-09 13:00:00,928.0,924.0,130.0,27.0,3.6
2022-04-09 14:00:00,822.0,905.0,120.0,26.5,3.5
2022-04-09 15:00:00,661.0,863.0,107.0,25.700000000000003,3.5
2022-04-09 16:00:00,452.0,760.0,96.0,24.3,3.3000000000000003
2022-04-09 17:00:00,224.0,544.0,78.0,21.8,2.4000000000000004
2022-04-09 18:00:00,30.0,85.0,25.0,18.0,1.8
2022-04-09 19:00:00,0.0,0.0,0.0,16.900000000000002,1.1
2022-04-09 20:00:00,0.0,0.0,0.0,16.1,1.0
2022-04-09 21:00:00,0.0,0.0,0.0,15.0,1.0
2022-04-09 22:00:00,0.0,0.0,0.0,14.1,1.0
2022-04-09 23:00:00,0.0,0.0,0.0,13.2,1.1
2022-04-10 00:00:00,0.0,0.0,0.0,12.3,1.1
2022-04-10 01:00:00,0.0,0.0,0.0,11.7,1.0
2022-04-10 02:00:00,0.0,0.0,0.0,11.2,0.8
2022-04-10 03:00:00,0.0,0.0,0.0,10.7,0.4
2022-04-10 04:00:00,0.0,0.0,0.0,10.3,0.2
2022-04-10 05:00:00,0.0,0.0,0.0,10.1,0.2
2022-04-10 06:00:00,66.0,276.0,37.0,12.6,0.9
2022-04-10 07:00:00,90.0,0.0,89.0,15.4,1.6
2022-04-10 08:00:00,355.0,105.0,302.0,18.0,2.0
2022-04-10 09:00:00,293.0,3.0,291.0,19.9,1.2000000000000002
2022-04-10 10:00:00,598.0,253.0,396.0,21.4,0.5
2022-04-10 11:00:00,710.0,347.0,405.0,22.6,1.5
2022-04-10 12:00:00,778.0,437.0,385.0,23.200000000000003,2.9000000000000004
2022-04-10 13:00:00,772.0,499.0,340.0,23.1,3.9
2022-04-10 14:00:00,628.0,226.0,452.0,22.4,4.4
2022-04-10 15:00:00,455.0,120.0,377.0,21.200000000000003,4.6000000000000005
2022-04-10 16:00:00,446.0,735.0,100.0,19.4,4.4
2022-04-10 17:00:00,205.0,305.0,123.0,17.0,3.8
2022-04-10 18:00:00,24.0,1.0,24.0,14.6,2.7
2022-04-10 19:00:00,0.0,0.0,0.0,13.5,1.9
2022-04-10 20:00:00,0.0,0.0,0.0,13.0,1.5
2022-04-10 21:00:00,0.0,0.0,0.0,12.8,1.7000000000000002
2022-04-10 22:00:00,0.0,0.0,0.0,12.6,1.4
2022-04-10 23:00:00,0.0,0.0,0.0,12.3,1.1
2022-04-11 00:00:00,0.0,0.0,0.0,11.6,0.8
2022-04-11 01:00:00,0.0,0.0,0.0,11.6,1.1
2022-04-11 02:00:00,0.0,0.0,0.0,11.5,1.3
2022-04-11 03:00:00,0.0,0.0,0.0,11.4,1.3
2022-04-11 04:00:00,0.0,0.0,0.0,11.1,1.1
2022-04-11 05:00:00,0.0,0.0,0.0,11.1,1.1
2022-04-11 06:00:00,66.0,233.0,41.0,12.2,1.6
2022-04-11 07:00:00,124.0,4.0,123.0,13.7,2.0
2022-04-11 08:00:00,326.0,69.0,291.0,15.6,2.5
2022-04-11 09:00:00,250.0,1.0,249.0,17.2,3.0
2022-04-11 10:00:00,365.0,6.0,360.0,18.4,3.7
2022-04-11 11:00:00,215.0,0.0,215.0,19.3,4.3
2022-04-11 12:00:00,66.0,0.0,66.0,19.6,4.800000000000001
2022-04-11 13:00:00,147.0,0.0,147.0,19.5,5.300000000000001
2022-04-11 14:00:00,91.0,0.0,91.0,19.1,5.800000000000001
2022-04-11 15:00:00,224.0,1.0,224.0,18.2,6.0
2022-04-11 16:00:00,363.0,338.0,203.0,16.900000000000002,6.0
2022-04-11 17:00:00,220.0,515.0,78.0,15.2,5.9
2022-04-11 18:00:00,34.0,108.0,27.0,13.6,5.5
2022-04-11 19:00:00,0.0,0.0,0.0,12.8,5.4
2022-04-11 20:00:00,0.0,0.0,0.0,12.3,5.1000000000000005
2022-04-11 21:00:00,0.0,0.0,0.0,11.8,4.5
2022-04-11 22:00:00,0.0,0.0,0.0,11.2,4.1000000000000005
2022-04-11 23:00:00,0.0,0.0,0.0,10.0,3.7
2022-04-12 00:00:00,0.0,0.0,0.0,8.9,4.1000000000000005
2022-04-12 01:00:00,0.0,0.0,0.0,7.9,4.5
2022-04-12 02:00:00,0.0,0.0,0.0,7.1000000000000005,4.5
2022-04-12 03:00:00,0.0,0.0,0.0,6.5,4.5
2022-04-12 04:00:00,0.0,0.0,0.0,6.0,4.5
2022-04-12 05:00:00,0.0,0.0,0.0,5.800000000000001,4.6000000000000005
2022-04-12 06:00:00,81.0,391.0,38.0,7.4,5.7
2022-04-12 07:00:00,305.0,727.0,71.0,9.6,6.9
2022-04-12 08:00:00,538.0,867.0,91.0,11.9,7.0
2022-04-12 09:00:00,744.0,939.0,104.0,14.2,6.6000000000000005
2022-04-12 10:00:00,898.0,960.0,123.0,16.1,6.1000000000000005
2022-04-12 11:00:00,993.0,977.0,131.0,17.5,5.7
2022-04-12 12:00:00,1021.0,983.0,133.0,18.4,5.800000000000001
2022-04-12 13:00:00,978.0,976.0,129.0,18.8,6.1000000000000005
2022-04-12 14:00:00,867.0,951.0,123.0,18.6,6.4
2022-04-12 15:00:00,698.0,906.0,110.0,18.0,6.4
2022-04-12 16:00:00,485.0,820.0,94.0,16.8,6.0
2022-04-12 17:00:00,250.0,650.0,71.0,14.9,5.0
2022-04-12 18:00:00,42.0,219.0,27.0,11.4,3.4000000000000004
2022-04-12 19:00:00,0.0,0.0,0.0,9.9,3.0
2022-04-12 20:00:00,0.0,0.0,0.0,9.1,2.7
2022-04-12 21:00:00,0.0,0.0,0.0,8.5,2.6
2022-04-12 22:00:00,0.0,0.0,0.0,7.800000000000001,2.5
2022-04-12 23:00:00,0.0,0.0,0.0,7.2,2.5
2022-04-13 00:00:00,0.0,0.0,0.0,6.6000000000000005,2.5
2022-04-13 01:00:00,0.0,0.0,0.0,6.2,2.5
2022-04-13 02:00:00,0.0,0.0,0.0,5.800000000000001,2.5
2022-04-13 03:00:00,0.0,0.0,0.0,5.4,2.6
2022-04-13 04:00:00,0.0,0.0,0.0,5.1000000000000005,2.8000000000000003
2022-04-13 05:00:00,0.0,0.0,0.0,5.2,3.0
2022-04-13 06:00:00,84.0,394.0,38.0,8.1,3.9
2022-04-13 07:00:00,303.0,710.0,72.0,11.1,4.3
2022-04-13 08:00:00,531.0,844.0,93.0,14.4,3.9
2022-04-13 09:00:00,733.0,914.0,107.0,17.3,2.9000000000000004
2022-04-13 10:00:00,885.0,954.0,113.0,19.5,1.7000000000000002
2022-04-13 11:00:00,979.0,971.0,119.0,20.9,1.1
2022-04-13 12:00:00,1004.0,969.0,125.0,21.6,2.5
2022-04-13 13:00:00,954.0,948.0,126.0,21.5,3.7
2022-04-13 14:00:00,840.0,915.0,122.0,21.0,4.5
2022-04-13 15:00:00,670.0,856.0,113.0,20.0,4.800000000000001
2022-04-13 16:00:00,463.0,758.0,100.0,18.7,4.6000000000000005
2022-04-13 17:00:00,235.0,567.0,76.0,16.6,3.6
2022-04-13 18:00:00,38.0,160.0,27.0,13.0,2.2
2022-04-13 19:00:00,0.0,0.0,0.0,12.0,1.7000000000000002
2022-04-13 20:00:00,0.0,0.0,0.0,11.6,1.4
2022-04-13 21:00:00,0.0,0.0,0.0,11.4,1.1
2022-04-13 22:00:00,0.0,0.0,0.0,11.1,0.5
2022-04-13 23:00:00,0.0,0.0,0.0,10.6,0.2
2022-04-14 00:00:00,0.0,0.0,0.0,10.0,0.5
2022-04-14 01:00:00,0.0,0.0,0.0,9.4,0.8
2022-04-14 02:00:00,0.0,0.0,0.0,8.9,1.0
2022-04-14 03:00:00,0.0,0.0,0.0,8.200000000000001,1.2000000000000002
2022-04-14 04:00:00,0.0,0.0,0.0,7.6,1.4
2022-04-14 05:00:00,0.0,0.0,0.0,7.5,1.5
2022-04-14 06:00:00,79.0,310.0,42.0,10.4,2.1
2022-04-14 07:00:00,291.0,644.0,79.0,13.5,1.9
2022-04-14 08:00:00,515.0,796.0,99.0,16.2,0.8
2022-04-14 09:00:00,717.0,880.0,111.0,18.3,0.7000000000000001
2022-04-14 10:00:00,873.0,934.0,113.0,19.8,2.0
2022-04-14 11:00:00,966.0,953.0,119.0,20.700000000000003,3.2
2022-04-14 12:00:00,992.0,959.0,120.0,21.0,3.9
2022-04-14 13:00:00,950.0,953.0,117.0,21.0,4.1000000000000005
2022-04-14 14:00:00,843.0,927.0,113.0,20.700000000000003,4.3
2022-04-14 15:00:00,677.0,875.0,106.0,19.8,4.6000000000000005
2022-04-14 16:00:00,470.0,788.0,92.0,18.5,4.7
2022-04-14 17:00:00,242.0,618.0,68.0,16.6,4.2
2022-04-14 18:00:00,42.0,217.0,27.0,13.6,2.7
2022-04-14 19:00:00,0.0,0.0,0.0,12.1,1.9
2022-04-14 20:00:00,0.0,0.0,0.0,11.5,1.4
2022-04-14 21:00:00,0.0,0.0,0.0,11.5,1.1
2022-04-14 22:00:00,0.0,0.0,0.0,11.4,0.5
2022-04-14 23:00:00,0.0,0.0,0.0,11.0,0.5
2022-04-15 00:00:00,0.0,0.0,0.0,10.5,0.8
2022-04-15 01:00:00,0.0,0.0,0.0,10.0,1.0
2022-04-15 02:00:00,0.0,0.0,0.0,9.5,1.1
2022-04-15 03:00:00,0.0,0.0,0.0,9.1,1.2000000000000002
2022-04-15 04:00:00,0.0,0.0,0.0,8.9,1.1
2022-04-15 05:00:00,0.0,0.0,0.0,9.0,1.1
2022-04-15 06:00:00,80.0,298.0,43.0,11.3,1.4
2022-04-15 07:00:00,289.0,617.0,83.0,13.7,0.7000000000000001
2022-04-15 08:00:00,510.0,767.0,106.0,15.9,0.5
2022-04-15 09:00:00,706.0,847.0,120.0,17.8,1.3
2022-04-15 10:00:00,867.0,929.0,109.0,19.6,1.9
2022-04-15 11:00:00,959.0,950.0,113.0,21.1,2.5
2022-04-15 12:00:00,985.0,953.0,116.0,21.9,3.2
2022-04-15 13:00:00,940.0,937.0,118.0,22.200000000000003,4.0
2022-04-15 14:00:00,829.0,901.0,117.0,21.8,4.6000000000000005
2022-04-15 15:00:00,664.0,847.0,110.0,20.9,4.9
2022-04-15 16:00:00,460.0,755.0,96.0,19.200000000000003,4.800000000000001
2022-04-15 17:00:00,237.0,577.0,73.0,17.0,4.1000000000000005
2022-04-15 18:00:00,42.0,184.0,28.0,14.2,2.9000000000000004
2022-04-15 19:00:00,0.0,0.0,0.0,12.7,1.7000000000000002
2022-04-15 20:00:00,0.0,0.0,0.0,12.4,1.1
2022-04-15 21:00:00,0.0,0.0,0.0,12.3,1.0
2022-04-15 22:00:00,0.0,0.0,0.0,12.1,1.2000000000000002
2022-04-15 23:00:00,0.0,0.0,0.0,11.9,1.4
2022-04-16 00:00:00,0.0,0.0,0.0,11.6,1.5
2022-04-16 01:00:00,0.0,0.0,0.0,11.4,1.5
2022-04-16 02:00:00,0.0,0.0,0.0,11.5,1.5
2022-04-16 03:00:00,0.0,0.0,0.0,11.4,1.5
2022-04-16 04:00:00,0.0,0.0,0.0,11.3,1.4
2022-04-16 05:00:00,0.0,0.0,0.0,11.3,1.5
2022-04-16 06:00:00,5.0,0.0,5.0,11.9,1.9
2022-04-16 07:00:00,60.0,0.0,60.0,13.1,2.2
2022-04-16 08:00:00,237.0,8.0,233.0,15.0,2.9000000000000004
2022-04-16 09:00:00,307.0,5.0,304.0,16.900000000000002,3.8
2022-04-16 10:00:00,355.0,3.0,353.0,18.2,4.6000000000000005
2022-04-16 11:00:00,497.0,42.0,459.0,19.0,5.300000000000001
2022-04-16 12:00:00,450.0,12.0,439.0,19.4,5.7
2022-04-16 13:00:00,420.0,8.0,412.0,19.5,5.9
2022-04-16 14:00:00,611.0,180.0,469.0,19.4,5.9
2022-04-16 15:00:00,250.0,1.0,249.0,19.1,5.7
2022-04-16 16:00:00,462.0,728.0,109.0,18.3,5.4
2022-04-16 17:00:00,239.0,548.0,82.0,16.900000000000002,4.5
2022-04-16 18:00:00,42.0,148.0,31.0,14.1,3.0
2022-04-16 19:00:00,0.0,0.0,0.0,12.5,2.4000000000000004
2022-04-16 20:00:00,0.0,0.0,0.0,11.7,1.8
2022-04-16 21:00:00,0.0,0.0,0.0,11.3,1.5
2022-04-16 22:00:00,0.0,0.0,0.0,11.1,1.0
2022-04-16 23:00:00,0.0,0.0,0.0,10.6,0.7000000000000001
2022-04-17 00:00:00,0.0,0.0,0.0,10.2,0.4
2022-04-17 01:00:00,0.0,0.0,0.0,9.9,0.2
2022-04-17 02:00:00,0.0,0.0,0.0,9.6,0.2
2022-04-17 03:00:00,0.0,0.0,0.0,9.3,0.1
2022-04-17 04:00:00,0.0,0.0,0.0,9.2,0.1
2022-04-17 05:00:00,0.0,0.0,0.0,9.2,0.2
2022-04-17 06:00:00,89.0,313.0,48.0,11.2,0.5
2022-04-17 07:00:00,306.0,639.0,88.0,13.6,0.9
2022-04-17 08:00:00,536.0,796.0,110.0,16.1,0.9
2022-04-17 09:00:00,736.0,877.0,124.0,18.8,0.4
2022-04-17 10:00:00,893.0,931.0,128.0,21.3,1.0
2022-04-17 11:00:00,980.0,944.0,134.0,23.0,2.3000000000000003
2022-04-17 12:00:00,1006.0,947.0,138.0,24.0,3.3000000000000003
2022-04-17 13:00:00,963.0,938.0,136.0,24.4,3.9
2022-04-17 14:00:00,852.0,905.0,132.0,24.1,4.0
2022-04-17 15:00:00,685.0,853.0,122.0,23.1,3.9
2022-04-17 16:00:00,475.0,765.0,103.0,21.700000000000003,3.8
2022-04-17 17:00:00,248.0,586.0,79.0,19.200000000000003,3.4000000000000004
2022-04-17 18:00:00,46.0,192.0,31.0,15.4,2.2
2022-04-17 19:00:00,0.0,0.0,0.0,14.1,1.2000000000000002
2022-04-17 20:00:00,0.0,0.0,0.0,14.1,0.6000000000000001
2022-04-17 21:00:00,0.0,0.0,0.0,13.9,0.2
2022-04-17 22:00:00,0.0,0.0,0.0,13.6,0.2
2022-04-17 23:00:00,0.0,0.0,0.0,13.5,0.2
2022-04-18 00:00:00,0.0,0.0,0.0,13.3,0.2
2022-04-18 01:00:00,0.0,0.0,0.0,13.2,0.4
2022-04-18 02:00:00,0.0,0.0,0.0,12.7,0.1
2022-04-18 03:00:00,0.0,0.0,0.0,12.7,0.4
2022-04-18 04:00:00,0.0,0.0,0.0,12.7,0.5
2022-04-18 05:00:00,0.0,0.0,0.0,12.4,0.7000000000000001
2022-04-18 06:00:00,69.0,23.0,66.0,14.3,1.0
2022-04-18 07:00:00,307.0,657.0,80.0,16.7,1.1
2022-04-18 08:00:00,526.0,788.0,101.0,19.200000000000003,1.0
2022-04-18 09:00:00,720.0,860.0,117.0,21.3,2.1
2022-04-18 10:00:00,876.0,928.0,111.0,22.700000000000003,2.8000000000000003
2022-04-18 11:00:00,968.0,947.0,116.0,23.8,2.9000000000000004
2022-04-18 12:00:00,993.0,944.0,125.0,24.9,3.1
2022-04-18 13:00:00,947.0,932.0,123.0,25.200000000000003,3.6
2022-04-18 14:00:00,831.0,883.0,128.0,24.9,4.2
2022-04-18 15:00:00,651.0,652.0,220.0,23.700000000000003,4.4
2022-04-18 16:00:00,405.0,388.0,215.0,22.200000000000003,3.4000000000000004
2022-04-18 17:00:00,99.0,6.0,97.0,19.8,2.4000000000000004
2022-04-18 18:00:00,29.0,1.0,29.0,16.7,1.8
2022-04-18 19:00:00,0.0,0.0,0.0,15.5,1.2000000000000002
2022-04-18 20:00:00,0.0,0.0,0.0,15.3,0.5
2022-04-18 21:00:00,0.0,0.0,0.0,15.1,0.5
2022-04-18 22:00:00,0.0,0.0,0.0,14.3,0.9
2022-04-18 23:00:00,0.0,0.0,0.0,13.8,1.0
2022-04-19 00:00:00,0.0,0.0,0.0,13.7,0.8
2022-04-19 01:00:00,0.0,0.0,0.0,13.7,0.6000000000000001
2022-04-19 02:00:00,0.0,0.0,0.0,13.3,0.4
2022-04-19 03:00:00,0.0,0.0,0.0,13.1,0.4
2022-04-19 04:00:00,0.0,0.0,0.0,12.8,0.4
2022-04-19 05:00:00,0.0,0.0,0.0,12.5,0.6000000000000001
2022-04-19 06:00:00,57.0,7.0,56.0,14.5,0.9
2022-04-19 07:00:00,199.0,91.0,168.0,16.7,0.5
2022-04-19 08:00:00,509.0,600.0,184.0,18.6,1.4
2022-04-19 09:00:00,717.0,861.0,110.0,20.3,2.4000000000000004
2022-04-19 10:00:00,864.0,903.0,116.0,21.700000000000003,3.2
2022-04-19 11:00:00,953.0,916.0,127.0,22.700000000000003,4.1000000000000005
2022-04-19 12:00:00,980.0,919.0,133.0,23.200000000000003,4.7
2022-04-19 13:00:00,942.0,916.0,130.0,23.4,5.2
2022-04-19 14:00:00,833.0,883.0,128.0,23.0,5.5
2022-04-19 15:00:00,670.0,831.0,119.0,22.1,5.6000000000000005
2022-04-19 16:00:00,468.0,749.0,100.0,20.8,5.300000000000001
2022-04-19 17:00:00,246.0,582.0,75.0,18.9,4.5
2022-04-19 18:00:00,49.0,212.0,31.0,15.9,2.9000000000000004
2022-04-19 19:00:00,0.0,0.0,0.0,14.3,2.1
2022-04-19 20:00:00,0.0,0.0,0.0,13.6,1.5
2022-04-19 21:00:00,0.0,0.0,0.0,13.1,1.2000000000000002
2022-04-19 22:00:00,0.0,0.0,0.0,12.9,1.3
2022-04-19 23:00:00,0.0,0.0,0.0,12.6,1.2000000000000002
2022-04-20 00:00:00,0.0,0.0,0.0,12.1,0.9
2022-04-20 01:00:00,0.0,0.0,0.0,12.1,0.8
2022-04-20 02:00:00,0.0,0.0,0.0,12.0,0.8
2022-04-20 03:00:00,0.0,0.0,0.0,11.8,0.9
2022-04-20 04:00:00,0.0,0.0,0.0,11.5,1.0
2022-04-20 05:00:00,0.0,0.0,0.0,11.4,1.2000000000000002
2022-04-20 06:00:00,42.0,0.0,42.0,12.5,1.5
2022-04-20 07:00:00,109.0,1.0,109.0,14.1,1.9
2022-04-20 08:00:00,344.0,72.0,305.0,15.9,2.1
2022-04-20 09:00:00,734.0,897.0,99.0,17.6,2.3000000000000003
2022-04-20 10:00:00,886.0,942.0,104.0,18.9,2.8000000000000003
2022-04-20 11:00:00,975.0,955.0,112.0,19.9,3.5
2022-04-20 12:00:00,270.0,0.0,270.0,20.3,4.0
2022-04-20 13:00:00,946.0,919.0,130.0,20.200000000000003,4.3
2022-04-20 14:00:00,837.0,882.0,130.0,19.700000000000003,4.3
2022-04-20 15:00:00,674.0,837.0,117.0,18.7,4.1000000000000005
2022-04-20 16:00:00,472.0,758.0,98.0,17.2,3.7
2022-04-20 17:00:00,250.0,596.0,74.0,15.2,3.2
2022-04-20 18:00:00,51.0,224.0,31.0,12.9,2.2
2022-04-20 19:00:00,0.0,0.0,0.0,11.6,1.4
2022-04-20 20:00:00,0.0,0.0,0.0,10.9,0.9
2022-04-20 21:00:00,0.0,0.0,0.0,10.4,0.8
2022-04-20 22:00:00,0.0,0.0,0.0,10.1,0.8
2022-04-20 23:00:00,0.0,0.0,0.0,10.0,0.8
2022-04-21 00:00:00,0.0,0.0,0.0,10.1,0.6000000000000001
2022-04-21 01:00:00,0.0,0.0,0.0,9.9,0.5
2022-04-21 02:00:00,0.0,0.0,0.0,9.6,0.4
2022-04-21 03:00:00,0.0,0.0,0.0,9.4,0.4
2022-04-21 04:00:00,0.0,0.0,0.0,9.3,0.3
2022-04-21 05:00:00,0.0,0.0,0.0,9.4,0.1
2022-04-21 06:00:00,101.0,330.0,52.0,10.6,0.4
2022-04-21 07:00:00,313.0,624.0,90.0,13.3,1.3
2022-04-21 08:00:00,531.0,759.0,115.0,15.7,1.8
2022-04-21 09:00:00,723.0,837.0,128.0,17.7,2.6
2022-04-21 10:00:00,873.0,892.0,130.0,19.0,3.3000000000000003
2022-04-21 11:00:00,960.0,912.0,133.0,19.700000000000003,3.9
2022-04-21 12:00:00,984.0,921.0,131.0,19.700000000000003,4.7
2022-04-21 13:00:00,941.0,911.0,129.0,19.1,5.1000000000000005
2022-04-21 14:00:00,830.0,877.0,126.0,18.3,5.1000000000000005
2022-04-21 15:00:00,666.0,823.0,117.0,17.3,5.1000000000000005
2022-04-21 16:00:00,296.0,50.0,271.0,16.1,4.9
2022-04-21 17:00:00,141.0,7.0,139.0,14.6,4.6000000000000005
2022-04-21 18:00:00,49.0,145.0,36.0,13.2,3.9
2022-04-21 19:00:00,0.0,0.0,0.0,12.5,3.2
2022-04-21 20:00:00,0.0,0.0,0.0,12.2,3.2
2022-04-21 21:00:00,0.0,0.0,0.0,11.9,3.3000000000000003
2022-04-21 22:00:00,0.0,0.0,0.0,11.6,3.3000000000000003
2022-04-21 23:00:00,0.0,0.0,0.0,11.3,3.4000000000000004
2022-04-22 00:00:00,0.0,0.0,0.0,11.1,3.9
2022-04-22 01:00:00,0.0,0.0,0.0,10.9,3.9
2022-04-22 02:00:00,0.0,0.0,0.0,10.5,3.5
2022-04-22 03:00:00,0.0,0.0,0.0,10.2,3.3000000000000003
2022-04-22 04:00:00,0.0,0.0,0.0,9.5,2.4000000000000004
2022-04-22 05:00:00,0.0,0.0,0.0,9.4,2.2
2022-04-22 06:00:00,111.0,427.0,46.0,10.7,3.0
2022-04-22 07:00:00,328.0,714.0,71.0,12.1,3.5
2022-04-22 08:00:00,552.0,845.0,85.0,13.8,4.1000000000000005
2022-04-22 09:00:00,745.0,910.0,96.0,15.3,4.6000000000000005
2022-04-22 10:00:00,854.0,637.0,321.0,16.3,5.0
2022-04-22 11:00:00,979.0,944.0,121.0,17.1,5.300000000000001
2022-04-22 12:00:00,1001.0,948.0,120.0,17.8,5.4
2022-04-22 13:00:00,951.0,915.0,134.0,18.2,5.5
2022-04-22 14:00:00,842.0,885.0,130.0,18.3,5.4
2022-04-22 15:00:00,447.0,173.0,330.0,18.0,5.1000000000000005
2022-04-22 16:00:00,326.0,76.0,288.0,17.3,4.6000000000000005
2022-04-22 17:00:00,220.0,265.0,140.0,16.1,3.9
2022-04-22 18:00:00,50.0,16.0,49.0,13.5,2.5
2022-04-22 19:00:00,0.0,0.0,0.0,12.1,1.7000000000000002
2022-04-22 20:00:00,0.0,0.0,0.0,11.3,1.2000000000000002
2022-04-22 21:00:00,0.0,0.0,0.0,10.8,1.1
2022-04-22 22:00:00,0.0,0.0,0.0,10.4,1.1
2022-04-22 23:00:00,0.0,0.0,0.0,10.0,1.1
2022-04-23 00:00:00,0.0,0.0,0.0,9.6,1.1
2022-04-23 01:00:00,0.0,0.0,0.0,9.3,1.0
2022-04-23 02:00:00,0.0,0.0,0.0,8.8,1.0
2022-04-23 03:00:00,0.0,0.0,0.0,8.200000000000001,1.1
2022-04-23 04:00:00,0.0,0.0,0.0,7.6,1.2000000000000002
2022-04-23 05:00:00,0.0,0.0,0.0,7.7,1.5
2022-04-23 06:00:00,113.0,417.0,47.0,10.3,2.5
2022-04-23 07:00:00,330.0,690.0,79.0,13.8,2.5
2022-04-23 08:00:00,551.0,820.0,96.0,17.7,2.7
2022-04-23 09:00:00,749.0,893.0,108.0,20.3,2.3000000000000003
2022-04-23 10:00:00,900.0,937.0,114.0,22.3,1.5
2022-04-23 11:00:00,989.0,955.0,119.0,23.5,1.0
2022-04-23 12:00:00,1009.0,953.0,122.0,23.9,1.3
2022-04-23 13:00:00,964.0,942.0,121.0,24.1,2.0
2022-04-23 14:00:00,852.0,906.0,122.0,23.9,2.6
2022-04-23 15:00:00,686.0,848.0,116.0,23.3,2.9000000000000004
2022-04-23 16:00:00,479.0,750.0,104.0,22.3,3.0
2022-04-23 17:00:00,254.0,568.0,82.0,20.5,2.7
2022-04-23 18:00:00,53.0,174.0,37.0,17.6,2.3000000000000003
2022-04-23 19:00:00,0.0,0.0,0.0,16.3,1.9
2022-04-23 20:00:00,0.0,0.0,0.0,14.9,1.7000000000000002
2022-04-23 21:00:00,0.0,0.0,0.0,14.3,1.9
2022-04-23 22:00:00,0.0,0.0,0.0,13.8,2.2
2022-04-23 23:00:00,0.0,0.0,0.0,13.2,2.6
2022-04-24 00:00:00,0.0,0.0,0.0,12.6,3.3000000000000003
2022-04-24 01:00:00,0.0,0.0,0.0,12.1,3.6
2022-04-24 02:00:00,0.0,0.0,0.0,11.8,3.7
2022-04-24 03:00:00,0.0,0.0,0.0,11.8,3.8
2022-04-24 04:00:00,0.0,0.0,0.0,12.0,3.8
2022-04-24 05:00:00,0.0,0.0,0.0,12.5,3.7
2022-04-24 06:00:00,107.0,267.0,64.0,15.7,4.4
2022-04-24 07:00:00,323.0,575.0,112.0,19.0,4.6000000000000005
2022-04-24 08:00:00,547.0,733.0,138.0,21.8,4.5
2022-04-24 09:00:00,745.0,823.0,153.0,23.700000000000003,3.8
2022-04-24 10:00:00,890.0,851.0,175.0,25.3,2.8000000000000003
2022-04-24 11:00:00,985.0,889.0,173.0,26.6,1.7000000000000002
2022-04-24 12:00:00,1008.0,904.0,165.0,27.3,0.5
2022-04-24 13:00:00,958.0,873.0,175.0,27.3,0.8
2022-04-24 14:00:00,845.0,844.0,163.0,26.6,1.6
2022-04-24 15:00:00,683.0,798.0,145.0,25.700000000000003,2.3000000000000003
2022-04-24 16:00:00,480.0,714.0,122.0,24.5,2.8000000000000003
2022-04-24 17:00:00,256.0,545.0,89.0,22.200000000000003,2.8000000000000003
2022-04-24 18:00:00,55.0,188.0,37.0,19.3,2.5
2022-04-24 19:00:00,0.0,0.0,0.0,18.1,2.2
2022-04-24 20:00:00,0.0,0.0,0.0,17.5,1.6
2022-04-24 21:00:00,0.0,0.0,0.0,16.900000000000002,1.2000000000000002
2022-04-24 22:00:00,0.0,0.0,0.0,16.3,1.2000000000000002
2022-04-24 23:00:00,0.0,0.0,0.0,15.6,1.3
2022-04-25 00:00:00,0.0,0.0,0.0,15.0,1.5
2022-04-25 01:00:00,0.0,0.0,0.0,14.4,1.6
2022-04-25 02:00:00,0.0,0.0,0.0,14.0,1.6
2022-04-25 03:00:00,0.0,0.0,0.0,13.6,1.6
2022-04-25 04:00:00,0.0,0.0,0.0,13.1,1.6
2022-04-25 05:00:00,0.0,0.0,0.0,13.1,1.7000000000000002
2022-04-25 06:00:00,116.0,370.0,56.0,17.1,2.2
2022-04-25 07:00:00,335.0,653.0,93.0,21.0,3.1
2022-04-25 08:00:00,559.0,789.0,117.0,24.200000000000003,3.1
2022-04-25 09:00:00,750.0,854.0,133.0,26.1,2.8000000000000003
2022-04-25 10:00:00,901.0,905.0,138.0,27.4,2.3000000000000003
2022-04-25 11:00:00,988.0,923.0,143.0,28.200000000000003,1.9
2022-04-25 12:00:00,1012.0,931.0,142.0,28.700000000000003,1.7000000000000002
2022-04-25 13:00:00,965.0,921.0,137.0,28.9,2.0
2022-04-25 14:00:00,856.0,897.0,130.0,28.4,2.6
2022-04-25 15:00:00,689.0,842.0,120.0,27.5,3.0
2022-04-25 16:00:00,484.0,751.0,106.0,26.1,3.3000000000000003
2022-04-25 17:00:00,260.0,576.0,83.0,23.5,2.9000000000000004
2022-04-25 18:00:00,59.0,211.0,38.0,20.1,2.0
2022-04-25 19:00:00,0.0,0.0,0.0,19.1,1.7000000000000002
2022-04-25 20:00:00,0.0,0.0,0.0,18.6,1.3
2022-04-25 21:00:00,0.0,0.0,0.0,19.0,0.8
2022-04-25 22:00:00,0.0,0.0,0.0,19.4,0.2
2022-04-25 23:00:00,0.0,0.0,0.0,18.7,0.6000000000000001
2022-04-26 00:00:00,0.0,0.0,0.0,17.2,0.9
2022-04-26 01:00:00,0.0,0.0,0.0,16.3,0.9
2022-04-26 02:00:00,0.0,0.0,0.0,15.8,1.0
2022-04-26 03:00:00,0.0,0.0,0.0,15.3,1.1
2022-04-26 04:00:00,0.0,0.0,0.0,15.0,1.2000000000000002
2022-04-26 05:00:00,0.0,0.0,0.0,15.4,1.0
2022-04-26 06:00:00,80.0,15.0,77.0,17.1,1.0
2022-04-26 07:00:00,268.0,235.0,180.0,19.200000000000003,1.3
2022-04-26 08:00:00,393.0,204.0,278.0,21.200000000000003,1.3
2022-04-26 09:00:00,552.0,285.0,345.0,23.0,1.8
2022-04-26 10:00:00,686.0,384.0,361.0,24.4,2.2
2022-04-26 11:00:00,551.0,106.0,454.0,25.0,2.7
2022-04-26 12:00:00,998.0,910.0,145.0,25.0,3.0
2022-04-26 13:00:00,956.0,903.0,143.0,24.6,3.1
2022-04-26 14:00:00,844.0,860.0,146.0,23.700000000000003,3.0
2022-04-26 15:00:00,682.0,803.0,138.0,22.5,2.6
2022-04-26 16:00:00,480.0,715.0,118.0,21.3,2.1
2022-04-26 17:00:00,260.0,551.0,90.0,20.0,1.5
2022-04-26 18:00:00,46.0,4.0,46.0,17.400000000000002,0.8
2022-04-26 19:00:00,0.0,0.0,0.0,15.5,0.6000000000000001
2022-04-26 20:00:00,0.0,0.0,0.0,14.8,0.3
2022-04-26 21:00:00,0.0,0.0,0.0,14.3,0.5
2022-04-26 22:00:00,0.0,0.0,0.0,13.8,0.8
2022-04-26 23:00:00,0.0,0.0,0.0,13.2,1.0
2022-04-27 00:00:00,0.0,0.0,0.0,12.8,1.0
2022-04-27 01:00:00,0.0,0.0,0.0,12.2,1.0
2022-04-27 02:00:00,0.0,0.0,0.0,11.9,1.0
2022-04-27 03:00:00,0.0,0.0,0.0,11.5,1.2000000000000002
2022-04-27 04:00:00,0.0,0.0,0.0,11.2,1.4
2022-04-27 05:00:00,0.0,0.0,0.0,11.2,1.7000000000000002
2022-04-27 06:00:00,110.0,225.0,72.0,13.4,2.4000000000000004
2022-04-27 07:00:00,136.0,1.0,135.0,15.7,2.3000000000000003
2022-04-27 08:00:00,413.0,116.0,347.0,17.8,2.0
2022-04-27 09:00:00,729.0,758.0,177.0,19.6,1.8
2022-04-27 10:00:00,882.0,850.0,161.0,21.1,2.1
2022-04-27 11:00:00,967.0,861.0,174.0,22.1,2.6
2022-04-27 12:00:00,987.0,857.0,183.0,22.6,3.0
2022-04-27 13:00:00,942.0,844.0,181.0,22.6,3.3000000000000003
2022-04-27 14:00:00,835.0,809.0,177.0,22.200000000000003,3.4000000000000004
2022-04-27 15:00:00,671.0,743.0,166.0,21.3,3.3000000000000003
2022-04-27 16:00:00,468.0,634.0,146.0,19.8,3.1
2022-04-27 17:00:00,250.0,448.0,110.0,17.900000000000002,2.7
2022-04-27 18:00:00,57.0,117.0,45.0,15.5,2.1
2022-04-27 19:00:00,0.0,0.0,0.0,13.9,1.6
2022-04-27 20:00:00,0.0,0.0,0.0,13.4,1.3
2022-04-27 21:00:00,0.0,0.0,0.0,13.2,1.2000000000000002
2022-04-27 22:00:00,0.0,0.0,0.0,13.1,1.2000000000000002
2022-04-27 23:00:00,0.0,0.0,0.0,13.0,1.2000000000000002
2022-04-28 00:00:00,0.0,0.0,0.0,12.8,1.2000000000000002
2022-04-28 01:00:00,0.0,0.0,0.0,12.6,1.1
2022-04-28 02:00:00,0.0,0.0,0.0,12.3,1.1
2022-04-28 03:00:00,0.0,0.0,0.0,12.1,1.0
2022-04-28 04:00:00,0.0,0.0,0.0,12.1,1.2000000000000002
2022-04-28 05:00:00,0.0,0.0,0.0,12.1,1.2000000000000002
2022-04-28 06:00:00,14.0,0.0,14.0,12.7,1.1
2022-04-28 07:00:00,130.0,1.0,130.0,13.8,1.0
2022-04-28 08:00:00,245.0,3.0,243.0,15.4,1.3
2022-04-28 09:00:00,481.0,78.0,425.0,17.0,1.8
2022-04-28 10:00:00,426.0,12.0,415.0,18.6,2.4000000000000004
2022-04-28 11:00:00,696.0,161.0,547.0,19.5,3.2
2022-04-28 12:00:00,341.0,1.0,340.0,20.1,3.8
2022-04-28 13:00:00,715.0,196.0,538.0,20.4,4.2
2022-04-28 14:00:00,849.0,852.0,154.0,20.200000000000003,4.5
2022-04-28 15:00:00,687.0,801.0,141.0,19.6,4.6000000000000005
2022-04-28 16:00:00,486.0,715.0,121.0,18.5,4.5
2022-04-28 17:00:00,265.0,545.0,94.0,17.0,4.2
2022-04-28 18:00:00,63.0,195.0,42.0,14.2,3.0
2022-04-28 19:00:00,0.0,0.0,0.0,12.4,2.3000000000000003
2022-04-28 20:00:00,0.0,0.0,0.0,11.7,1.6
2022-04-28 21:00:00,0.0,0.0,0.0,11.4,1.0
2022-04-28 22:00:00,0.0,0.0,0.0,11.2,0.5
2022-04-28 23:00:00,0.0,0.0,0.0,10.6,0.4
2022-04-29 00:00:00,0.0,0.0,0.0,10.0,0.7000000000000001
2022-04-29 01:00:00,0.0,0.0,0.0,9.5,0.6000000000000001
2022-04-29 02:00:00,0.0,0.0,0.0,8.9,0.5
2022-04-29 03:00:00,0.0,0.0,0.0,8.4,0.3
2022-04-29 04:00:00,0.0,0.0,0.0,8.0,0.4
2022-04-29 05:00:00,0.0,0.0,0.0,8.3,0.7000000000000001
2022-04-29 06:00:00,125.0,342.0,65.0,10.8,1.4
2022-04-29 07:00:00,165.0,5.0,163.0,13.9,1.5
2022-04-29 08:00:00,241.0,3.0,240.0,17.7,2.1
2022-04-29 09:00:00,755.0,835.0,144.0,20.6,1.9
2022-04-29 10:00:00,914.0,917.0,132.0,23.0,1.0
2022-04-29 11:00:00,999.0,935.0,135.0,24.700000000000003,0.3
2022-04-29 12:00:00,1022.0,941.0,136.0,25.700000000000003,1.2000000000000002
2022-04-29 13:00:00,977.0,931.0,134.0,26.1,2.2
2022-04-29 14:00:00,864.0,899.0,129.0,25.700000000000003,3.2
2022-04-29 15:00:00,699.0,846.0,121.0,24.6,3.6
2022-04-29 16:00:00,495.0,756.0,108.0,23.1,3.6
2022-04-29 17:00:00,272.0,593.0,85.0,20.6,3.4000000000000004
2022-04-29 18:00:00,68.0,248.0,41.0,16.900000000000002,2.4000000000000004
2022-04-29 19:00:00,0.0,0.0,0.0,15.5,1.2000000000000002
2022-04-29 20:00:00,0.0,0.0,0.0,15.3,0.7000000000000001
2022-04-29 21:00:00,0.0,0.0,0.0,15.0,0.6000000000000001
2022-04-29 22:00:00,0.0,0.0,0.0,14.5,0.6000000000000001
2022-04-29 23:00:00,0.0,0.0,0.0,14.1,0.5
2022-04-30 00:00:00,0.0,0.0,0.0,13.9,0.4
2022-04-30 01:00:00,0.0,0.0,0.0,13.5,0.4
2022-04-30 02:00:00,0.0,0.0,0.0,13.0,0.6000000000000001
2022-04-30 03:00:00,0.0,0.0,0.0,12.4,1.0
2022-04-30 04:00:00,0.0,0.0,0.0,12.0,1.2000000000000002
2022-04-30 05:00:00,0.0,0.0,0.0,12.2,1.2000000000000002
2022-04-30 06:00:00,133.0,418.0,57.0,15.4,1.5
2022-04-30 07:00:00,352.0,677.0,90.0,18.3,1.1
2022-04-30 08:00:00,572.0,801.0,111.0,22.0,0.7000000000000001
2022-04-30 09:00:00,767.0,874.0,125.0,24.5,1.9
2022-04-30 10:00:00,916.0,920.0,130.0,25.8,2.9000000000000004
2022-04-30 11:00:00,1005.0,937.0,138.0,26.3,3.7
2022-04-30 12:00:00,1026.0,935.0,143.0,26.200000000000003,4.3
2022-04-30 13:00:00,980.0,925.0,141.0,25.8,4.6000000000000005
2022-04-30 14:00:00,869.0,896.0,135.0,25.1,4.6000000000000005
2022-04-30 15:00:00,705.0,847.0,125.0,24.1,4.5
2022-04-30 16:00:00,500.0,759.0,110.0,22.9,3.9
2022-04-30 17:00:00,275.0,591.0,86.0,21.200000000000003,3.0
2022-04-30 18:00:00,68.0,230.0,42.0,17.6,1.5
2022-04-30 19:00:00,0.0,0.0,0.0,15.7,0.9
2022-04-30 20:00:00,0.0,0.0,0.0,14.8,0.8
2022-04-30 21:00:00,0.0,0.0,0.0,14.1,1.1
2022-04-30 22:00:00,0.0,0.0,0.0,13.6,1.1
2022-04-30 23:00:00,0.0,0.0,0.0,13.3,1.1
2022-05-01 00:00:00,0.0,0.0,0.0,13.0,1.0
2022-05-01 01:00:00,0.0,0.0,0.0,12.7,0.9
2022-05-01 02:00:00,0.0,0.0,0.0,12.4,0.9
2022-05-01 03:00:00,0.0,0.0,0.0,12.1,0.8
2022-05-01 04:00:00,0.0,0.0,0.0,11.7,0.8
2022-05-01 05:00:00,0.0,0.0,0.0,11.8,0.8
2022-05-01 06:00:00,132.0,383.0,61.0,14.1,1.0
2022-05-01 07:00:00,346.0,633.0,100.0,16.6,0.6000000000000001
2022-05-01 08:00:00,561.0,757.0,124.0,18.9,1.4
2022-05-01 09:00:00,751.0,830.0,139.0,20.6,2.0
2022-05-01 10:00:00,902.0,895.0,136.0,22.0,2.4000000000000004
2022-05-01 11:00:00,986.0,909.0,142.0,23.0,2.8000000000000003
2022-05-01 12:00:00,1007.0,912.0,145.0,23.8,3.2
2022-05-01 13:00:00,963.0,903.0,142.0,24.1,3.5
2022-05-01 14:00:00,854.0,874.0,137.0,23.8,3.9
2022-05-01 15:00:00,692.0,821.0,128.0,22.9,4.1000000000000005
2022-05-01 16:00:00,490.0,732.0,112.0,21.3,4.1000000000000005
2022-05-01 17:00:00,270.0,568.0,88.0,19.1,3.5
2022-05-01 18:00:00,69.0,233.0,43.0,16.1,2.3000000000000003
2022-05-01 19:00:00,0.0,0.0,0.0,14.2,1.2000000000000002
2022-05-01 20:00:00,0.0,0.0,0.0,13.4,0.5
2022-05-01 21:00:00,0.0,0.0,0.0,12.9,0.4
2022-05-01 22:00:00,0.0,0.0,0.0,12.5,0.4
2022-05-01 23:00:00,0.0,0.0,0.0,12.0,0.3
2022-05-02 00:00:00,0.0,0.0,0.0,11.5,0.1
2022-05-02 01:00:00,0.0,0.0,0.0,11.0,0.3
2022-05-02 02:00:00,0.0,0.0,0.0,10.6,0.5
2022-05-02 03:00:00,0.0,0.0,0.0,10.3,0.6000000000000001
2022-05-02 04:00:00,0.0,0.0,0.0,10.0,0.6000000000000001
2022-05-02 05:00:00,0.0,0.0,0.0,10.4,0.6000000000000001
2022-05-02 06:00:00,127.0,304.0,70.0,13.2,1.1
2022-05-02 07:00:00,77.0,0.0,77.0,16.1,0.9
2022-05-02 08:00:00,126.0,0.0,126.0,18.6,0.5
2022-05-02 09:00:00,211.0,0.0,211.0,20.5,1.0
2022-05-02 10:00:00,670.0,171.0,523.0,22.1,1.9
2022-05-02 11:00:00,976.0,844.0,191.0,23.4,2.8000000000000003
2022-05-02 12:00:00,998.0,851.0,192.0,24.3,3.6
2022-05-02 13:00:00,953.0,848.0,181.0,24.5,4.3
2022-05-02 14:00:00,845.0,816.0,173.0,24.0,4.800000000000001
2022-05-02 15:00:00,680.0,756.0,159.0,22.8,4.9
2022-05-02 16:00:00,481.0,669.0,135.0,21.1,4.7
2022-05-02 17:00:00,265.0,511.0,100.0,18.9,4.1000000000000005
2022-05-02 18:00:00,68.0,192.0,46.0,15.9,3.2
2022-05-02 19:00:00,0.0,0.0,0.0,13.9,2.4000000000000004
2022-05-02 20:00:00,0.0,0.0,0.0,13.0,1.7000000000000002
2022-05-02 21:00:00,0.0,0.0,0.0,12.7,1.5
2022-05-02 22:00:00,0.0,0.0,0.0,12.7,1.4
2022-05-02 23:00:00,0.0,0.0,0.0,12.6,1.4
2022-05-03 00:00:00,0.0,0.0,0.0,12.4,1.2000000000000002
2022-05-03 01:00:00,0.0,0.0,0.0,12.3,0.9
2022-05-03 02:00:00,0.0,0.0,0.0,12.2,0.5
2022-05-03 03:00:00,0.0,0.0,0.0,11.9,0.5
2022-05-03 04:00:00,0.0,0.0,0.0,11.4,0.8
2022-05-03 05:00:00,0.0,0.0,0.0,11.7,1.1
2022-05-03 06:00:00,59.0,0.0,59.0,13.4,1.4
2022-05-03 07:00:00,211.0,19.0,204.0,15.8,1.4
2022-05-03 08:00:00,174.0,0.0,173.0,18.3,1.4
2022-05-03 09:00:00,598.0,215.0,439.0,20.4,1.2000000000000002
2022-05-03 10:00:00,465.0,29.0,440.0,22.200000000000003,0.6000000000000001
2022-05-03 11:00:00,631.0,135.0,505.0,23.6,0.4
2022-05-03 12:00:00,1014.0,901.0,160.0,24.6,1.1
2022-05-03 13:00:00,485.0,23.0,463.0,25.0,1.8
2022-05-03 14:00:00,859.0,853.0,156.0,24.8,2.5
2022-05-03 15:00:00,697.0,801.0,144.0,24.1,2.8000000000000003
2022-05-03 16:00:00,495.0,711.0,125.0,22.8,2.9000000000000004
2022-05-03 17:00:00,275.0,553.0,95.0,20.5,3.0
2022-05-03 18:00:00,73.0,229.0,46.0,16.8,2.7
2022-05-03 19:00:00,0.0,0.0,0.0,15.0,2.0
2022-05-03 20:00:00,0.0,0.0,0.0,14.3,1.4
2022-05-03 21:00:00,0.0,0.0,0.0,13.6,0.7000000000000001
2022-05-03 22:00:00,0.0,0.0,0.0,12.9,0.3
2022-05-03 23:00:00,0.0,0.0,0.0,12.4,0.1
2022-05-04 00:00:00,0.0,0.0,0.0,11.9,0.4
2022-05-04 01:00:00,0.0,0.0,0.0,11.5,0.6000000000000001
2022-05-04 02:00:00,0.0,0.0,0.0,11.2,0.8
2022-05-04 03:00:00,0.0,0.0,0.0,11.2,0.8
2022-05-04 04:00:00,0.0,0.0,0.0,11.3,0.9
2022-05-04 05:00:00,0.0,0.0,0.0,12.2,0.9
2022-05-04 06:00:00,143.0,429.0,60.0,16.2,1.6
2022-05-04 07:00:00,361.0,677.0,92.0,19.5,1.8
2022-05-04 08:00:00,579.0,800.0,111.0,22.700000000000003,2.1
2022-05-04 09:00:00,770.0,867.0,125.0,24.9,1.6
2022-05-04 10:00:00,916.0,909.0,132.0,26.3,0.8
2022-05-04 11:00:00,999.0,926.0,135.0,27.200000000000003,0.6000000000000001
2022-05-04 12:00:00,1021.0,930.0,137.0,27.5,1.5
2022-05-04 13:00:00,974.0,913.0,139.0,27.5,2.4000000000000004
2022-05-04 14:00:00,865.0,884.0,135.0,27.3,3.0
2022-05-04 15:00:00,702.0,832.0,126.0,26.6,3.3000000000000003
2022-05-04 16:00:00,499.0,741.0,112.0,25.5,3.4000000000000004
2022-05-04 17:00:00,279.0,579.0,89.0,23.6,3.1
2022-05-04 18:00:00,75.0,243.0,45.0,20.0,2.2
2022-05-04 19:00:00,0.0,0.0,0.0,18.4,1.6
2022-05-04 20:00:00,0.0,0.0,0.0,18.1,0.9
2022-05-04 21:00:00,0.0,0.0,0.0,18.1,0.1
2022-05-04 22:00:00,0.0,0.0,0.0,17.3,0.8
2022-05-04 23:00:00,0.0,0.0,0.0,16.3,1.0
2022-05-05 00:00:00,0.0,0.0,0.0,15.5,1.0
2022-05-05 01:00:00,0.0,0.0,0.0,14.8,0.8
2022-05-05 02:00:00,0.0,0.0,0.0,14.3,0.4
2022-05-05 03:00:00,0.0,0.0,0.0,14.0,0.6000000000000001
2022-05-05 04:00:00,0.0,0.0,0.0,13.7,0.9
2022-05-05 05:00:00,0.0,0.0,0.0,14.1,1.0
2022-05-05 06:00:00,145.0,423.0,62.0,16.8,1.4
2022-05-05 07:00:00,123.0,0.0,123.0,19.5,1.2000000000000002
2022-05-05 08:00:00,582.0,790.0,119.0,22.1,1.2000000000000002
2022-05-05 09:00:00,774.0,856.0,136.0,24.1,2.1
2022-05-05 10:00:00,915.0,883.0,153.0,25.200000000000003,2.8000000000000003
2022-05-05 11:00:00,997.0,894.0,162.0,25.8,3.5
2022-05-05 12:00:00,1018.0,892.0,169.0,25.6,3.9
2022-05-05 13:00:00,971.0,887.0,159.0,24.8,3.9
2022-05-05 14:00:00,865.0,865.0,149.0,23.700000000000003,3.6
2022-05-05 15:00:00,706.0,828.0,131.0,23.1,3.1
2022-05-05 16:00:00,508.0,765.0,108.0,23.0,2.6
2022-05-05 17:00:00,287.0,627.0,81.0,22.1,2.2
2022-05-05 18:00:00,81.0,313.0,42.0,18.7,1.3
2022-05-05 19:00:00,0.0,0.0,0.0,17.1,1.0
2022-05-05 20:00:00,0.0,0.0,0.0,17.1,0.7000000000000001
2022-05-05 21:00:00,0.0,0.0,0.0,17.2,0.4
2022-05-05 22:00:00,0.0,0.0,0.0,16.900000000000002,0.5
2022-05-05 23:00:00,0.0,0.0,0.0,16.400000000000002,0.7000000000000001
2022-05-06 00:00:00,0.0,0.0,0.0,16.2,0.9
2022-05-06 01:00:00,0.0,0.0,0.0,15.6,1.0
2022-05-06 02:00:00,0.0,0.0,0.0,14.8,1.1
2022-05-06 03:00:00,0.0,0.0,0.0,14.2,1.0
2022-05-06 04:00:00,0.0,0.0,0.0,13.8,1.0
2022-05-06 05:00:00,0.0,0.0,0.0,14.2,1.0
2022-05-06 06:00:00,144.0,428.0,59.0,17.2,1.6
2022-05-06 07:00:00,357.0,662.0,90.0,19.9,1.2000000000000002
2022-05-06 08:00:00,571.0,781.0,110.0,22.700000000000003,0.6000000000000001
2022-05-06 09:00:00,758.0,849.0,123.0,25.1,2.1
2022-05-06 10:00:00,907.0,919.0,111.0,26.1,3.2
2022-05-06 11:00:00,989.0,934.0,115.0,26.4,4.0
2022-05-06 12:00:00,1008.0,935.0,116.0,26.4,4.3
2022-05-06 13:00:00,960.0,919.0,117.0,26.3,4.3
2022-05-06 14:00:00,854.0,895.0,112.0,26.0,4.2
2022-05-06 15:00:00,696.0,851.0,104.0,25.200000000000003,4.0
2022-05-06 16:00:00,499.0,775.0,91.0,24.1,3.7
2022-05-06 17:00:00,283.0,634.0,73.0,22.4,3.1
2022-05-06 18:00:00,82.0,340.0,39.0,19.700000000000003,1.8
2022-05-06 19:00:00,0.0,0.0,0.0,17.6,0.8
2022-05-06 20:00:00,0.0,0.0,0.0,16.8,0.4
2022-05-06 21:00:00,0.0,0.0,0.0,16.2,0.5
2022-05-06 22:00:00,0.0,0.0,0.0,15.8,0.6000000000000001
2022-05-06 23:00:00,0.0,0.0,0.0,15.4,0.7000000000000001
2022-05-07 00:00:00,0.0,0.0,0.0,15.2,0.9
2022-05-07 01:00:00,0.0,0.0,0.0,14.9,1.0
2022-05-07 02:00:00,0.0,0.0,0.0,14.4,1.0
2022-05-07 03:00:00,0.0,0.0,0.0,14.2,1.0
2022-05-07 04:00:00,0.0,0.0,0.0,13.7,0.8
2022-05-07 05:00:00,0.0,0.0,0.0,13.8,0.9
2022-05-07 06:00:00,43.0,0.0,43.0,16.0,0.9
2022-05-07 07:00:00,151.0,3.0,150.0,18.2,0.5
2022-05-07 08:00:00,224.0,1.0,223.0,20.4,1.4
2022-05-07 09:00:00,776.0,883.0,114.0,22.6,2.4000000000000004
2022-05-07 10:00:00,918.0,913.0,126.0,24.1,3.4000000000000004
2022-05-07 11:00:00,1004.0,930.0,132.0,24.9,4.2
2022-05-07 12:00:00,1026.0,937.0,131.0,25.200000000000003,4.6000000000000005
2022-05-07 13:00:00,977.0,924.0,129.0,25.200000000000003,4.9
2022-05-07 14:00:00,870.0,901.0,123.0,24.700000000000003,4.9
2022-05-07 15:00:00,708.0,854.0,113.0,24.0,4.7
2022-05-07 16:00:00,506.0,773.0,99.0,22.8,4.4
2022-05-07 17:00:00,288.0,627.0,78.0,21.0,4.0
2022-05-07 18:00:00,84.0,316.0,44.0,18.0,2.9000000000000004
2022-05-07 19:00:00,0.0,0.0,0.0,15.7,2.2
2022-05-07 20:00:00,0.0,0.0,0.0,14.7,1.7000000000000002
2022-05-07 21:00:00,0.0,0.0,0.0,13.9,1.4
2022-05-07 22:00:00,0.0,0.0,0.0,13.3,1.3
2022-05-07 23:00:00,0.0,0.0,0.0,13.3,1.3
2022-05-08 00:00:00,0.0,0.0,0.0,12.9,0.9
2022-05-08 01:00:00,0.0,0.0,0.0,12.7,0.5
2022-05-08 02:00:00,0.0,0.0,0.0,12.2,0.5
2022-05-08 03:00:00,0.0,0.0,0.0,12.0,0.4
2022-05-08 04:00:00,0.0,0.0,0.0,11.9,0.3
2022-05-08 05:00:00,0.0,0.0,0.0,12.0,0.2
2022-05-08 06:00:00,56.0,0.0,56.0,13.6,0.6000000000000001
2022-05-08 07:00:00,135.0,1.0,134.0,15.4,1.5
2022-05-08 08:00:00,403.0,95.0,346.0,16.900000000000002,2.3000000000000003
2022-05-08 09:00:00,428.0,53.0,388.0,18.3,3.0
2022-05-08 10:00:00,632.0,161.0,493.0,19.6,3.7
2022-05-08 11:00:00,845.0,371.0,497.0,20.4,4.4
2022-05-08 12:00:00,326.0,1.0,325.0,20.8,5.0
2022-05-08 13:00:00,184.0,0.0,184.0,20.9,5.300000000000001
2022-05-08 14:00:00,331.0,2.0,330.0,20.700000000000003,5.5
2022-05-08 15:00:00,421.0,78.0,367.0,20.3,5.6000000000000005
2022-05-08 16:00:00,518.0,801.0,94.0,19.5,5.300000000000001
2022-05-08 17:00:00,299.0,668.0,75.0,18.1,4.800000000000001
2022-05-08 18:00:00,90.0,366.0,42.0,15.7,3.4000000000000004
2022-05-08 19:00:00,0.0,0.0,0.0,13.8,2.6
2022-05-08 20:00:00,0.0,0.0,0.0,13.1,1.8
2022-05-08 21:00:00,0.0,0.0,0.0,12.1,1.2000000000000002
2022-05-08 22:00:00,0.0,0.0,0.0,11.4,1.0
2022-05-08 23:00:00,0.0,0.0,0.0,10.7,1.1
2022-05-09 00:00:00,0.0,0.0,0.0,10.0,1.3
2022-05-09 01:00:00,0.0,0.0,0.0,9.4,1.5
2022-05-09 02:00:00,0.0,0.0,0.0,8.9,1.7000000000000002
2022-05-09 03:00:00,0.0,0.0,0.0,8.4,1.8
2022-05-09 04:00:00,0.0,0.0,0.0,8.0,1.8
2022-05-09 05:00:00,0.0,0.0,0.0,8.6,2.1
2022-05-09 06:00:00,164.0,538.0,53.0,11.1,2.9000000000000004
2022-05-09 07:00:00,385.0,757.0,75.0,13.6,2.2
2022-05-09 08:00:00,428.0,139.0,345.0,15.9,1.4
2022-05-09 09:00:00,793.0,920.0,99.0,17.8,2.4000000000000004
2022-05-09 10:00:00,931.0,941.0,112.0,19.0,3.6
2022-05-09 11:00:00,1015.0,954.0,118.0,19.6,4.6000000000000005
2022-05-09 12:00:00,1032.0,953.0,120.0,19.8,5.1000000000000005
2022-05-09 13:00:00,986.0,940.0,121.0,19.700000000000003,5.300000000000001
2022-05-09 14:00:00,878.0,914.0,117.0,19.4,5.4
2022-05-09 15:00:00,719.0,866.0,113.0,18.7,5.300000000000001
2022-05-09 16:00:00,518.0,786.0,101.0,17.7,4.9
2022-05-09 17:00:00,298.0,645.0,80.0,16.5,4.3
2022-05-09 18:00:00,91.0,349.0,44.0,14.3,3.1
2022-05-09 19:00:00,0.0,0.0,0.0,12.3,2.3000000000000003
2022-05-09 20:00:00,0.0,0.0,0.0,11.5,1.9
2022-05-09 21:00:00,0.0,0.0,0.0,11.2,1.7000000000000002
2022-05-09 22:00:00,0.0,0.0,0.0,11.1,1.3
2022-05-09 23:00:00,0.0,0.0,0.0,10.7,1.0
2022-05-10 00:00:00,0.0,0.0,0.0,10.1,0.9
2022-05-10 01:00:00,0.0,0.0,0.0,9.5,1.0
2022-05-10 02:00:00,0.0,0.0,0.0,9.0,1.2000000000000002
2022-05-10 03:00:00,0.0,0.0,0.0,8.5,1.3
2022-05-10 04:00:00,0.0,0.0,0.0,8.0,1.5
2022-05-10 05:00:00,0.0,0.0,0.0,8.8,1.7000000000000002
2022-05-10 06:00:00,164.0,518.0,56.0,11.5,2.6
2022-05-10 07:00:00,384.0,734.0,81.0,14.5,1.8
2022-05-10 08:00:00,601.0,845.0,96.0,17.0,2.1
2022-05-10 09:00:00,790.0,906.0,106.0,18.5,2.9000000000000004
2022-05-10 10:00:00,934.0,945.0,111.0,19.6,3.7
2022-05-10 11:00:00,1023.0,964.0,115.0,20.3,4.6000000000000005
2022-05-10 12:00:00,1044.0,969.0,115.0,20.4,5.2
2022-05-10 13:00:00,1003.0,956.0,121.0,20.200000000000003,5.6000000000000005
2022-05-10 14:00:00,900.0,943.0,112.0,19.6,5.7
2022-05-10 15:00:00,741.0,907.0,105.0,18.7,5.5
2022-05-10 16:00:00,536.0,832.0,93.0,17.400000000000002,5.1000000000000005
2022-05-10 17:00:00,310.0,691.0,76.0,15.8,4.6000000000000005
2022-05-10 18:00:00,96.0,384.0,44.0,13.4,3.2
2022-05-10 19:00:00,0.0,0.0,0.0,11.3,2.1
2022-05-10 20:00:00,0.0,0.0,0.0,11.0,1.7000000000000002
2022-05-10 21:00:00,0.0,0.0,0.0,10.7,1.3
2022-05-10 22:00:00,0.0,0.0,0.0,10.0,1.2000000000000002
2022-05-10 23:00:00,0.0,0.0,0.0,9.5,1.3
2022-05-11 00:00:00,0.0,0.0,0.0,8.9,1.5
2022-05-11 01:00:00,0.0,0.0,0.0,8.4,1.7000000000000002
2022-05-11 02:00:00,0.0,0.0,0.0,7.9,1.9
2022-05-11 03:00:00,0.0,0.0,0.0,7.4,2.1
2022-05-11 04:00:00,0.0,0.0,0.0,6.800000000000001,2.1
2022-05-11 05:00:00,0.0,0.0,0.0,7.5,2.1
2022-05-11 06:00:00,172.0,533.0,59.0,10.5,3.1
2022-05-11 07:00:00,399.0,761.0,84.0,13.0,3.5
2022-05-11 08:00:00,622.0,869.0,101.0,14.8,3.8
2022-05-11 09:00:00,815.0,930.0,112.0,16.400000000000002,4.2
2022-05-11 10:00:00,962.0,968.0,117.0,17.8,4.5
2022-05-11 11:00:00,1048.0,982.0,123.0,18.9,4.7
2022-05-11 12:00:00,1070.0,988.0,122.0,19.700000000000003,4.800000000000001
2022-05-11 13:00:00,1019.0,961.0,132.0,20.1,5.0
2022-05-11 14:00:00,901.0,924.0,129.0,20.200000000000003,5.300000000000001
2022-05-11 15:00:00,736.0,869.0,125.0,19.8,5.6000000000000005
2022-05-11 16:00:00,529.0,779.0,113.0,19.1,5.4
2022-05-11 17:00:00,306.0,639.0,87.0,17.900000000000002,4.9
2022-05-11 18:00:00,96.0,355.0,47.0,14.9,3.3000000000000003
2022-05-11 19:00:00,0.0,0.0,0.0,12.6,2.7
2022-05-11 20:00:00,0.0,0.0,0.0,11.9,2.4000000000000004
2022-05-11 21:00:00,0.0,0.0,0.0,11.1,2.2
2022-05-11 22:00:00,0.0,0.0,0.0,10.4,2.1
2022-05-11 23:00:00,0.0,0.0,0.0,9.9,2.1
2022-05-12 00:00:00,0.0,0.0,0.0,9.6,2.0
2022-05-12 01:00:00,0.0,0.0,0.0,9.3,2.0
2022-05-12 02:00:00,0.0,0.0,0.0,8.9,2.1
2022-05-12 03:00:00,0.0,0.0,0.0,8.8,2.4000000000000004
2022-05-12 04:00:00,0.0,0.0,0.0,8.9,2.9000000000000004
2022-05-12 05:00:00,0.0,0.0,0.0,10.0,3.8
2022-05-12 06:00:00,167.0,495.0,61.0,13.3,4.4
2022-05-12 07:00:00,389.0,720.0,90.0,17.2,3.5
2022-05-12 08:00:00,604.0,826.0,107.0,20.700000000000003,2.7
2022-05-12 09:00:00,794.0,891.0,118.0,23.0,1.6
2022-05-12 10:00:00,938.0,931.0,124.0,24.5,0.7000000000000001
2022-05-12 11:00:00,1024.0,950.0,127.0,25.5,0.6000000000000001
2022-05-12 12:00:00,1046.0,955.0,128.0,26.200000000000003,1.7000000000000002
2022-05-12 13:00:00,1002.0,950.0,124.0,26.4,2.9000000000000004
2022-05-12 14:00:00,889.0,917.0,122.0,26.200000000000003,3.8
2022-05-12 15:00:00,728.0,870.0,114.0,25.4,4.3
2022-05-12 16:00:00,528.0,804.0,97.0,24.3,4.4
2022-05-12 17:00:00,308.0,677.0,75.0,22.700000000000003,3.9
2022-05-12 18:00:00,98.0,391.0,43.0,18.8,2.7
2022-05-12 19:00:00,0.0,0.0,0.0,16.7,2.0
2022-05-12 20:00:00,0.0,0.0,0.0,15.9,1.6
2022-05-12 21:00:00,0.0,0.0,0.0,15.3,1.6
2022-05-12 22:00:00,0.0,0.0,0.0,14.9,1.6
2022-05-12 23:00:00,0.0,0.0,0.0,14.5,1.8
2022-05-13 00:00:00,0.0,0.0,0.0,14.1,2.0
2022-05-13 01:00:00,0.0,0.0,0.0,13.7,2.2
2022-05-13 02:00:00,0.0,0.0,0.0,13.5,2.4000000000000004
2022-05-13 03:00:00,0.0,0.0,0.0,13.3,2.5
2022-05-13 04:00:00,0.0,0.0,0.0,13.1,2.6
2022-05-13 05:00:00,10.0,35.0,9.0,13.9,3.0
2022-05-13 06:00:00,169.0,508.0,59.0,17.1,3.4000000000000004
2022-05-13 07:00:00,387.0,721.0,86.0,20.700000000000003,3.1
2022-05-13 08:00:00,602.0,828.0,103.0,24.8,2.8000000000000003
2022-05-13 09:00:00,789.0,888.0,115.0,27.6,2.0
2022-05-13 10:00:00,938.0,934.0,120.0,29.3,1.3
2022-05-13 11:00:00,1022.0,949.0,125.0,30.3,1.3
2022-05-13 12:00:00,1039.0,947.0,128.0,30.700000000000003,1.9
2022-05-13 13:00:00,991.0,929.0,131.0,30.700000000000003,2.6
2022-05-13 14:00:00,887.0,907.0,127.0,30.4,3.0
2022-05-13 15:00:00,726.0,862.0,118.0,29.700000000000003,3.3000000000000003
2022-05-13 16:00:00,526.0,787.0,103.0,28.4,3.5
2022-05-13 17:00:00,306.0,650.0,81.0,26.1,3.1
2022-05-13 18:00:00,98.0,365.0,46.0,21.5,1.9
2022-05-13 19:00:00,0.0,0.0,0.0,19.6,1.4
2022-05-13 20:00:00,0.0,0.0,0.0,19.1,1.1
2022-05-13 21:00:00,0.0,0.0,0.0,18.6,1.2000000000000002
2022-05-13 22:00:00,0.0,0.0,0.0,18.3,1.4
2022-05-13 23:00:00,0.0,0.0,0.0,17.900000000000002,1.5
2022-05-14 00:00:00,0.0,0.0,0.0,17.3,1.7000000000000002
2022-05-14 01:00:00,0.0,0.0,0.0,16.7,1.9
2022-05-14 02:00:00,0.0,0.0,0.0,16.0,2.0
2022-05-14 03:00:00,0.0,0.0,0.0,15.6,2.1
2022-05-14 04:00:00,0.0,0.0,0.0,15.3,2.1
2022-05-14 05:00:00,12.0,58.0,10.0,16.2,2.1
2022-05-14 06:00:00,177.0,544.0,58.0,19.700000000000003,2.8000000000000003
2022-05-14 07:00:00,396.0,743.0,84.0,22.9,2.5
2022-05-14 08:00:00,612.0,844.0,102.0,27.0,1.4
2022-05-14 09:00:00,800.0,901.0,115.0,29.700000000000003,0.6000000000000001
2022-05-14 10:00:00,940.0,927.0,127.0,31.3,1.1
2022-05-14 11:00:00,1025.0,944.0,132.0,32.300000000000004,1.7000000000000002
2022-05-14 12:00:00,1046.0,947.0,134.0,32.9,2.3000000000000003
2022-05-14 13:00:00,969.0,770.0,255.0,33.1,2.7
2022-05-14 14:00:00,892.0,919.0,120.0,32.7,2.9000000000000004
2022-05-14 15:00:00,731.0,872.0,114.0,31.700000000000003,3.0
2022-05-14 16:00:00,533.0,799.0,102.0,29.8,3.0
2022-05-14 17:00:00,313.0,667.0,80.0,27.0,2.5
2022-05-14 18:00:00,103.0,397.0,45.0,23.6,1.5
2022-05-14 19:00:00,0.0,0.0,0.0,21.4,1.1
2022-05-14 20:00:00,0.0,0.0,0.0,21.3,0.8
2022-05-14 21:00:00,0.0,0.0,0.0,22.1,0.4
2022-05-14 22:00:00,0.0,0.0,0.0,22.1,0.5
2022-05-14 23:00:00,0.0,0.0,0.0,21.0,0.8
2022-05-15 00:00:00,0.0,0.0,0.0,19.9,0.9
2022-05-15 01:00:00,0.0,0.0,0.0,19.200000000000003,0.9
2022-05-15 02:00:00,0.0,0.0,0.0,18.6,1.0
2022-05-15 03:00:00,0.0,0.0,0.0,18.3,1.0
2022-05-15 04:00:00,0.0,0.0,0.0,18.0,1.0
2022-05-15 05:00:00,12.0,63.0,11.0,18.5,0.9
2022-05-15 06:00:00,139.0,104.0,116.0,21.200000000000003,0.9
2022-05-15 07:00:00,354.0,422.0,177.0,23.0,0.7000000000000001
2022-05-15 08:00:00,608.0,829.0,106.0,24.9,0.5
2022-05-15 09:00:00,507.0,225.0,336.0,27.6,1.2000000000000002
2022-05-15 10:00:00,756.0,523.0,296.0,29.5,2.3000000000000003
2022-05-15 11:00:00,872.0,596.0,307.0,30.1,2.9000000000000004
2022-05-15 12:00:00,732.0,301.0,442.0,29.700000000000003,3.3000000000000003
2022-05-15 13:00:00,820.0,499.0,357.0,29.1,3.4000000000000004
2022-05-15 14:00:00,878.0,887.0,132.0,28.700000000000003,3.4000000000000004
2022-05-15 15:00:00,702.0,690.0,213.0,27.9,3.3000000000000003
2022-05-15 16:00:00,515.0,596.0,193.0,26.6,3.0
2022-05-15 17:00:00,304.0,633.0,83.0,24.8,2.5
2022-05-15 18:00:00,99.0,353.0,47.0,21.4,1.3
2022-05-15 19:00:00,0.0,0.0,0.0,18.9,0.5
2022-05-15 20:00:00,0.0,0.0,0.0,18.1,0.4
2022-05-15 21:00:00,0.0,0.0,0.0,17.3,0.9
2022-05-15 22:00:00,0.0,0.0,0.0,16.7,1.2000000000000002
2022-05-15 23:00:00,0.0,0.0,0.0,16.1,1.3
2022-05-16 00:00:00,0.0,0.0,0.0,15.4,1.1
2022-05-16 01:00:00,0.0,0.0,0.0,15.0,1.1
2022-05-16 02:00:00,0.0,0.0,0.0,14.6,1.1
2022-05-16 03:00:00,0.0,0.0,0.0,14.3,1.2000000000000002
2022-05-16 04:00:00,0.0,0.0,0.0,13.9,1.1
2022-05-16 05:00:00,12.0,49.0,11.0,14.2,1.2000000000000002
2022-05-16 06:00:00,62.0,0.0,61.0,16.0,0.8
2022-05-16 07:00:00,383.0,700.0,87.0,18.3,0.4
2022-05-16 08:00:00,594.0,804.0,105.0,20.700000000000003,1.4
2022-05-16 09:00:00,776.0,860.0,119.0,22.8,2.7
2022-05-16 10:00:00,912.0,883.0,135.0,24.5,3.6
2022-05-16 11:00:00,995.0,901.0,140.0,26.0,4.1000000000000005
2022-05-16 12:00:00,1016.0,906.0,141.0,26.8,4.4
2022-05-16 13:00:00,975.0,904.0,134.0,27.0,4.5
2022-05-16 14:00:00,870.0,878.0,130.0,26.6,4.6000000000000005
2022-05-16 15:00:00,716.0,838.0,120.0,25.8,4.3
2022-05-16 16:00:00,521.0,768.0,103.0,24.700000000000003,3.9
2022-05-16 17:00:00,307.0,642.0,81.0,22.9,3.4000000000000004
2022-05-16 18:00:00,103.0,376.0,47.0,19.700000000000003,2.3000000000000003
2022-05-16 19:00:00,0.0,0.0,0.0,16.900000000000002,1.7000000000000002
2022-05-16 20:00:00,0.0,0.0,0.0,15.8,1.4
2022-05-16 21:00:00,0.0,0.0,0.0,14.9,1.3
2022-05-16 22:00:00,0.0,0.0,0.0,14.2,0.9
2022-05-16 23:00:00,0.0,0.0,0.0,13.6,0.6000000000000001
2022-05-17 00:00:00,0.0,0.0,0.0,13.3,0.5
2022-05-17 01:00:00,0.0,0.0,0.0,12.8,0.6000000000000001
2022-05-17 02:00:00,0.0,0.0,0.0,12.4,0.8
2022-05-17 03:00:00,0.0,0.0,0.0,12.1,0.9
2022-05-17 04:00:00,0.0,0.0,0.0,11.9,0.8
2022-05-17 05:00:00,14.0,60.0,12.0,12.6,0.9
2022-05-17 06:00:00,33.0,0.0,33.0,15.0,1.0
2022-05-17 07:00:00,69.0,0.0,69.0,17.5,0.3
2022-05-17 08:00:00,102.0,0.0,102.0,19.5,1.2000000000000002
2022-05-17 09:00:00,480.0,95.0,408.0,21.3,2.0
2022-05-17 10:00:00,488.0,45.0,448.0,22.9,2.7
2022-05-17 11:00:00,1008.0,914.0,140.0,24.4,3.2
2022-05-17 12:00:00,1025.0,913.0,143.0,25.3,3.7
2022-05-17 13:00:00,978.0,900.0,141.0,25.700000000000003,4.2
2022-05-17 14:00:00,872.0,872.0,136.0,25.4,4.7
2022-05-17 15:00:00,717.0,828.0,127.0,24.4,4.800000000000001
2022-05-17 16:00:00,520.0,747.0,113.0,22.8,4.5
2022-05-17 17:00:00,303.0,600.0,90.0,20.8,3.8
2022-05-17 18:00:00,100.0,315.0,52.0,18.1,2.8000000000000003
2022-05-17 19:00:00,0.0,0.0,0.0,15.7,1.8
2022-05-17 20:00:00,0.0,0.0,0.0,14.6,1.2000000000000002
2022-05-17 21:00:00,0.0,0.0,0.0,13.9,0.9
2022-05-17 22:00:00,0.0,0.0,0.0,13.5,0.5
2022-05-17 23:00:00,0.0,0.0,0.0,13.2,0.5
2022-05-18 00:00:00,0.0,0.0,0.0,13.1,0.6000000000000001
2022-05-18 01:00:00,0.0,0.0,0.0,12.8,0.7000000000000001
2022-05-18 02:00:00,0.0,0.0,0.0,12.5,0.7000000000000001
2022-05-18 03:00:00,0.0,0.0,0.0,12.1,0.7000000000000001
2022-05-18 04:00:00,0.0,0.0,0.0,11.7,0.7000000000000001
2022-05-18 05:00:00,12.0,22.0,11.0,12.5,0.9
2022-05-18 06:00:00,165.0,407.0,73.0,14.9,1.0
2022-05-18 07:00:00,93.0,0.0,93.0,17.8,0.6000000000000001
2022-05-18 08:00:00,162.0,0.0,162.0,20.8,0.5
2022-05-18 09:00:00,308.0,2.0,307.0,23.6,1.0
2022-05-18 10:00:00,902.0,841.0,160.0,26.1,1.6
2022-05-18 11:00:00,988.0,868.0,163.0,27.9,2.2
2022-05-18 12:00:00,1010.0,879.0,160.0,28.6,2.7
2022-05-18 13:00:00,964.0,864.0,159.0,28.8,3.1
2022-05-18 14:00:00,857.0,835.0,152.0,28.4,3.5
2022-05-18 15:00:00,702.0,789.0,139.0,27.5,3.7
2022-05-18 16:00:00,508.0,708.0,121.0,26.1,3.8
2022-05-18 17:00:00,296.0,563.0,96.0,24.1,3.6
2022-05-18 18:00:00,98.0,285.0,54.0,20.700000000000003,2.8000000000000003
2022-05-18 19:00:00,0.0,0.0,0.0,18.0,1.6
2022-05-18 20:00:00,0.0,0.0,0.0,16.8,1.1
2022-05-18 21:00:00,0.0,0.0,0.0,16.1,1.2000000000000002
2022-05-18 22:00:00,0.0,0.0,0.0,15.5,1.1
2022-05-18 23:00:00,0.0,0.0,0.0,15.0,0.7000000000000001
2022-05-19 00:00:00,0.0,0.0,0.0,14.5,0.6000000000000001
2022-05-19 01:00:00,0.0,0.0,0.0,14.0,0.6000000000000001
2022-05-19 02:00:00,0.0,0.0,0.0,13.7,0.7000000000000001
2022-05-19 03:00:00,0.0,0.0,0.0,13.3,0.9
2022-05-19 04:00:00,0.0,0.0,0.0,12.9,1.0
2022-05-19 05:00:00,14.0,40.0,12.0,13.6,1.3
2022-05-19 06:00:00,172.0,458.0,67.0,15.5,1.2000000000000002
2022-05-19 07:00:00,65.0,0.0,65.0,17.5,1.1
2022-05-19 08:00:00,176.0,0.0,176.0,19.700000000000003,1.3
2022-05-19 09:00:00,213.0,0.0,213.0,21.700000000000003,1.6
2022-05-19 10:00:00,532.0,82.0,460.0,23.6,2.1
2022-05-19 11:00:00,988.0,876.0,155.0,25.0,2.6
2022-05-19 12:00:00,1008.0,878.0,158.0,25.8,3.2
2022-05-19 13:00:00,960.0,858.0,160.0,26.0,3.7
2022-05-19 14:00:00,856.0,830.0,154.0,25.6,4.1000000000000005
2022-05-19 15:00:00,701.0,784.0,140.0,24.6,4.2
2022-05-19 16:00:00,511.0,713.0,120.0,22.9,4.1000000000000005
2022-05-19 17:00:00,301.0,585.0,92.0,20.4,3.8
2022-05-19 18:00:00,85.0,20.0,82.0,17.2,3.2
2022-05-19 19:00:00,0.0,0.0,0.0,14.8,2.7
2022-05-19 20:00:00,0.0,0.0,0.0,14.0,2.4000000000000004
2022-05-19 21:00:00,0.0,0.0,0.0,13.5,2.1
2022-05-19 22:00:00,0.0,0.0,0.0,13.1,1.8
2022-05-19 23:00:00,0.0,0.0,0.0,12.9,1.7000000000000002
2022-05-20 00:00:00,0.0,0.0,0.0,12.7,1.5
2022-05-20 01:00:00,0.0,0.0,0.0,12.5,1.5
2022-05-20 02:00:00,0.0,0.0,0.0,12.4,1.8
2022-05-20 03:00:00,0.0,0.0,0.0,12.4,1.8
2022-05-20 04:00:00,0.0,0.0,0.0,12.4,1.6
2022-05-20 05:00:00,7.0,0.0,7.0,12.7,1.3
2022-05-20 06:00:00,50.0,0.0,50.0,13.8,1.0
2022-05-20 07:00:00,116.0,0.0,116.0,15.5,0.9
2022-05-20 08:00:00,226.0,1.0,225.0,17.8,0.7000000000000001
2022-05-20 09:00:00,267.0,1.0,267.0,20.1,0.5
2022-05-20 10:00:00,382.0,4.0,378.0,22.0,1.3
2022-05-20 11:00:00,266.0,0.0,265.0,23.200000000000003,2.4000000000000004
2022-05-20 12:00:00,229.0,0.0,228.0,23.8,3.5
2022-05-20 13:00:00,90.0,0.0,90.0,23.6,4.2
2022-05-20 14:00:00,46.0,0.0,46.0,22.700000000000003,4.5
2022-05-20 15:00:00,40.0,0.0,40.0,20.9,4.2
2022-05-20 16:00:00,31.0,0.0,31.0,18.8,3.4000000000000004
2022-05-20 17:00:00,12.0,0.0,12.0,17.3,2.6
2022-05-20 18:00:00,22.0,0.0,22.0,16.2,1.9
2022-05-20 19:00:00,0.0,0.0,0.0,15.6,1.5
2022-05-20 20:00:00,0.0,0.0,0.0,15.3,1.3
2022-05-20 21:00:00,0.0,0.0,0.0,15.0,1.1
2022-05-20 22:00:00,0.0,0.0,0.0,14.7,1.0
2022-05-20 23:00:00,0.0,0.0,0.0,14.2,0.6000000000000001
2022-05-21 00:00:00,0.0,0.0,0.0,13.9,0.5
2022-05-21 01:00:00,0.0,0.0,0.0,13.6,0.5
2022-05-21 02:00:00,0.0,0.0,0.0,13.2,0.5
2022-05-21 03:00:00,0.0,0.0,0.0,12.9,0.5
2022-05-21 04:00:00,0.0,0.0,0.0,12.7,0.4
2022-05-21 05:00:00,6.0,0.0,6.0,13.0,0.3
2022-05-21 06:00:00,53.0,0.0,53.0,14.5,0.5
2022-05-21 07:00:00,145.0,1.0,145.0,16.900000000000002,0.6000000000000001
2022-05-21 08:00:00,154.0,0.0,154.0,19.0,0.2
2022-05-21 09:00:00,109.0,0.0,109.0,20.8,0.6000000000000001
2022-05-21 10:00:00,240.0,0.0,240.0,22.4,1.3
2022-05-21 11:00:00,366.0,2.0,364.0,23.6,2.1
2022-05-21 12:00:00,412.0,3.0,409.0,24.4,3.1
2022-05-21 13:00:00,500.0,31.0,470.0,24.5,3.9
2022-05-21 14:00:00,431.0,21.0,413.0,23.9,4.4
2022-05-21 15:00:00,347.0,16.0,335.0,22.700000000000003,4.5
2022-05-21 16:00:00,221.0,3.0,219.0,20.8,4.3
2022-05-21 17:00:00,65.0,0.0,65.0,18.6,3.6
2022-05-21 18:00:00,16.0,0.0,16.0,16.2,2.7
2022-05-21 19:00:00,0.0,0.0,0.0,15.0,2.0
2022-05-21 20:00:00,0.0,0.0,0.0,14.5,1.5
2022-05-21 21:00:00,0.0,0.0,0.0,14.2,1.2000000000000002
2022-05-21 22:00:00,0.0,0.0,0.0,13.8,0.9
2022-05-21 23:00:00,0.0,0.0,0.0,13.2,0.7000000000000001
2022-05-22 00:00:00,0.0,0.0,0.0,12.9,0.8
2022-05-22 01:00:00,0.0,0.0,0.0,12.5,0.9
2022-05-22 02:00:00,0.0,0.0,0.0,12.0,0.8
2022-05-22 03:00:00,0.0,0.0,0.0,11.7,0.7000000000000001
2022-05-22 04:00:00,0.0,0.0,0.0,11.6,0.6000000000000001
2022-05-22 05:00:00,11.0,0.0,11.0,12.5,0.5
2022-05-22 06:00:00,179.0,466.0,70.0,14.9,0.9
2022-05-22 07:00:00,338.0,256.0,228.0,17.3,1.6
2022-05-22 08:00:00,597.0,762.0,128.0,19.4,2.0
2022-05-22 09:00:00,780.0,826.0,144.0,21.5,2.0
2022-05-22 10:00:00,923.0,888.0,137.0,23.5,2.3000000000000003
2022-05-22 11:00:00,1006.0,904.0,143.0,25.1,3.2
2022-05-22 12:00:00,1026.0,906.0,147.0,25.700000000000003,4.1000000000000005
2022-05-22 13:00:00,980.0,895.0,143.0,25.700000000000003,4.7
2022-05-22 14:00:00,873.0,865.0,138.0,25.1,4.9
2022-05-22 15:00:00,717.0,818.0,129.0,23.9,4.800000000000001
2022-05-22 16:00:00,521.0,732.0,116.0,22.0,4.5
2022-05-22 17:00:00,307.0,586.0,94.0,19.700000000000003,3.7
2022-05-22 18:00:00,106.0,313.0,56.0,17.2,2.6
2022-05-22 19:00:00,0.0,0.0,0.0,15.1,1.5
2022-05-22 20:00:00,0.0,0.0,0.0,14.1,1.0
2022-05-22 21:00:00,0.0,0.0,0.0,13.5,0.9
2022-05-22 22:00:00,0.0,0.0,0.0,13.1,0.7000000000000001
2022-05-22 23:00:00,0.0,0.0,0.0,13.0,0.6000000000000001
2022-05-23 00:00:00,0.0,0.0,0.0,12.8,0.4
2022-05-23 01:00:00,0.0,0.0,0.0,12.3,0.6000000000000001
2022-05-23 02:00:00,0.0,0.0,0.0,12.2,0.9
2022-05-23 03:00:00,0.0,0.0,0.0,12.2,0.7000000000000001
2022-05-23 04:00:00,0.0,0.0,0.0,12.1,0.4
2022-05-23 05:00:00,10.0,0.0,10.0,12.6,1.0
2022-05-23 06:00:00,57.0,0.0,57.0,14.6,0.8
2022-05-23 07:00:00,93.0,0.0,93.0,17.3,0.3
2022-05-23 08:00:00,150.0,0.0,150.0,20.3,0.6000000000000001
2022-05-23 09:00:00,258.0,1.0,257.0,23.3,0.4
2022-05-23 10:00:00,407.0,7.0,400.0,26.0,1.0
2022-05-23 11:00:00,998.0,887.0,151.0,27.5,2.1
2022-05-23 12:00:00,1018.0,888.0,155.0,28.0,2.9000000000000004
2022-05-23 13:00:00,975.0,878.0,153.0,28.0,3.6
2022-05-23 14:00:00,866.0,839.0,153.0,27.3,4.1000000000000005
2022-05-23 15:00:00,708.0,776.0,149.0,26.0,4.5
2022-05-23 16:00:00,512.0,677.0,136.0,23.9,4.5
2022-05-23 17:00:00,303.0,532.0,109.0,21.4,3.9
2022-05-23 18:00:00,106.0,272.0,61.0,18.5,2.9000000000000004
2022-05-23 19:00:00,0.0,0.0,0.0,16.3,2.0
2022-05-23 20:00:00,0.0,0.0,0.0,15.4,1.5
2022-05-23 21:00:00,0.0,0.0,0.0,14.8,1.3
2022-05-23 22:00:00,0.0,0.0,0.0,14.3,1.3
2022-05-23 23:00:00,0.0,0.0,0.0,13.9,1.0
2022-05-24 00:00:00,0.0,0.0,0.0,13.7,0.8
2022-05-24 01:00:00,0.0,0.0,0.0,13.3,0.5
2022-05-24 02:00:00,0.0,0.0,0.0,13.1,0.5
2022-05-24 03:00:00,0.0,0.0,0.0,13.0,0.6000000000000001
2022-05-24 04:00:00,0.0,0.0,0.0,12.8,0.8
2022-05-24 05:00:00,17.0,42.0,15.0,14.3,1.0
2022-05-24 06:00:00,175.0,423.0,75.0,17.5,1.2000000000000002
2022-05-24 07:00:00,384.0,631.0,110.0,20.700000000000003,0.8
2022-05-24 08:00:00,590.0,740.0,133.0,24.1,0.8
2022-05-24 09:00:00,771.0,805.0,149.0,27.0,1.4
2022-05-24 10:00:00,919.0,886.0,133.0,28.3,2.0
2022-05-24 11:00:00,1001.0,900.0,141.0,28.9,2.4000000000000004
2022-05-24 12:00:00,1018.0,897.0,146.0,29.1,2.7
2022-05-24 13:00:00,977.0,897.0,137.0,29.1,3.0
2022-05-24 14:00:00,876.0,875.0,132.0,28.700000000000003,3.3000000000000003
2022-05-24 15:00:00,722.0,831.0,122.0,27.700000000000003,3.5
2022-05-24 16:00:00,531.0,758.0,109.0,26.200000000000003,3.3000000000000003
2022-05-24 17:00:00,318.0,624.0,89.0,23.9,2.8000000000000003
2022-05-24 18:00:00,115.0,365.0,54.0,20.6,1.7000000000000002
2022-05-24 19:00:00,0.0,0.0,0.0,17.8,0.7000000000000001
2022-05-24 20:00:00,0.0,0.0,0.0,17.0,0.5
2022-05-24 21:00:00,0.0,0.0,0.0,16.7,0.7000000000000001
2022-05-24 22:00:00,0.0,0.0,0.0,16.5,0.8
2022-05-24 23:00:00,0.0,0.0,0.0,16.400000000000002,0.9
2022-05-25 00:00:00,0.0,0.0,0.0,16.400000000000002,0.9
2022-05-25 01:00:00,0.0,0.0,0.0,16.5,1.0
2022-05-25 02:00:00,0.0,0.0,0.0,16.5,1.0
2022-05-25 03:00:00,0.0,0.0,0.0,16.5,1.1
2022-05-25 04:00:00,0.0,0.0,0.0,16.400000000000002,1.2000000000000002
2022-05-25 05:00:00,19.0,67.0,16.0,17.2,1.1
2022-05-25 06:00:00,179.0,462.0,70.0,19.9,1.5
2022-05-25 07:00:00,389.0,660.0,101.0,22.1,1.3
2022-05-25 08:00:00,595.0,764.0,123.0,24.4,1.4
2022-05-25 09:00:00,775.0,825.0,138.0,26.3,1.9
2022-05-25 10:00:00,912.0,861.0,148.0,27.700000000000003,2.6
2022-05-25 11:00:00,995.0,877.0,157.0,28.200000000000003,3.1
2022-05-25 12:00:00,1013.0,877.0,159.0,28.1,3.3000000000000003
2022-05-25 13:00:00,970.0,866.0,158.0,27.700000000000003,3.3000000000000003
2022-05-25 14:00:00,868.0,841.0,150.0,27.200000000000003,3.2
2022-05-25 15:00:00,712.0,793.0,139.0,26.200000000000003,3.0
2022-05-25 16:00:00,521.0,717.0,121.0,24.9,2.8000000000000003
2022-05-25 17:00:00,312.0,583.0,97.0,23.1,2.5
2022-05-25 18:00:00,112.0,329.0,56.0,20.4,2.1
2022-05-25 19:00:00,0.0,0.0,0.0,17.900000000000002,1.8
2022-05-25 20:00:00,0.0,0.0,0.0,16.7,1.4
2022-05-25 21:00:00,0.0,0.0,0.0,16.1,1.1
2022-05-25 22:00:00,0.0,0.0,0.0,15.7,1.1
2022-05-25 23:00:00,0.0,0.0,0.0,15.4,0.8
2022-05-26 00:00:00,0.0,0.0,0.0,15.1,0.7000000000000001
2022-05-26 01:00:00,0.0,0.0,0.0,14.9,0.7000000000000001
2022-05-26 02:00:00,0.0,0.0,0.0,14.7,0.6000000000000001
2022-05-26 03:00:00,0.0,0.0,0.0,14.5,0.6000000000000001
2022-05-26 04:00:00,0.0,0.0,0.0,14.2,0.7000000000000001
2022-05-26 05:00:00,20.0,85.0,16.0,14.9,1.0
2022-05-26 06:00:00,47.0,0.0,47.0,17.2,1.4
2022-05-26 07:00:00,212.0,18.0,204.0,19.6,1.5
2022-05-26 08:00:00,607.0,806.0,109.0,22.3,1.9
2022-05-26 09:00:00,791.0,870.0,119.0,24.200000000000003,2.4000000000000004
2022-05-26 10:00:00,935.0,924.0,114.0,25.4,3.1
2022-05-26 11:00:00,1018.0,940.0,118.0,26.1,3.6
2022-05-26 12:00:00,1038.0,944.0,119.0,26.0,3.8
2022-05-26 13:00:00,994.0,928.0,122.0,25.4,4.0
2022-05-26 14:00:00,891.0,906.0,117.0,24.3,3.9
2022-05-26 15:00:00,735.0,866.0,109.0,23.0,3.6
2022-05-26 16:00:00,541.0,796.0,97.0,21.5,3.2
2022-05-26 17:00:00,328.0,673.0,78.0,19.6,2.7
2022-05-26 18:00:00,122.0,424.0,50.0,17.3,2.0
2022-05-26 19:00:00,0.0,0.0,0.0,15.4,1.2000000000000002
2022-05-26 20:00:00,0.0,0.0,0.0,14.6,0.9
2022-05-26 21:00:00,0.0,0.0,0.0,14.2,0.8
2022-05-26 22:00:00,0.0,0.0,0.0,13.9,0.4
2022-05-26 23:00:00,0.0,0.0,0.0,13.9,0.3
2022-05-27 00:00:00,0.0,0.0,0.0,13.8,0.4
2022-05-27 01:00:00,0.0,0.0,0.0,13.7,0.4
2022-05-27 02:00:00,0.0,0.0,0.0,13.5,0.3
2022-05-27 03:00:00,0.0,0.0,0.0,13.1,0.6000000000000001
2022-05-27 04:00:00,0.0,0.0,0.0,12.9,1.1
2022-05-27 05:00:00,20.0,67.0,17.0,13.5,1.4
2022-05-27 06:00:00,34.0,0.0,34.0,14.9,1.2000000000000002
2022-05-27 07:00:00,145.0,1.0,145.0,16.8,1.0
2022-05-27 08:00:00,172.0,0.0,171.0,18.7,1.4
2022-05-27 09:00:00,347.0,6.0,342.0,20.5,2.2
2022-05-27 10:00:00,924.0,898.0,126.0,21.9,3.0
2022-05-27 11:00:00,1006.0,914.0,131.0,22.6,3.6
2022-05-27 12:00:00,1027.0,918.0,132.0,22.700000000000003,3.9
2022-05-27 13:00:00,982.0,901.0,136.0,22.5,3.9
2022-05-27 14:00:00,836.0,711.0,228.0,22.1,3.8
2022-05-27 15:00:00,685.0,649.0,215.0,21.3,3.7
2022-05-27 16:00:00,493.0,535.0,194.0,20.1,3.4000000000000004
2022-05-27 17:00:00,302.0,401.0,153.0,18.5,2.8000000000000003
2022-05-27 18:00:00,96.0,32.0,91.0,16.900000000000002,2.2
2022-05-27 19:00:00,0.0,0.0,0.0,15.5,1.6
2022-05-27 20:00:00,0.0,0.0,0.0,14.8,1.3
2022-05-27 21:00:00,0.0,0.0,0.0,14.3,1.4
2022-05-27 22:00:00,0.0,0.0,0.0,14.0,1.4
2022-05-27 23:00:00,0.0,0.0,0.0,13.8,1.5
2022-05-28 00:00:00,0.0,0.0,0.0,13.4,1.6
2022-05-28 01:00:00,0.0,0.0,0.0,13.1,1.5
2022-05-28 02:00:00,0.0,0.0,0.0,13.1,1.4
2022-05-28 03:00:00,0.0,0.0,0.0,13.1,1.5
2022-05-28 04:00:00,0.0,0.0,0.0,13.1,1.3
2022-05-28 05:00:00,9.0,0.0,9.0,13.5,1.4
2022-05-28 06:00:00,98.0,11.0,95.0,14.7,1.8
2022-05-28 07:00:00,72.0,0.0,72.0,16.1,2.0
2022-05-28 08:00:00,142.0,0.0,142.0,17.5,2.4000000000000004
2022-05-28 09:00:00,169.0,0.0,168.0,18.9,3.0
2022-05-28 10:00:00,193.0,0.0,193.0,19.8,3.5
2022-05-28 11:00:00,371.0,2.0,369.0,21.1,3.9
2022-05-28 12:00:00,433.0,7.0,427.0,22.4,4.4
2022-05-28 13:00:00,368.0,2.0,366.0,23.0,4.9
2022-05-28 14:00:00,471.0,56.0,423.0,22.8,5.1000000000000005
2022-05-28 15:00:00,248.0,1.0,247.0,22.1,5.2
2022-05-28 16:00:00,126.0,0.0,126.0,21.1,5.0
2022-05-28 17:00:00,77.0,0.0,77.0,19.700000000000003,4.7
2022-05-28 18:00:00,5.0,0.0,5.0,17.8,4.1000000000000005
2022-05-28 19:00:00,0.0,0.0,0.0,15.9,3.4000000000000004
2022-05-28 20:00:00,0.0,0.0,0.0,14.9,2.7
2022-05-28 21:00:00,0.0,0.0,0.0,14.6,2.0
2022-05-28 22:00:00,0.0,0.0,0.0,14.5,1.6
2022-05-28 23:00:00,0.0,0.0,0.0,14.3,1.2000000000000002
2022-05-29 00:00:00,0.0,0.0,0.0,13.9,0.9
2022-05-29 01:00:00,0.0,0.0,0.0,13.4,0.9
2022-05-29 02:00:00,0.0,0.0,0.0,12.9,1.0
2022-05-29 03:00:00,0.0,0.0,0.0,12.4,1.0
2022-05-29 04:00:00,0.0,0.0,0.0,11.8,1.1
2022-05-29 05:00:00,23.0,90.0,19.0,12.7,1.3
2022-05-29 06:00:00,192.0,512.0,69.0,14.8,2.0
2022-05-29 07:00:00,264.0,46.0,244.0,16.900000000000002,2.4000000000000004
2022-05-29 08:00:00,446.0,130.0,365.0,19.1,2.8000000000000003
2022-05-29 09:00:00,806.0,883.0,122.0,21.4,3.1
2022-05-29 10:00:00,955.0,943.0,116.0,23.4,3.7
2022-05-29 11:00:00,1039.0,959.0,120.0,24.700000000000003,4.0
2022-05-29 12:00:00,1061.0,963.0,121.0,25.6,4.3
2022-05-29 13:00:00,806.0,288.0,536.0,25.9,4.9
2022-05-29 14:00:00,903.0,902.0,131.0,25.700000000000003,5.2
2022-05-29 15:00:00,746.0,855.0,124.0,25.0,5.2
2022-05-29 16:00:00,550.0,778.0,111.0,24.0,4.800000000000001
2022-05-29 17:00:00,331.0,637.0,92.0,22.4,4.2
2022-05-29 18:00:00,124.0,371.0,59.0,19.5,2.9000000000000004
2022-05-29 19:00:00,0.0,0.0,0.0,16.7,2.0
2022-05-29 20:00:00,0.0,0.0,0.0,16.0,1.3
2022-05-29 21:00:00,0.0,0.0,0.0,15.6,0.5
2022-05-29 22:00:00,0.0,0.0,0.0,14.9,0.4
2022-05-29 23:00:00,0.0,0.0,0.0,13.9,0.8
2022-05-30 00:00:00,0.0,0.0,0.0,13.3,1.0
2022-05-30 01:00:00,0.0,0.0,0.0,12.7,0.9
2022-05-30 02:00:00,0.0,0.0,0.0,12.1,0.7000000000000001
2022-05-30 03:00:00,0.0,0.0,0.0,11.5,0.6000000000000001
2022-05-30 04:00:00,0.0,0.0,0.0,11.1,0.3
2022-05-30 05:00:00,24.0,137.0,18.0,12.5,0.3
2022-05-30 06:00:00,196.0,566.0,59.0,15.1,0.4
2022-05-30 07:00:00,169.0,3.0,168.0,18.0,1.0
2022-05-30 08:00:00,620.0,843.0,97.0,20.8,1.6
2022-05-30 09:00:00,802.0,897.0,108.0,23.3,2.4000000000000004
2022-05-30 10:00:00,940.0,924.0,118.0,25.1,3.2
2022-05-30 11:00:00,1022.0,937.0,124.0,26.1,4.1000000000000005
2022-05-30 12:00:00,1044.0,939.0,127.0,26.5,5.0
2022-05-30 13:00:00,1003.0,935.0,123.0,26.4,5.5
2022-05-30 14:00:00,900.0,910.0,119.0,26.0,5.6000000000000005
2022-05-30 15:00:00,742.0,865.0,112.0,25.3,5.300000000000001
2022-05-30 16:00:00,551.0,799.0,100.0,24.3,4.7
2022-05-30 17:00:00,337.0,677.0,82.0,22.9,3.9
2022-05-30 18:00:00,129.0,424.0,54.0,19.9,2.6
2022-05-30 19:00:00,0.0,0.0,0.0,16.900000000000002,1.8
2022-05-30 20:00:00,0.0,0.0,0.0,15.9,1.1
2022-05-30 21:00:00,0.0,0.0,0.0,15.1,0.9
2022-05-30 22:00:00,0.0,0.0,0.0,14.6,1.0
2022-05-30 23:00:00,0.0,0.0,0.0,14.0,1.0
2022-05-31 00:00:00,0.0,0.0,0.0,13.5,1.0
2022-05-31 01:00:00,0.0,0.0,0.0,12.9,1.0
2022-05-31 02:00:00,0.0,0.0,0.0,12.4,0.9
2022-05-31 03:00:00,0.0,0.0,0.0,11.8,0.8
2022-05-31 04:00:00,0.0,0.0,0.0,11.3,0.8
2022-05-31 05:00:00,27.0,160.0,19.0,12.6,0.8
2022-05-31 06:00:00,204.0,603.0,58.0,15.2,1.0
2022-05-31 07:00:00,231.0,24.0,220.0,18.4,0.8
2022-05-31 08:00:00,634.0,870.0,93.0,21.700000000000003,0.8
2022-05-31 09:00:00,814.0,916.0,104.0,23.9,0.6000000000000001
2022-05-31 10:00:00,953.0,954.0,104.0,25.5,1.2000000000000002
2022-05-31 11:00:00,1037.0,966.0,110.0,26.5,2.0
2022-05-31 12:00:00,1054.0,962.0,114.0,27.0,2.6
2022-05-31 13:00:00,1005.0,938.0,121.0,27.200000000000003,2.9000000000000004
2022-05-31 14:00:00,902.0,914.0,118.0,27.200000000000003,3.0
2022-05-31 15:00:00,746.0,870.0,111.0,26.700000000000003,3.1
2022-05-31 16:00:00,552.0,796.0,101.0,25.8,3.0
2022-05-31 17:00:00,338.0,675.0,83.0,24.4,2.7
2022-05-31 18:00:00,131.0,435.0,52.0,21.5,2.2
2022-05-31 19:00:00,0.0,0.0,0.0,19.3,1.7000000000000002
2022-05-31 20:00:00,0.0,0.0,0.0,18.5,0.8
2022-05-31 21:00:00,0.0,0.0,0.0,17.8,0.4
2022-05-31 22:00:00,0.0,0.0,0.0,17.3,0.6000000000000001
2022-05-31 23:00:00,0.0,0.0,0.0,16.8,0.7000000000000001
2022-06-01 00:00:00,0.0,0.0,0.0,16.3,0.8
2022-06-01 01:00:00,0.0,0.0,0.0,15.6,0.8
2022-06-01 02:00:00,0.0,0.0,0.0,14.9,0.9
2022-06-01 03:00:00,0.0,0.0,0.0,14.4,1.1
2022-06-01 04:00:00,0.0,0.0,0.0,14.1,1.3
2022-06-01 05:00:00,23.0,85.0,19.0,15.9,1.6
2022-06-01 06:00:00,189.0,490.0,69.0,19.4,2.1
2022-06-01 07:00:00,400.0,686.0,97.0,23.0,1.4
2022-06-01 08:00:00,608.0,793.0,115.0,26.4,1.2000000000000002
2022-06-01 09:00:00,790.0,856.0,127.0,28.1,0.9
2022-06-01 10:00:00,936.0,916.0,121.0,29.1,1.2000000000000002
2022-06-01 11:00:00,1018.0,928.0,128.0,29.700000000000003,1.9
2022-06-01 12:00:00,1039.0,927.0,132.0,29.9,2.5
2022-06-01 13:00:00,996.0,915.0,133.0,30.0,3.0
2022-06-01 14:00:00,894.0,893.0,128.0,29.700000000000003,3.4000000000000004
2022-06-01 15:00:00,741.0,853.0,118.0,28.9,3.6
2022-06-01 16:00:00,550.0,785.0,104.0,27.700000000000003,3.6
2022-06-01 17:00:00,337.0,666.0,84.0,25.8,3.2
2022-06-01 18:00:00,132.0,434.0,53.0,22.5,2.2
2022-06-01 19:00:00,0.0,0.0,0.0,19.4,1.1
2022-06-01 20:00:00,0.0,0.0,0.0,18.2,1.2000000000000002
2022-06-01 21:00:00,0.0,0.0,0.0,17.400000000000002,1.4
2022-06-01 22:00:00,0.0,0.0,0.0,16.8,1.0
2022-06-01 23:00:00,0.0,0.0,0.0,16.5,1.0
2022-06-02 00:00:00,0.0,0.0,0.0,16.5,1.0
2022-06-02 01:00:00,0.0,0.0,0.0,16.3,1.0
2022-06-02 02:00:00,0.0,0.0,0.0,16.0,1.1
2022-06-02 03:00:00,0.0,0.0,0.0,15.7,1.1
2022-06-02 04:00:00,0.0,0.0,0.0,15.5,1.1
2022-06-02 05:00:00,24.0,104.0,19.0,16.3,1.2000000000000002
2022-06-02 06:00:00,191.0,506.0,67.0,18.6,1.6
2022-06-02 07:00:00,402.0,694.0,95.0,21.3,1.5
2022-06-02 08:00:00,500.0,265.0,335.0,23.700000000000003,1.7000000000000002
2022-06-02 09:00:00,678.0,506.0,285.0,25.3,2.2
2022-06-02 10:00:00,937.0,916.0,121.0,26.700000000000003,2.7
2022-06-02 11:00:00,1019.0,927.0,129.0,27.200000000000003,3.2
2022-06-02 12:00:00,1040.0,927.0,133.0,27.200000000000003,3.4000000000000004
2022-06-02 13:00:00,996.0,911.0,136.0,27.200000000000003,3.5
2022-06-02 14:00:00,895.0,889.0,131.0,27.0,3.4000000000000004
2022-06-02 15:00:00,720.0,695.0,212.0,26.1,3.3000000000000003
2022-06-02 16:00:00,413.0,153.0,325.0,24.3,3.0
2022-06-02 17:00:00,234.0,114.0,190.0,22.200000000000003,2.4000000000000004
2022-06-02 18:00:00,112.0,102.0,93.0,20.0,1.7000000000000002
2022-06-02 19:00:00,0.0,0.0,0.0,18.2,1.2000000000000002
2022-06-02 20:00:00,0.0,0.0,0.0,17.400000000000002,0.9
2022-06-02 21:00:00,0.0,0.0,0.0,16.400000000000002,0.9
2022-06-02 22:00:00,0.0,0.0,0.0,15.6,0.8
2022-06-02 23:00:00,0.0,0.0,0.0,14.9,0.8
2022-06-03 00:00:00,0.0,0.0,0.0,14.6,0.8
2022-06-03 01:00:00,0.0,0.0,0.0,14.6,1.0
2022-06-03 02:00:00,0.0,0.0,0.0,14.3,1.0
2022-06-03 03:00:00,0.0,0.0,0.0,14.2,1.1
2022-06-03 04:00:00,0.0,0.0,0.0,14.0,1.1
2022-06-03 05:00:00,23.0,78.0,19.0,14.7,1.3
2022-06-03 06:00:00,19.0,0.0,19.0,16.3,1.1
2022-06-03 07:00:00,145.0,9.0,141.0,17.8,0.9
2022-06-03 08:00:00,246.0,20.0,233.0,19.1,1.2000000000000002
2022-06-03 09:00:00,313.0,17.0,300.0,20.8,1.7000000000000002
2022-06-03 10:00:00,522.0,100.0,433.0,22.200000000000003,1.9
2022-06-03 11:00:00,853.0,554.0,321.0,23.1,2.7
2022-06-03 12:00:00,1006.0,856.0,168.0,24.5,3.5
2022-06-03 13:00:00,970.0,862.0,156.0,25.3,4.1000000000000005
2022-06-03 14:00:00,831.0,676.0,249.0,25.200000000000003,4.3
2022-06-03 15:00:00,717.0,784.0,142.0,24.3,4.3
2022-06-03 16:00:00,529.0,458.0,268.0,23.1,4.0
2022-06-03 17:00:00,322.0,573.0,102.0,21.4,3.5
2022-06-03 18:00:00,108.0,57.0,98.0,19.1,2.8000000000000003
2022-06-03 19:00:00,0.0,0.0,0.0,16.900000000000002,2.0
2022-06-03 20:00:00,0.0,0.0,0.0,15.9,1.2000000000000002
2022-06-03 21:00:00,0.0,0.0,0.0,15.6,0.9
2022-06-03 22:00:00,0.0,0.0,0.0,15.4,0.9
2022-06-03 23:00:00,0.0,0.0,0.0,15.2,1.0
2022-06-04 00:00:00,0.0,0.0,0.0,15.0,1.0
2022-06-04 01:00:00,0.0,0.0,0.0,14.8,0.9
2022-06-04 02:00:00,0.0,0.0,0.0,14.7,0.7000000000000001
2022-06-04 03:00:00,0.0,0.0,0.0,14.6,0.6000000000000001
2022-06-04 04:00:00,0.0,0.0,0.0,14.5,0.5
2022-06-04 05:00:00,9.0,0.0,9.0,15.0,0.6000000000000001
2022-06-04 06:00:00,33.0,0.0,33.0,16.6,0.5
2022-06-04 07:00:00,67.0,0.0,67.0,18.8,0.6000000000000001
2022-06-04 08:00:00,103.0,0.0,103.0,20.700000000000003,1.1
2022-06-04 09:00:00,269.0,10.0,261.0,22.5,2.0
2022-06-04 10:00:00,213.0,0.0,213.0,23.9,2.9000000000000004
2022-06-04 11:00:00,379.0,2.0,377.0,24.700000000000003,3.7
2022-06-04 12:00:00,988.0,831.0,175.0,25.1,4.2
2022-06-04 13:00:00,959.0,861.0,145.0,25.0,4.4
2022-06-04 14:00:00,859.0,830.0,143.0,24.6,4.5
2022-06-04 15:00:00,583.0,408.0,283.0,24.0,4.3
2022-06-04 16:00:00,523.0,717.0,114.0,23.200000000000003,3.9
2022-06-04 17:00:00,320.0,596.0,91.0,22.200000000000003,3.4000000000000004
2022-06-04 18:00:00,125.0,367.0,57.0,20.3,3.1
2022-06-04 19:00:00,0.0,0.0,0.0,18.1,2.5
2022-06-04 20:00:00,0.0,0.0,0.0,16.900000000000002,1.9
2022-06-04 21:00:00,0.0,0.0,0.0,16.1,1.3
2022-06-04 22:00:00,0.0,0.0,0.0,15.5,0.9
2022-06-04 23:00:00,0.0,0.0,0.0,15.0,0.8
2022-06-05 00:00:00,0.0,0.0,0.0,14.6,0.6000000000000001
2022-06-05 01:00:00,0.0,0.0,0.0,14.4,0.3
2022-06-05 02:00:00,0.0,0.0,0.0,14.2,0.3
2022-06-05 03:00:00,0.0,0.0,0.0,14.0,0.6000000000000001
2022-06-05 04:00:00,0.0,0.0,0.0,13.6,0.6000000000000001
2022-06-05 05:00:00,14.0,0.0,14.0,14.6,0.9
2022-06-05 06:00:00,115.0,8.0,113.0,16.8,0.3
2022-06-05 07:00:00,163.0,3.0,162.0,19.1,1.1
2022-06-05 08:00:00,309.0,31.0,289.0,21.3,1.8
2022-06-05 09:00:00,583.0,213.0,418.0,23.5,2.5
2022-06-05 10:00:00,905.0,893.0,108.0,25.6,3.2
2022-06-05 11:00:00,989.0,915.0,110.0,27.200000000000003,3.8
2022-06-05 12:00:00,1013.0,923.0,109.0,28.3,4.3
2022-06-05 13:00:00,965.0,885.0,128.0,28.700000000000003,4.7
2022-06-05 14:00:00,869.0,866.0,122.0,28.6,4.9
2022-06-05 15:00:00,720.0,824.0,114.0,28.1,4.800000000000001
2022-06-05 16:00:00,535.0,752.0,104.0,27.200000000000003,4.5
2022-06-05 17:00:00,328.0,623.0,87.0,25.8,4.0
2022-06-05 18:00:00,130.0,390.0,57.0,23.3,3.0
2022-06-05 19:00:00,0.0,0.0,0.0,20.4,1.9
2022-06-05 20:00:00,0.0,0.0,0.0,19.3,1.4
2022-06-05 21:00:00,0.0,0.0,0.0,18.5,1.2000000000000002
2022-06-05 22:00:00,0.0,0.0,0.0,17.900000000000002,1.2000000000000002
2022-06-05 23:00:00,0.0,0.0,0.0,17.6,1.0
2022-06-06 00:00:00,0.0,0.0,0.0,17.5,0.7000000000000001
2022-06-06 01:00:00,0.0,0.0,0.0,17.400000000000002,0.3
2022-06-06 02:00:00,0.0,0.0,0.0,17.1,0.3
2022-06-06 03:00:00,0.0,0.0,0.0,16.7,0.6000000000000001
2022-06-06 04:00:00,0.0,0.0,0.0,16.400000000000002,0.8
2022-06-06 05:00:00,24.0,72.0,20.0,17.2,1.5
2022-06-06 06:00:00,185.0,461.0,72.0,19.200000000000003,1.4
2022-06-06 07:00:00,391.0,664.0,98.0,21.6,0.8
2022-06-06 08:00:00,594.0,771.0,113.0,24.0,0.7000000000000001
2022-06-06 09:00:00,774.0,834.0,126.0,26.4,1.4
2022-06-06 10:00:00,916.0,895.0,118.0,28.4,2.3000000000000003
2022-06-06 11:00:00,997.0,909.0,124.0,29.8,3.3000000000000003
2022-06-06 12:00:00,1018.0,912.0,124.0,30.3,4.0
2022-06-06 13:00:00,978.0,909.0,119.0,30.4,4.4
2022-06-06 14:00:00,877.0,882.0,115.0,29.9,4.5
2022-06-06 15:00:00,727.0,840.0,109.0,29.1,4.4
2022-06-06 16:00:00,541.0,770.0,99.0,27.8,4.2
2022-06-06 17:00:00,335.0,655.0,82.0,26.1,3.6
2022-06-06 18:00:00,135.0,432.0,53.0,23.8,2.5
2022-06-06 19:00:00,0.0,0.0,0.0,21.6,1.6
2022-06-06 20:00:00,0.0,0.0,0.0,20.3,1.1
2022-06-06 21:00:00,0.0,0.0,0.0,19.200000000000003,0.8
2022-06-06 22:00:00,0.0,0.0,0.0,18.4,0.7000000000000001
2022-06-06 23:00:00,0.0,0.0,0.0,17.8,0.6000000000000001
2022-06-07 00:00:00,0.0,0.0,0.0,17.3,0.4
2022-06-07 01:00:00,0.0,0.0,0.0,16.900000000000002,0.4
2022-06-07 02:00:00,0.0,0.0,0.0,16.400000000000002,0.5
2022-06-07 03:00:00,0.0,0.0,0.0,16.0,0.6000000000000001
2022-06-07 04:00:00,0.0,0.0,0.0,15.6,0.8
2022-06-07 05:00:00,24.0,72.0,20.0,16.8,1.1
2022-06-07 06:00:00,187.0,456.0,74.0,19.1,1.2000000000000002
2022-06-07 07:00:00,160.0,2.0,159.0,21.6,1.0
2022-06-07 08:00:00,598.0,756.0,126.0,24.0,1.3
2022-06-07 09:00:00,777.0,818.0,142.0,26.3,1.5
2022-06-07 10:00:00,921.0,888.0,129.0,28.6,1.6
2022-06-07 11:00:00,1005.0,904.0,136.0,30.4,2.2
2022-06-07 12:00:00,1024.0,903.0,139.0,31.4,2.9000000000000004
2022-06-07 13:00:00,977.0,870.0,153.0,31.6,3.6
2022-06-07 14:00:00,874.0,835.0,152.0,31.0,4.1000000000000005
2022-06-07 15:00:00,722.0,784.0,145.0,29.8,4.3
2022-06-07 16:00:00,534.0,702.0,131.0,27.9,4.1000000000000005
2022-06-07 17:00:00,326.0,566.0,106.0,25.6,3.6
2022-06-07 18:00:00,128.0,321.0,67.0,22.9,2.7
2022-06-07 19:00:00,0.0,0.0,0.0,20.5,1.6
2022-06-07 20:00:00,0.0,0.0,0.0,19.4,0.9
2022-06-07 21:00:00,0.0,0.0,0.0,18.8,0.9
2022-06-07 22:00:00,0.0,0.0,0.0,18.3,1.1
2022-06-07 23:00:00,0.0,0.0,0.0,18.0,1.2000000000000002
2022-06-08 00:00:00,0.0,0.0,0.0,17.7,0.9
2022-06-08 01:00:00,0.0,0.0,0.0,17.2,0.5
2022-06-08 02:00:00,0.0,0.0,0.0,16.7,0.4
2022-06-08 03:00:00,0.0,0.0,0.0,16.2,0.7000000000000001
2022-06-08 04:00:00,0.0,0.0,0.0,15.7,1.0
2022-06-08 05:00:00,23.0,62.0,20.0,17.2,1.2000000000000002
2022-06-08 06:00:00,188.0,450.0,77.0,20.0,1.4
2022-06-08 07:00:00,398.0,654.0,108.0,23.0,0.7000000000000001
2022-06-08 08:00:00,605.0,763.0,129.0,25.8,1.0
2022-06-08 09:00:00,785.0,822.0,146.0,27.9,2.5
2022-06-08 10:00:00,920.0,847.0,164.0,29.4,3.5
2022-06-08 11:00:00,1000.0,861.0,172.0,30.200000000000003,3.9
2022-06-08 12:00:00,1023.0,867.0,173.0,30.5,4.1000000000000005
2022-06-08 13:00:00,985.0,873.0,158.0,30.5,4.1000000000000005
2022-06-08 14:00:00,886.0,849.0,152.0,30.3,4.0
2022-06-08 15:00:00,735.0,804.0,141.0,29.700000000000003,3.8
2022-06-08 16:00:00,545.0,730.0,125.0,28.6,3.4000000000000004
2022-06-08 17:00:00,242.0,114.0,198.0,27.1,2.8000000000000003
2022-06-08 18:00:00,130.0,150.0,102.0,24.1,2.2
2022-06-08 19:00:00,0.0,0.0,0.0,20.9,1.5
2022-06-08 20:00:00,0.0,0.0,0.0,19.700000000000003,1.1
2022-06-08 21:00:00,0.0,0.0,0.0,19.1,0.9
2022-06-08 22:00:00,0.0,0.0,0.0,18.8,1.1
2022-06-08 23:00:00,0.0,0.0,0.0,18.6,1.1
2022-06-09 00:00:00,0.0,0.0,0.0,18.4,1.0
2022-06-09 01:00:00,0.0,0.0,0.0,18.1,0.9
2022-06-09 02:00:00,0.0,0.0,0.0,17.6,0.8
2022-06-09 03:00:00,0.0,0.0,0.0,17.3,0.9
2022-06-09 04:00:00,0.0,0.0,0.0,17.0,1.0
2022-06-09 05:00:00,24.0,75.0,20.0,18.3,1.0
2022-06-09 06:00:00,187.0,465.0,72.0,20.8,1.3
2022-06-09 07:00:00,395.0,662.0,102.0,24.0,0.9
2022-06-09 08:00:00,602.0,770.0,122.0,27.200000000000003,1.5
2022-06-09 09:00:00,782.0,832.0,136.0,29.200000000000003,2.1
2022-06-09 10:00:00,928.0,900.0,126.0,30.6,2.4000000000000004
2022-06-09 11:00:00,1012.0,916.0,131.0,31.4,2.4000000000000004
2022-06-09 12:00:00,1034.0,920.0,133.0,31.9,2.4000000000000004
2022-06-09 13:00:00,992.0,902.0,137.0,32.1,2.5
2022-06-09 14:00:00,893.0,881.0,131.0,31.9,2.6
2022-06-09 15:00:00,560.0,302.0,336.0,31.1,2.6
2022-06-09 16:00:00,540.0,604.0,191.0,29.9,2.5
2022-06-09 17:00:00,250.0,170.0,183.0,28.3,2.1
2022-06-09 18:00:00,140.0,426.0,57.0,25.4,1.4
2022-06-09 19:00:00,0.0,0.0,0.0,22.1,0.9
2022-06-09 20:00:00,0.0,0.0,0.0,20.9,0.9
2022-06-09 21:00:00,0.0,0.0,0.0,20.4,0.9
2022-06-09 22:00:00,0.0,0.0,0.0,20.3,1.0
2022-06-09 23:00:00,0.0,0.0,0.0,20.4,1.1
2022-06-10 00:00:00,0.0,0.0,0.0,20.5,0.9
2022-06-10 01:00:00,0.0,0.0,0.0,20.3,0.8
2022-06-10 02:00:00,0.0,0.0,0.0,20.200000000000003,0.8
2022-06-10 03:00:00,0.0,0.0,0.0,20.1,0.9
2022-06-10 04:00:00,0.0,0.0,0.0,20.0,0.9
2022-06-10 05:00:00,25.0,109.0,19.0,21.1,0.8
2022-06-10 06:00:00,186.0,485.0,66.0,23.9,0.9
2022-06-10 07:00:00,391.0,671.0,94.0,27.0,0.5
2022-06-10 08:00:00,593.0,770.0,113.0,29.5,1.5
2022-06-10 09:00:00,770.0,828.0,127.0,30.8,2.1
2022-06-10 10:00:00,865.0,721.0,222.0,31.6,2.5
2022-06-10 11:00:00,990.0,885.0,139.0,32.0,2.7
2022-06-10 12:00:00,1010.0,885.0,142.0,32.1,2.9000000000000004
2022-06-10 13:00:00,968.0,867.0,146.0,32.2,2.9000000000000004
2022-06-10 14:00:00,871.0,844.0,140.0,32.2,2.9000000000000004
2022-06-10 15:00:00,722.0,801.0,129.0,31.700000000000003,2.8000000000000003
2022-06-10 16:00:00,537.0,731.0,115.0,30.5,2.7
2022-06-10 17:00:00,333.0,611.0,93.0,28.700000000000003,2.4000000000000004
2022-06-10 18:00:00,135.0,388.0,59.0,26.0,1.9
2022-06-10 19:00:00,0.0,0.0,0.0,22.9,1.2000000000000002
2022-06-10 20:00:00,0.0,0.0,0.0,21.4,0.6000000000000001
2022-06-10 21:00:00,0.0,0.0,0.0,20.5,0.8
2022-06-10 22:00:00,0.0,0.0,0.0,20.0,1.1
2022-06-10 23:00:00,0.0,0.0,0.0,19.700000000000003,0.9
2022-06-11 00:00:00,0.0,0.0,0.0,19.5,0.8
2022-06-11 01:00:00,0.0,0.0,0.0,19.3,0.9
2022-06-11 02:00:00,0.0,0.0,0.0,19.3,1.0
2022-06-11 03:00:00,0.0,0.0,0.0,19.200000000000003,1.0
2022-06-11 04:00:00,0.0,0.0,0.0,19.200000000000003,1.0
2022-06-11 05:00:00,25.0,118.0,19.0,20.6,0.9
2022-06-11 06:00:00,190.0,498.0,67.0,23.700000000000003,1.2000000000000002
2022-06-11 07:00:00,397.0,684.0,95.0,26.8,0.4
2022-06-11 08:00:00,602.0,785.0,113.0,30.1,1.7000000000000002
2022-06-11 09:00:00,781.0,844.0,126.0,31.6,2.6
2022-06-11 10:00:00,927.0,905.0,119.0,32.4,3.4000000000000004
2022-06-11 11:00:00,1010.0,919.0,125.0,32.5,3.9
2022-06-11 12:00:00,1032.0,920.0,129.0,32.2,4.2
2022-06-11 13:00:00,991.0,907.0,131.0,31.8,4.2
2022-06-11 14:00:00,892.0,885.0,125.0,31.200000000000003,4.1000000000000005
2022-06-11 15:00:00,745.0,850.0,116.0,30.1,3.9
2022-06-11 16:00:00,557.0,783.0,103.0,28.4,3.5
2022-06-11 17:00:00,349.0,671.0,85.0,26.3,2.8000000000000003
2022-06-11 18:00:00,144.0,450.0,55.0,23.5,1.6
2022-06-11 19:00:00,0.0,0.0,0.0,21.0,0.6000000000000001
2022-06-11 20:00:00,0.0,0.0,0.0,20.200000000000003,0.9
2022-06-11 21:00:00,0.0,0.0,0.0,19.8,1.0
2022-06-11 22:00:00,0.0,0.0,0.0,19.5,0.7000000000000001
2022-06-11 23:00:00,0.0,0.0,0.0,19.3,0.7000000000000001
2022-06-12 00:00:00,0.0,0.0,0.0,19.1,0.8
2022-06-12 01:00:00,0.0,0.0,0.0,18.6,0.9
2022-06-12 02:00:00,0.0,0.0,0.0,17.900000000000002,0.9
2022-06-12 03:00:00,0.0,0.0,0.0,17.3,1.0
2022-06-12 04:00:00,0.0,0.0,0.0,17.0,1.2000000000000002
2022-06-12 05:00:00,27.0,144.0,19.0,18.5,1.6
2022-06-12 06:00:00,194.0,539.0,61.0,21.200000000000003,1.7000000000000002
2022-06-12 07:00:00,403.0,720.0,85.0,23.9,1.1
2022-06-12 08:00:00,611.0,820.0,100.0,25.8,1.2000000000000002
2022-06-12 09:00:00,791.0,876.0,111.0,27.6,1.8
2022-06-12 10:00:00,931.0,911.0,119.0,28.9,2.5
2022-06-12 11:00:00,1016.0,922.0,129.0,29.5,3.1
2022-06-12 12:00:00,1038.0,920.0,135.0,29.3,3.5
2022-06-12 13:00:00,999.0,907.0,138.0,28.6,3.7
2022-06-12 14:00:00,901.0,886.0,132.0,27.5,3.7
2022-06-12 15:00:00,749.0,847.0,121.0,26.200000000000003,3.4000000000000004
2022-06-12 16:00:00,562.0,787.0,105.0,25.0,2.8000000000000003
2022-06-12 17:00:00,351.0,677.0,84.0,23.8,2.2
2022-06-12 18:00:00,146.0,465.0,54.0,22.0,1.5
2022-06-12 19:00:00,0.0,0.0,0.0,19.8,1.1
2022-06-12 20:00:00,0.0,0.0,0.0,18.6,1.1
2022-06-12 21:00:00,0.0,0.0,0.0,17.8,1.4
2022-06-12 22:00:00,0.0,0.0,0.0,17.3,1.6
2022-06-12 23:00:00,0.0,0.0,0.0,16.8,1.8
2022-06-13 00:00:00,0.0,0.0,0.0,16.400000000000002,1.7000000000000002
2022-06-13 01:00:00,0.0,0.0,0.0,16.1,1.6
2022-06-13 02:00:00,0.0,0.0,0.0,15.9,1.7000000000000002
2022-06-13 03:00:00,0.0,0.0,0.0,15.8,1.7000000000000002
2022-06-13 04:00:00,0.0,0.0,0.0,15.7,1.7000000000000002
2022-06-13 05:00:00,15.0,0.0,15.0,16.3,1.7000000000000002
2022-06-13 06:00:00,36.0,0.0,36.0,18.0,1.3
2022-06-13 07:00:00,80.0,0.0,80.0,20.1,0.8
2022-06-13 08:00:00,160.0,0.0,159.0,22.200000000000003,0.8
2022-06-13 09:00:00,239.0,0.0,238.0,24.200000000000003,1.5
2022-06-13 10:00:00,506.0,58.0,454.0,26.0,2.3000000000000003
2022-06-13 11:00:00,1012.0,904.0,142.0,27.5,3.1
2022-06-13 12:00:00,552.0,52.0,501.0,28.4,3.9
2022-06-13 13:00:00,335.0,1.0,334.0,28.6,4.7
2022-06-13 14:00:00,901.0,893.0,126.0,28.200000000000003,5.1000000000000005
2022-06-13 15:00:00,751.0,849.0,120.0,27.4,5.1000000000000005
2022-06-13 16:00:00,562.0,784.0,106.0,26.3,4.800000000000001
2022-06-13 17:00:00,354.0,676.0,87.0,24.8,4.1000000000000005
2022-06-13 18:00:00,148.0,449.0,59.0,22.4,2.9000000000000004
2022-06-13 19:00:00,0.0,0.0,0.0,19.6,1.9
2022-06-13 20:00:00,0.0,0.0,0.0,18.6,1.4
2022-06-13 21:00:00,0.0,0.0,0.0,18.0,1.0
2022-06-13 22:00:00,0.0,0.0,0.0,17.3,0.9
2022-06-13 23:00:00,0.0,0.0,0.0,16.5,0.9
2022-06-14 00:00:00,0.0,0.0,0.0,15.8,0.8
2022-06-14 01:00:00,0.0,0.0,0.0,15.2,0.7000000000000001
2022-06-14 02:00:00,0.0,0.0,0.0,14.6,0.4
2022-06-14 03:00:00,0.0,0.0,0.0,13.9,0.4
2022-06-14 04:00:00,0.0,0.0,0.0,13.6,0.4
2022-06-14 05:00:00,28.0,160.0,19.0,15.2,0.9
2022-06-14 06:00:00,30.0,0.0,30.0,18.0,1.0
2022-06-14 07:00:00,68.0,0.0,68.0,21.9,1.9
2022-06-14 08:00:00,222.0,1.0,221.0,24.9,1.9
2022-06-14 09:00:00,219.0,0.0,219.0,27.200000000000003,1.5
2022-06-14 10:00:00,599.0,141.0,474.0,29.0,1.1
2022-06-14 11:00:00,1025.0,946.0,115.0,30.3,1.2000000000000002
2022-06-14 12:00:00,1050.0,949.0,118.0,30.9,1.8
2022-06-14 13:00:00,1007.0,929.0,125.0,31.200000000000003,2.8000000000000003
2022-06-14 14:00:00,908.0,906.0,121.0,30.8,3.5
2022-06-14 15:00:00,755.0,863.0,114.0,29.9,4.0
2022-06-14 16:00:00,566.0,797.0,102.0,28.4,4.0
2022-06-14 17:00:00,356.0,686.0,84.0,26.700000000000003,3.7
2022-06-14 18:00:00,149.0,467.0,56.0,23.6,2.9000000000000004
2022-06-14 19:00:00,0.0,0.0,0.0,20.4,1.7000000000000002
2022-06-14 20:00:00,0.0,0.0,0.0,19.1,1.0
2022-06-14 21:00:00,0.0,0.0,0.0,18.3,0.8
2022-06-14 22:00:00,0.0,0.0,0.0,17.7,0.7000000000000001
2022-06-14 23:00:00,0.0,0.0,0.0,17.3,0.6000000000000001
2022-06-15 00:00:00,0.0,0.0,0.0,17.1,0.7000000000000001
2022-06-15 01:00:00,0.0,0.0,0.0,16.8,0.9
2022-06-15 02:00:00,0.0,0.0,0.0,16.400000000000002,1.0
2022-06-15 03:00:00,0.0,0.0,0.0,16.2,1.1
2022-06-15 04:00:00,0.0,0.0,0.0,16.0,1.2000000000000002
2022-06-15 05:00:00,28.0,177.0,19.0,17.900000000000002,1.6
2022-06-15 06:00:00,59.0,0.0,58.0,20.8,1.9
2022-06-15 07:00:00,124.0,0.0,124.0,24.3,1.2000000000000002
2022-06-15 08:00:00,614.0,829.0,98.0,27.9,1.0
2022-06-15 09:00:00,793.0,875.0,114.0,30.0,1.9
2022-06-15 10:00:00,885.0,743.0,223.0,31.0,2.6
2022-06-15 11:00:00,960.0,781.0,209.0,31.5,3.0
2022-06-15 12:00:00,1034.0,913.0,137.0,31.8,3.1
2022-06-15 13:00:00,1000.0,917.0,129.0,31.9,3.3000000000000003
2022-06-15 14:00:00,902.0,894.0,125.0,31.700000000000003,3.4000000000000004
2022-06-15 15:00:00,753.0,854.0,118.0,30.8,3.6
2022-06-15 16:00:00,564.0,785.0,106.0,29.3,3.7
2022-06-15 17:00:00,353.0,664.0,89.0,27.0,3.3000000000000003
2022-06-15 18:00:00,148.0,437.0,60.0,23.8,2.6
2022-06-15 19:00:00,0.0,0.0,0.0,20.700000000000003,1.8
2022-06-15 20:00:00,0.0,0.0,0.0,19.1,1.7000000000000002
2022-06-15 21:00:00,0.0,0.0,0.0,18.4,1.9
2022-06-15 22:00:00,0.0,0.0,0.0,18.2,1.9
2022-06-15 23:00:00,0.0,0.0,0.0,18.0,1.5
2022-06-16 00:00:00,0.0,0.0,0.0,17.8,1.2000000000000002
2022-06-16 01:00:00,0.0,0.0,0.0,17.8,1.2000000000000002
2022-06-16 02:00:00,0.0,0.0,0.0,17.8,1.1
2022-06-16 03:00:00,0.0,0.0,0.0,17.7,1.1
2022-06-16 04:00:00,0.0,0.0,0.0,17.5,1.2000000000000002
2022-06-16 05:00:00,26.0,122.0,19.0,18.7,1.4
2022-06-16 06:00:00,192.0,504.0,68.0,21.200000000000003,1.6
2022-06-16 07:00:00,400.0,690.0,96.0,23.8,1.3
2022-06-16 08:00:00,606.0,790.0,115.0,26.0,1.6
2022-06-16 09:00:00,787.0,849.0,129.0,27.700000000000003,2.2
2022-06-16 10:00:00,935.0,919.0,117.0,29.0,2.7
2022-06-16 11:00:00,1019.0,932.0,123.0,29.700000000000003,3.1
2022-06-16 12:00:00,1040.0,928.0,128.0,29.6,3.5
2022-06-16 13:00:00,1001.0,918.0,128.0,29.0,3.8
2022-06-16 14:00:00,903.0,894.0,126.0,28.0,3.9
2022-06-16 15:00:00,753.0,853.0,118.0,26.8,3.7
2022-06-16 16:00:00,564.0,783.0,107.0,25.0,3.3000000000000003
2022-06-16 17:00:00,355.0,666.0,89.0,22.8,2.8000000000000003
2022-06-16 18:00:00,150.0,449.0,59.0,20.3,2.2
2022-06-16 19:00:00,0.0,0.0,0.0,17.900000000000002,1.5
2022-06-16 20:00:00,0.0,0.0,0.0,17.0,1.3
2022-06-16 21:00:00,0.0,0.0,0.0,16.400000000000002,1.2000000000000002
2022-06-16 22:00:00,0.0,0.0,0.0,15.9,1.0
2022-06-16 23:00:00,0.0,0.0,0.0,15.3,0.8
2022-06-17 00:00:00,0.0,0.0,0.0,14.8,0.7000000000000001
2022-06-17 01:00:00,0.0,0.0,0.0,14.4,0.7000000000000001
2022-06-17 02:00:00,0.0,0.0,0.0,14.1,0.9
2022-06-17 03:00:00,0.0,0.0,0.0,13.9,1.0
2022-06-17 04:00:00,0.0,0.0,0.0,13.9,1.0
2022-06-17 05:00:00,26.0,104.0,21.0,15.1,1.1
2022-06-17 06:00:00,26.0,0.0,26.0,17.3,1.0
2022-06-17 07:00:00,51.0,0.0,51.0,19.700000000000003,1.2000000000000002
2022-06-17 08:00:00,121.0,0.0,121.0,21.5,1.7000000000000002
2022-06-17 09:00:00,219.0,0.0,219.0,23.0,2.5
2022-06-17 10:00:00,627.0,157.0,487.0,24.0,3.1
2022-06-17 11:00:00,1010.0,914.0,131.0,24.6,3.6
2022-06-17 12:00:00,1038.0,922.0,132.0,24.5,4.1000000000000005
2022-06-17 13:00:00,1002.0,923.0,125.0,23.9,4.4
2022-06-17 14:00:00,910.0,917.0,113.0,23.0,4.3
2022-06-17 15:00:00,764.0,892.0,100.0,22.200000000000003,3.9
2022-06-17 16:00:00,579.0,841.0,87.0,21.5,3.7
2022-06-17 17:00:00,369.0,739.0,73.0,20.3,3.5
2022-06-17 18:00:00,158.0,523.0,52.0,18.4,3.1
2022-06-17 19:00:00,0.0,0.0,0.0,16.400000000000002,2.4000000000000004
2022-06-17 20:00:00,0.0,0.0,0.0,15.5,1.9
2022-06-17 21:00:00,0.0,0.0,0.0,14.9,1.3
2022-06-17 22:00:00,0.0,0.0,0.0,14.5,1.0
2022-06-17 23:00:00,0.0,0.0,0.0,14.2,0.8
2022-06-18 00:00:00,0.0,0.0,0.0,14.1,0.4
2022-06-18 01:00:00,0.0,0.0,0.0,13.8,0.3
2022-06-18 02:00:00,0.0,0.0,0.0,13.6,0.3
2022-06-18 03:00:00,0.0,0.0,0.0,13.1,0.4
2022-06-18 04:00:00,0.0,0.0,0.0,12.6,0.6000000000000001
2022-06-18 05:00:00,26.0,87.0,21.0,13.7,1.1
2022-06-18 06:00:00,47.0,0.0,47.0,15.6,1.1
2022-06-18 07:00:00,135.0,0.0,134.0,17.7,0.8
2022-06-18 08:00:00,341.0,48.0,311.0,19.9,1.0
2022-06-18 09:00:00,799.0,862.0,131.0,21.9,1.9
2022-06-18 10:00:00,950.0,942.0,111.0,23.5,3.0
2022-06-18 11:00:00,1035.0,951.0,120.0,24.3,4.0
2022-06-18 12:00:00,1060.0,955.0,121.0,24.4,4.5
2022-06-18 13:00:00,1021.0,945.0,122.0,24.1,4.7
2022-06-18 14:00:00,922.0,924.0,118.0,23.6,4.6000000000000005
2022-06-18 15:00:00,771.0,884.0,112.0,22.9,4.3
2022-06-18 16:00:00,581.0,821.0,100.0,21.9,3.9
2022-06-18 17:00:00,368.0,714.0,82.0,20.700000000000003,3.4000000000000004
2022-06-18 18:00:00,157.0,505.0,54.0,19.0,2.7
2022-06-18 19:00:00,0.0,0.0,0.0,16.900000000000002,1.9
2022-06-18 20:00:00,0.0,0.0,0.0,15.8,1.3
2022-06-18 21:00:00,0.0,0.0,0.0,15.2,0.7000000000000001
2022-06-18 22:00:00,0.0,0.0,0.0,14.8,0.3
2022-06-18 23:00:00,0.0,0.0,0.0,14.5,0.2
2022-06-19 00:00:00,0.0,0.0,0.0,14.3,0.5
2022-06-19 01:00:00,0.0,0.0,0.0,13.9,0.8
2022-06-19 02:00:00,0.0,0.0,0.0,13.4,0.9
2022-06-19 03:00:00,0.0,0.0,0.0,12.9,1.1
2022-06-19 04:00:00,0.0,0.0,0.0,12.4,1.2000000000000002
2022-06-19 05:00:00,27.0,137.0,20.0,14.0,1.5
2022-06-19 06:00:00,198.0,560.0,61.0,16.900000000000002,1.8
2022-06-19 07:00:00,413.0,751.0,83.0,20.3,1.6
2022-06-19 08:00:00,627.0,854.0,97.0,23.0,1.7000000000000002
2022-06-19 09:00:00,811.0,910.0,107.0,25.1,1.9
2022-06-19 10:00:00,955.0,952.0,108.0,26.8,2.3000000000000003
2022-06-19 11:00:00,1041.0,966.0,113.0,28.1,2.8000000000000003
2022-06-19 12:00:00,1067.0,970.0,114.0,28.9,3.4000000000000004
2022-06-19 13:00:00,1026.0,952.0,120.0,29.200000000000003,3.9
2022-06-19 14:00:00,926.0,928.0,117.0,28.9,4.4
2022-06-19 15:00:00,774.0,885.0,113.0,28.1,4.6000000000000005
2022-06-19 16:00:00,582.0,818.0,102.0,27.0,4.4
2022-06-19 17:00:00,367.0,704.0,85.0,25.5,3.9
2022-06-19 18:00:00,157.0,483.0,58.0,22.5,2.7
2022-06-19 19:00:00,0.0,0.0,0.0,19.6,1.8
2022-06-19 20:00:00,0.0,0.0,0.0,18.5,1.0
2022-06-19 21:00:00,0.0,0.0,0.0,17.900000000000002,0.7000000000000001
2022-06-19 22:00:00,0.0,0.0,0.0,17.3,0.8
2022-06-19 23:00:00,0.0,0.0,0.0,16.7,0.9
2022-06-20 00:00:00,0.0,0.0,0.0,16.1,0.9
2022-06-20 01:00:00,0.0,0.0,0.0,15.6,0.9
2022-06-20 02:00:00,0.0,0.0,0.0,15.2,0.9
2022-06-20 03:00:00,0.0,0.0,0.0,15.0,1.0
2022-06-20 04:00:00,0.0,0.0,0.0,14.7,1.2000000000000002
2022-06-20 05:00:00,27.0,166.0,19.0,17.0,1.9
2022-06-20 06:00:00,200.0,577.0,59.0,20.5,2.5
2022-06-20 07:00:00,414.0,755.0,83.0,24.8,1.9
2022-06-20 08:00:00,624.0,850.0,98.0,28.700000000000003,2.2
2022-06-20 09:00:00,808.0,904.0,109.0,30.6,2.1
2022-06-20 10:00:00,952.0,944.0,111.0,31.9,1.9
2022-06-20 11:00:00,1039.0,960.0,115.0,32.800000000000004,1.8
2022-06-20 12:00:00,1060.0,959.0,118.0,33.300000000000004,2.0
2022-06-20 13:00:00,1023.0,953.0,116.0,33.4,2.4000000000000004
2022-06-20 14:00:00,924.0,930.0,114.0,33.300000000000004,2.7
2022-06-20 15:00:00,773.0,890.0,108.0,32.7,2.9000000000000004
2022-06-20 16:00:00,582.0,825.0,98.0,31.700000000000003,2.9000000000000004
2022-06-20 17:00:00,369.0,714.0,82.0,30.200000000000003,2.7
2022-06-20 18:00:00,157.0,492.0,56.0,27.1,1.7000000000000002
2022-06-20 19:00:00,0.0,0.0,0.0,23.8,1.0
2022-06-20 20:00:00,0.0,0.0,0.0,23.0,0.6000000000000001
2022-06-20 21:00:00,0.0,0.0,0.0,22.0,1.0
2022-06-20 22:00:00,0.0,0.0,0.0,21.0,1.4
2022-06-20 23:00:00,0.0,0.0,0.0,20.5,1.3
2022-06-21 00:00:00,0.0,0.0,0.0,20.700000000000003,1.2000000000000002
2022-06-21 01:00:00,0.0,0.0,0.0,20.8,1.1
2022-06-21 02:00:00,0.0,0.0,0.0,20.5,1.1
2022-06-21 03:00:00,0.0,0.0,0.0,19.9,1.2000000000000002
2022-06-21 04:00:00,0.0,0.0,0.0,19.1,1.2000000000000002
2022-06-21 05:00:00,24.0,126.0,18.0,20.0,1.3
2022-06-21 06:00:00,191.0,524.0,64.0,23.1,1.6
2022-06-21 07:00:00,402.0,713.0,90.0,25.700000000000003,2.0
2022-06-21 08:00:00,611.0,816.0,105.0,27.9,2.4000000000000004
2022-06-21 09:00:00,794.0,879.0,115.0,29.4,3.1
2022-06-21 10:00:00,937.0,920.0,118.0,30.5,3.7
2022-06-21 11:00:00,1024.0,942.0,119.0,31.200000000000003,4.2
2022-06-21 12:00:00,1050.0,948.0,119.0,31.1,4.4
2022-06-21 13:00:00,1014.0,942.0,118.0,30.8,4.6000000000000005
2022-06-21 14:00:00,917.0,923.0,113.0,30.1,4.5
2022-06-21 15:00:00,768.0,886.0,106.0,29.0,4.2
2022-06-21 16:00:00,578.0,822.0,95.0,27.700000000000003,3.7
2022-06-21 17:00:00,367.0,713.0,79.0,26.1,3.1
2022-06-21 18:00:00,157.0,498.0,55.0,23.8,2.2
2022-06-21 19:00:00,0.0,0.0,0.0,20.9,1.2000000000000002
2022-06-21 20:00:00,0.0,0.0,0.0,20.0,1.1
2022-06-21 21:00:00,0.0,0.0,0.0,19.6,1.1
2022-06-21 22:00:00,0.0,0.0,0.0,19.700000000000003,1.1
2022-06-21 23:00:00,0.0,0.0,0.0,19.9,1.1
2022-06-22 00:00:00,0.0,0.0,0.0,20.6,1.3
2022-06-22 01:00:00,0.0,0.0,0.0,21.200000000000003,1.3
2022-06-22 02:00:00,0.0,0.0,0.0,21.5,1.4
2022-06-22 03:00:00,0.0,0.0,0.0,21.4,1.5
2022-06-22 04:00:00,0.0,0.0,0.0,21.4,1.9
2022-06-22 05:00:00,17.0,0.0,17.0,22.4,2.1
2022-06-22 06:00:00,101.0,12.0,99.0,24.4,1.6
2022-06-22 07:00:00,351.0,411.0,172.0,27.1,0.9
2022-06-22 08:00:00,348.0,127.0,270.0,28.5,1.2000000000000002
2022-06-22 09:00:00,49.0,0.0,48.0,29.1,1.4
2022-06-22 10:00:00,666.0,299.0,400.0,29.5,1.3
2022-06-22 11:00:00,454.0,16.0,438.0,30.3,1.4
2022-06-22 12:00:00,920.0,561.0,370.0,31.200000000000003,1.9
2022-06-22 13:00:00,803.0,522.0,306.0,31.4,2.5
2022-06-22 14:00:00,812.0,667.0,230.0,31.200000000000003,2.9000000000000004
2022-06-22 15:00:00,416.0,108.0,335.0,30.4,3.0
2022-06-22 16:00:00,294.0,38.0,271.0,29.3,2.7
2022-06-22 17:00:00,203.0,56.0,180.0,28.0,2.2
2022-06-22 18:00:00,147.0,431.0,58.0,26.0,1.5
2022-06-22 19:00:00,0.0,0.0,0.0,23.9,1.1
2022-06-22 20:00:00,0.0,0.0,0.0,23.200000000000003,0.7000000000000001
2022-06-22 21:00:00,0.0,0.0,0.0,22.6,0.4
2022-06-22 22:00:00,0.0,0.0,0.0,22.200000000000003,0.2
2022-06-22 23:00:00,0.0,0.0,0.0,22.1,0.2
2022-06-23 00:00:00,0.0,0.0,0.0,21.9,0.3
2022-06-23 01:00:00,0.0,0.0,0.0,21.700000000000003,0.4
2022-06-23 02:00:00,0.0,0.0,0.0,21.3,0.6000000000000001
2022-06-23 03:00:00,0.0,0.0,0.0,20.8,0.7000000000000001
2022-06-23 04:00:00,0.0,0.0,0.0,20.6,0.6000000000000001
2022-06-23 05:00:00,23.0,111.0,17.0,21.6,0.7000000000000001
2022-06-23 06:00:00,180.0,492.0,62.0,23.3,0.6000000000000001
2022-06-23 07:00:00,383.0,680.0,87.0,26.6,1.4
2022-06-23 08:00:00,586.0,783.0,103.0,29.0,2.1
2022-06-23 09:00:00,766.0,845.0,114.0,30.5,2.6
2022-06-23 10:00:00,909.0,898.0,111.0,31.5,3.0
2022-06-23 11:00:00,997.0,918.0,114.0,32.1,3.5
2022-06-23 12:00:00,1025.0,927.0,114.0,32.4,3.7
2022-06-23 13:00:00,992.0,926.0,111.0,32.300000000000004,4.0
2022-06-23 14:00:00,900.0,912.0,105.0,31.8,4.1000000000000005
2022-06-23 15:00:00,759.0,884.0,97.0,30.9,4.0
2022-06-23 16:00:00,575.0,831.0,86.0,29.700000000000003,3.7
2022-06-23 17:00:00,368.0,735.0,71.0,28.3,3.4000000000000004
2022-06-23 18:00:00,162.0,543.0,50.0,26.0,2.4000000000000004
2022-06-23 19:00:00,0.0,0.0,0.0,22.8,1.8
2022-06-23 20:00:00,0.0,0.0,0.0,21.9,1.5
2022-06-23 21:00:00,0.0,0.0,0.0,21.5,1.1
2022-06-23 22:00:00,0.0,0.0,0.0,21.0,0.5
2022-06-23 23:00:00,0.0,0.0,0.0,20.5,0.1
2022-06-24 00:00:00,0.0,0.0,0.0,20.200000000000003,0.1
2022-06-24 01:00:00,0.0,0.0,0.0,20.0,0.2
2022-06-24 02:00:00,0.0,0.0,0.0,19.700000000000003,0.5
2022-06-24 03:00:00,0.0,0.0,0.0,19.5,0.8
2022-06-24 04:00:00,0.0,0.0,0.0,19.5,0.9
2022-06-24 05:00:00,25.0,149.0,18.0,20.9,0.9
2022-06-24 06:00:00,193.0,562.0,58.0,23.700000000000003,0.7000000000000001
2022-06-24 07:00:00,404.0,743.0,80.0,27.4,0.6000000000000001
2022-06-24 08:00:00,614.0,840.0,96.0,29.9,1.3
2022-06-24 09:00:00,797.0,894.0,107.0,31.4,1.9
2022-06-24 10:00:00,938.0,928.0,113.0,32.4,2.6
2022-06-24 11:00:00,1024.0,944.0,118.0,32.800000000000004,3.2
2022-06-24 12:00:00,1054.0,951.0,120.0,32.9,3.7
2022-06-24 13:00:00,1020.0,952.0,113.0,32.7,4.0
2022-06-24 14:00:00,927.0,938.0,109.0,32.1,4.1000000000000005
2022-06-24 15:00:00,778.0,905.0,100.0,31.200000000000003,4.0
2022-06-24 16:00:00,592.0,853.0,90.0,29.9,3.7
2022-06-24 17:00:00,379.0,753.0,74.0,28.3,3.2
2022-06-24 18:00:00,168.0,558.0,51.0,25.6,2.1
2022-06-24 19:00:00,0.0,0.0,0.0,22.3,1.5
2022-06-24 20:00:00,0.0,0.0,0.0,21.700000000000003,1.1
2022-06-24 21:00:00,0.0,0.0,0.0,21.4,0.5
2022-06-24 22:00:00,0.0,0.0,0.0,20.9,0.3
2022-06-24 23:00:00,0.0,0.0,0.0,20.6,0.4
2022-06-25 00:00:00,0.0,0.0,0.0,20.3,0.5
2022-06-25 01:00:00,0.0,0.0,0.0,19.6,0.7000000000000001
2022-06-25 02:00:00,0.0,0.0,0.0,19.1,0.9
2022-06-25 03:00:00,0.0,0.0,0.0,18.8,1.1
2022-06-25 04:00:00,0.0,0.0,0.0,18.6,1.3
2022-06-25 05:00:00,23.0,129.0,18.0,20.0,1.4
2022-06-25 06:00:00,190.0,543.0,61.0,23.3,1.7000000000000002
2022-06-25 07:00:00,402.0,727.0,86.0,26.5,0.9
2022-06-25 08:00:00,611.0,825.0,102.0,29.3,1.0
2022-06-25 09:00:00,794.0,882.0,114.0,31.5,1.5
2022-06-25 10:00:00,943.0,946.0,103.0,32.800000000000004,2.2
2022-06-25 11:00:00,1030.0,959.0,110.0,33.300000000000004,2.8000000000000003
2022-06-25 12:00:00,1056.0,959.0,113.0,33.4,3.1
2022-06-25 13:00:00,1019.0,950.0,114.0,33.300000000000004,3.4000000000000004
2022-06-25 14:00:00,922.0,929.0,111.0,32.800000000000004,3.5
2022-06-25 15:00:00,773.0,893.0,104.0,31.9,3.4000000000000004
2022-06-25 16:00:00,584.0,830.0,94.0,30.700000000000003,3.1
2022-06-25 17:00:00,372.0,723.0,79.0,29.200000000000003,2.6
2022-06-25 18:00:00,162.0,516.0,55.0,26.5,1.8
2022-06-25 19:00:00,11.0,62.0,10.0,23.4,0.8
2022-06-25 20:00:00,0.0,0.0,0.0,22.200000000000003,0.2
2022-06-25 21:00:00,0.0,0.0,0.0,21.6,0.5
2022-06-25 22:00:00,0.0,0.0,0.0,21.3,0.7000000000000001
2022-06-25 23:00:00,0.0,0.0,0.0,21.200000000000003,0.8
2022-06-26 00:00:00,0.0,0.0,0.0,21.1,0.8
2022-06-26 01:00:00,0.0,0.0,0.0,20.6,0.8
2022-06-26 02:00:00,0.0,0.0,0.0,19.8,0.9
2022-06-26 03:00:00,0.0,0.0,0.0,19.1,1.0
2022-06-26 04:00:00,0.0,0.0,0.0,18.6,1.1
2022-06-26 05:00:00,23.0,133.0,17.0,20.200000000000003,1.4
2022-06-26 06:00:00,189.0,546.0,59.0,23.1,1.6
2022-06-26 07:00:00,399.0,730.0,82.0,26.6,0.9
2022-06-26 08:00:00,609.0,830.0,99.0,29.9,0.9
2022-06-26 09:00:00,792.0,886.0,110.0,32.0,1.4
2022-06-26 10:00:00,903.0,687.0,293.0,33.300000000000004,2.0
2022-06-26 11:00:00,968.0,668.0,327.0,34.0,2.5
2022-06-26 12:00:00,1050.0,943.0,125.0,34.2,2.7
2022-06-26 13:00:00,1014.0,935.0,124.0,34.2,2.8000000000000003
2022-06-26 14:00:00,918.0,916.0,119.0,33.9,2.8000000000000003
2022-06-26 15:00:00,770.0,881.0,110.0,33.300000000000004,2.7
2022-06-26 16:00:00,582.0,821.0,98.0,32.2,2.4000000000000004
2022-06-26 17:00:00,371.0,717.0,80.0,30.6,2.0
2022-06-26 18:00:00,162.0,512.0,55.0,27.700000000000003,1.0
2022-06-26 19:00:00,11.0,59.0,9.0,24.4,0.6000000000000001
2022-06-26 20:00:00,0.0,0.0,0.0,23.200000000000003,0.8
2022-06-26 21:00:00,0.0,0.0,0.0,22.3,1.1
2022-06-26 22:00:00,0.0,0.0,0.0,21.700000000000003,1.3
2022-06-26 23:00:00,0.0,0.0,0.0,21.200000000000003,1.4
2022-06-27 00:00:00,0.0,0.0,0.0,21.0,1.3
2022-06-27 01:00:00,0.0,0.0,0.0,21.0,1.3
2022-06-27 02:00:00,0.0,0.0,0.0,21.200000000000003,1.2000000000000002
2022-06-27 03:00:00,0.0,0.0,0.0,21.200000000000003,1.2000000000000002
2022-06-27 04:00:00,0.0,0.0,0.0,21.200000000000003,1.2000000000000002
2022-06-27 05:00:00,21.0,88.0,17.0,22.6,1.1
2022-06-27 06:00:00,178.0,483.0,64.0,26.3,1.5
2022-06-27 07:00:00,381.0,674.0,90.0,29.5,1.2000000000000002
2022-06-27 08:00:00,584.0,777.0,107.0,32.2,1.5
2022-06-27 09:00:00,762.0,835.0,119.0,34.0,2.1
2022-06-27 10:00:00,912.0,908.0,106.0,35.0,2.6
2022-06-27 11:00:00,997.0,924.0,111.0,35.5,2.9000000000000004
2022-06-27 12:00:00,1026.0,931.0,112.0,35.800000000000004,3.0
2022-06-27 13:00:00,988.0,916.0,116.0,35.6,3.1
2022-06-27 14:00:00,893.0,891.0,115.0,35.0,3.2
2022-06-27 15:00:00,749.0,855.0,109.0,34.0,3.1
2022-06-27 16:00:00,565.0,789.0,100.0,32.9,2.8000000000000003
2022-06-27 17:00:00,357.0,676.0,83.0,31.6,2.2
2022-06-27 18:00:00,154.0,465.0,57.0,29.4,1.1
2022-06-27 19:00:00,10.0,44.0,9.0,26.9,0.7000000000000001
2022-06-27 20:00:00,0.0,0.0,0.0,26.3,0.5
2022-06-27 21:00:00,0.0,0.0,0.0,25.6,0.4
2022-06-27 22:00:00,0.0,0.0,0.0,24.9,0.1
2022-06-27 23:00:00,0.0,0.0,0.0,24.3,0.3
2022-06-28 00:00:00,0.0,0.0,0.0,24.0,0.5
2022-06-28 01:00:00,0.0,0.0,0.0,23.6,0.5
2022-06-28 02:00:00,0.0,0.0,0.0,23.3,0.7000000000000001
2022-06-28 03:00:00,0.0,0.0,0.0,22.8,0.9
2022-06-28 04:00:00,0.0,0.0,0.0,22.4,1.0
2022-06-28 05:00:00,21.0,115.0,16.0,23.4,1.1
2022-06-28 06:00:00,179.0,505.0,60.0,26.200000000000003,1.5
2022-06-28 07:00:00,383.0,689.0,85.0,28.8,1.3
2022-06-28 08:00:00,585.0,786.0,102.0,31.3,1.6
2022-06-28 09:00:00,763.0,843.0,115.0,32.9,2.1
2022-06-28 10:00:00,908.0,900.0,110.0,34.0,2.7
2022-06-28 11:00:00,991.0,912.0,116.0,34.4,3.2
2022-06-28 12:00:00,1016.0,913.0,119.0,34.4,3.5
2022-06-28 13:00:00,980.0,895.0,127.0,34.0,3.6
2022-06-28 14:00:00,886.0,874.0,123.0,33.5,3.6
2022-06-28 15:00:00,742.0,837.0,114.0,32.5,3.5
2022-06-28 16:00:00,559.0,775.0,102.0,31.3,3.1
2022-06-28 17:00:00,356.0,670.0,84.0,29.700000000000003,2.6
2022-06-28 18:00:00,154.0,467.0,57.0,27.5,1.9
2022-06-28 19:00:00,10.0,50.0,9.0,24.8,1.1
2022-06-28 20:00:00,0.0,0.0,0.0,23.5,1.1
2022-06-28 21:00:00,0.0,0.0,0.0,22.6,0.9
2022-06-28 22:00:00,0.0,0.0,0.0,22.0,1.0
2022-06-28 23:00:00,0.0,0.0,0.0,21.5,0.9
2022-06-29 00:00:00,0.0,0.0,0.0,21.1,0.9
2022-06-29 01:00:00,0.0,0.0,0.0,20.700000000000003,1.1
2022-06-29 02:00:00,0.0,0.0,0.0,20.200000000000003,1.2000000000000002
2022-06-29 03:00:00,0.0,0.0,0.0,19.6,1.3
2022-06-29 04:00:00,0.0,0.0,0.0,19.1,1.4
2022-06-29 05:00:00,20.0,99.0,16.0,20.4,2.1
2022-06-29 06:00:00,178.0,487.0,64.0,22.9,2.5
2022-06-29 07:00:00,382.0,677.0,91.0,25.9,2.3000000000000003
2022-06-29 08:00:00,586.0,777.0,109.0,28.4,2.2
2022-06-29 09:00:00,763.0,835.0,122.0,30.5,2.3000000000000003
2022-06-29 10:00:00,910.0,908.0,105.0,32.2,2.8000000000000003
2022-06-29 11:00:00,995.0,922.0,110.0,33.1,3.2
2022-06-29 12:00:00,1017.0,923.0,111.0,33.300000000000004,3.5
2022-06-29 13:00:00,979.0,908.0,114.0,33.1,3.7
2022-06-29 14:00:00,884.0,886.0,110.0,32.6,3.6
2022-06-29 15:00:00,741.0,852.0,102.0,31.8,3.4000000000000004
2022-06-29 16:00:00,558.0,790.0,91.0,30.6,3.0
2022-06-29 17:00:00,356.0,690.0,76.0,29.0,2.6
2022-06-29 18:00:00,155.0,493.0,52.0,26.8,2.0
2022-06-29 19:00:00,11.0,65.0,9.0,24.3,1.3
2022-06-29 20:00:00,0.0,0.0,0.0,23.0,1.0
2022-06-29 21:00:00,0.0,0.0,0.0,22.1,0.7000000000000001
2022-06-29 22:00:00,0.0,0.0,0.0,21.4,0.7000000000000001
2022-06-29 23:00:00,0.0,0.0,0.0,20.8,0.8
2022-06-30 00:00:00,0.0,0.0,0.0,20.200000000000003,0.7000000000000001
2022-06-30 01:00:00,0.0,0.0,0.0,19.6,0.8
2022-06-30 02:00:00,0.0,0.0,0.0,19.0,0.8
2022-06-30 03:00:00,0.0,0.0,0.0,18.6,0.9
2022-06-30 04:00:00,0.0,0.0,0.0,18.3,0.9
2022-06-30 05:00:00,20.0,124.0,15.0,19.6,1.5
2022-06-30 06:00:00,180.0,527.0,56.0,21.9,1.6
2022-06-30 07:00:00,386.0,717.0,78.0,24.6,1.6
2022-06-30 08:00:00,590.0,815.0,91.0,26.8,1.8
2022-06-30 09:00:00,769.0,872.0,100.0,28.5,2.2
2022-06-30 10:00:00,911.0,908.0,106.0,29.9,2.7
2022-06-30 11:00:00,997.0,924.0,111.0,30.8,3.2
2022-06-30 12:00:00,1021.0,925.0,114.0,31.1,3.5
2022-06-30 13:00:00,988.0,921.0,110.0,31.0,3.7
2022-06-30 14:00:00,860.0,666.0,278.0,30.6,3.7
2022-06-30 15:00:00,749.0,869.0,97.0,30.0,3.6
2022-06-30 16:00:00,565.0,811.0,86.0,29.0,3.4000000000000004
2022-06-30 17:00:00,361.0,715.0,71.0,27.6,3.0
2022-06-30 18:00:00,159.0,526.0,48.0,25.4,2.3000000000000003
2022-06-30 19:00:00,11.0,82.0,10.0,22.8,1.4
2022-06-30 20:00:00,0.0,0.0,0.0,21.4,0.6000000000000001
2022-06-30 21:00:00,0.0,0.0,0.0,20.700000000000003,0.4
2022-06-30 22:00:00,0.0,0.0,0.0,20.3,0.7000000000000001
2022-06-30 23:00:00,0.0,0.0,0.0,19.9,0.7000000000000001
2022-07-01 00:00:00,0.0,0.0,0.0,19.6,0.6000000000000001
2022-07-01 01:00:00,0.0,0.0,0.0,19.200000000000003,0.7000000000000001
2022-07-01 02:00:00,0.0,0.0,0.0,18.7,0.8
2022-07-01 03:00:00,0.0,0.0,0.0,18.1,0.8
2022-07-01 04:00:00,0.0,0.0,0.0,17.5,0.7000000000000001
2022-07-01 05:00:00,21.0,146.0,15.0,18.6,1.3
2022-07-01 06:00:00,183.0,564.0,52.0,20.9,1.6
2022-07-01 07:00:00,391.0,747.0,71.0,24.0,1.4
2022-07-01 08:00:00,599.0,844.0,83.0,26.5,1.8
2022-07-01 09:00:00,781.0,899.0,92.0,28.3,2.5
2022-07-01 10:00:00,920.0,925.0,101.0,29.3,3.2
2022-07-01 11:00:00,1007.0,942.0,105.0,29.6,3.6
2022-07-01 12:00:00,1035.0,948.0,105.0,29.6,3.8
2022-07-01 13:00:00,1004.0,948.0,102.0,29.4,3.8
2022-07-01 14:00:00,909.0,932.0,95.0,29.0,3.8
2022-07-01 15:00:00,764.0,904.0,86.0,28.3,3.7
2022-07-01 16:00:00,579.0,852.0,75.0,27.3,3.6
2022-07-01 17:00:00,370.0,757.0,62.0,25.9,3.2
2022-07-01 18:00:00,164.0,575.0,43.0,23.8,2.6
2022-07-01 19:00:00,12.0,120.0,10.0,21.4,1.7000000000000002
2022-07-01 20:00:00,0.0,0.0,0.0,20.200000000000003,1.0
2022-07-01 21:00:00,0.0,0.0,0.0,19.6,0.5
2022-07-01 22:00:00,0.0,0.0,0.0,19.200000000000003,0.3
2022-07-01 23:00:00,0.0,0.0,0.0,18.8,0.2
2022-07-02 00:00:00,0.0,0.0,0.0,18.5,0.3
2022-07-02 01:00:00,0.0,0.0,0.0,18.0,0.3
2022-07-02 02:00:00,0.0,0.0,0.0,17.6,0.3
2022-07-02 03:00:00,0.0,0.0,0.0,17.2,0.2
2022-07-02 04:00:00,0.0,0.0,0.0,16.900000000000002,0.3
2022-07-02 05:00:00,21.0,183.0,15.0,18.2,0.8
2022-07-02 06:00:00,185.0,596.0,47.0,20.5,1.2000000000000002
2022-07-02 07:00:00,392.0,762.0,66.0,22.8,1.7000000000000002
2022-07-02 08:00:00,598.0,851.0,79.0,24.9,2.2
2022-07-02 09:00:00,778.0,901.0,88.0,26.700000000000003,2.8000000000000003
2022-07-02 10:00:00,921.0,938.0,91.0,27.8,3.3000000000000003
2022-07-02 11:00:00,1010.0,953.0,97.0,28.3,3.7
2022-07-02 12:00:00,1037.0,956.0,100.0,28.3,3.9
2022-07-02 13:00:00,1005.0,950.0,100.0,28.1,4.0
2022-07-02 14:00:00,913.0,935.0,96.0,27.6,3.9
2022-07-02 15:00:00,770.0,906.0,90.0,26.8,3.6
2022-07-02 16:00:00,586.0,855.0,80.0,25.6,3.3000000000000003
2022-07-02 17:00:00,378.0,763.0,67.0,24.1,2.9000000000000004
2022-07-02 18:00:00,168.0,575.0,48.0,21.9,2.3000000000000003
2022-07-02 19:00:00,12.0,95.0,10.0,19.4,1.4
2022-07-02 20:00:00,0.0,0.0,0.0,18.1,0.6000000000000001
2022-07-02 21:00:00,0.0,0.0,0.0,17.5,0.2
2022-07-02 22:00:00,0.0,0.0,0.0,17.0,0.5
2022-07-02 23:00:00,0.0,0.0,0.0,16.6,0.7000000000000001
2022-07-03 00:00:00,0.0,0.0,0.0,16.3,0.8
2022-07-03 01:00:00,0.0,0.0,0.0,15.8,0.9
2022-07-03 02:00:00,0.0,0.0,0.0,15.3,1.0
2022-07-03 03:00:00,0.0,0.0,0.0,14.8,1.0
2022-07-03 04:00:00,0.0,0.0,0.0,14.4,1.1
2022-07-03 05:00:00,20.0,89.0,16.0,15.6,1.7000000000000002
2022-07-03 06:00:00,32.0,0.0,32.0,17.8,1.7000000000000002
2022-07-03 07:00:00,111.0,0.0,111.0,20.3,1.6
2022-07-03 08:00:00,292.0,19.0,280.0,22.5,1.8
2022-07-03 09:00:00,785.0,875.0,116.0,24.3,2.3000000000000003
2022-07-03 10:00:00,929.0,917.0,119.0,25.6,3.0
2022-07-03 11:00:00,1014.0,929.0,125.0,26.200000000000003,3.7
2022-07-03 12:00:00,1041.0,930.0,129.0,26.1,4.2
2022-07-03 13:00:00,1008.0,936.0,116.0,25.700000000000003,4.3
2022-07-03 14:00:00,914.0,920.0,110.0,25.200000000000003,4.2
2022-07-03 15:00:00,765.0,884.0,101.0,24.5,3.9
2022-07-03 16:00:00,578.0,825.0,90.0,23.4,3.6
2022-07-03 17:00:00,368.0,721.0,75.0,21.9,3.0
2022-07-03 18:00:00,160.0,520.0,52.0,19.8,2.3000000000000003
2022-07-03 19:00:00,11.0,65.0,10.0,17.8,1.5
2022-07-03 20:00:00,0.0,0.0,0.0,16.900000000000002,0.9
2022-07-03 21:00:00,0.0,0.0,0.0,16.400000000000002,0.5
2022-07-03 22:00:00,0.0,0.0,0.0,16.2,0.5
2022-07-03 23:00:00,0.0,0.0,0.0,16.1,0.4
2022-07-04 00:00:00,0.0,0.0,0.0,15.8,0.3
2022-07-04 01:00:00,0.0,0.0,0.0,15.3,0.5
2022-07-04 02:00:00,0.0,0.0,0.0,15.0,0.7000000000000001
2022-07-04 03:00:00,0.0,0.0,0.0,14.7,0.9
2022-07-04 04:00:00,0.0,0.0,0.0,14.4,1.1
2022-07-04 05:00:00,17.0,64.0,15.0,15.4,1.6
2022-07-04 06:00:00,76.0,1.0,76.0,17.400000000000002,1.5
2022-07-04 07:00:00,154.0,3.0,153.0,20.1,1.1
2022-07-04 08:00:00,298.0,28.0,280.0,23.0,1.3
2022-07-04 09:00:00,759.0,841.0,116.0,24.9,2.0
2022-07-04 10:00:00,906.0,910.0,102.0,26.4,2.7
2022-07-04 11:00:00,992.0,922.0,109.0,27.4,3.4000000000000004
2022-07-04 12:00:00,1016.0,919.0,115.0,27.9,4.0
2022-07-04 13:00:00,981.0,906.0,119.0,27.8,4.4
2022-07-04 14:00:00,885.0,878.0,118.0,27.200000000000003,4.6000000000000005
2022-07-04 15:00:00,741.0,840.0,111.0,26.3,4.5
2022-07-04 16:00:00,559.0,779.0,99.0,25.1,4.2
2022-07-04 17:00:00,355.0,675.0,80.0,23.4,3.7
2022-07-04 18:00:00,154.0,480.0,53.0,21.4,3.0
2022-07-04 19:00:00,0.0,0.0,0.0,19.4,2.2
2022-07-04 20:00:00,0.0,0.0,0.0,18.3,1.2000000000000002
2022-07-04 21:00:00,0.0,0.0,0.0,17.6,0.5
2022-07-04 22:00:00,0.0,0.0,0.0,17.400000000000002,0.6000000000000001
2022-07-04 23:00:00,0.0,0.0,0.0,17.3,0.8
2022-07-05 00:00:00,0.0,0.0,0.0,17.2,0.7000000000000001
2022-07-05 01:00:00,0.0,0.0,0.0,16.8,0.8
2022-07-05 02:00:00,0.0,0.0,0.0,16.400000000000002,1.0
2022-07-05 03:00:00,0.0,0.0,0.0,16.1,1.0
2022-07-05 04:00:00,0.0,0.0,0.0,15.7,1.0
2022-07-05 05:00:00,16.0,71.0,14.0,16.5,1.3
2022-07-05 06:00:00,169.0,466.0,63.0,18.5,1.1
2022-07-05 07:00:00,371.0,662.0,91.0,20.9,0.8
2022-07-05 08:00:00,573.0,765.0,109.0,23.4,1.1
2022-07-05 09:00:00,752.0,826.0,121.0,25.700000000000003,1.9
2022-07-05 10:00:00,895.0,883.0,116.0,27.3,2.7
2022-07-05 11:00:00,980.0,895.0,124.0,28.3,3.5
2022-07-05 12:00:00,1007.0,893.0,132.0,28.6,4.1000000000000005
2022-07-05 13:00:00,977.0,902.0,119.0,28.4,4.6000000000000005
2022-07-05 14:00:00,886.0,883.0,115.0,27.700000000000003,4.800000000000001
2022-07-05 15:00:00,743.0,846.0,108.0,26.700000000000003,4.7
2022-07-05 16:00:00,561.0,788.0,96.0,25.4,4.3
2022-07-05 17:00:00,356.0,682.0,79.0,24.0,3.8
2022-07-05 18:00:00,154.0,476.0,54.0,22.1,3.1
2022-07-05 19:00:00,0.0,0.0,0.0,20.200000000000003,2.3000000000000003
2022-07-05 20:00:00,0.0,0.0,0.0,19.1,1.5
2022-07-05 21:00:00,0.0,0.0,0.0,18.6,0.9
2022-07-05 22:00:00,0.0,0.0,0.0,18.4,0.6000000000000001
2022-07-05 23:00:00,0.0,0.0,0.0,18.1,0.4
2022-07-06 00:00:00,0.0,0.0,0.0,17.900000000000002,0.3
2022-07-06 01:00:00,0.0,0.0,0.0,17.6,0.4
2022-07-06 02:00:00,0.0,0.0,0.0,17.3,0.6000000000000001
2022-07-06 03:00:00,0.0,0.0,0.0,17.0,0.6000000000000001
2022-07-06 04:00:00,0.0,0.0,0.0,16.8,0.6000000000000001
2022-07-06 05:00:00,16.0,58.0,14.0,17.400000000000002,0.7000000000000001
2022-07-06 06:00:00,57.0,0.0,57.0,19.0,0.9
2022-07-06 07:00:00,151.0,2.0,150.0,21.1,1.4
2022-07-06 08:00:00,317.0,47.0,289.0,23.4,2.0
2022-07-06 09:00:00,775.0,888.0,98.0,25.1,2.4000000000000004
2022-07-06 10:00:00,919.0,934.0,95.0,26.6,3.0
2022-07-06 11:00:00,1007.0,950.0,99.0,27.5,3.6
2022-07-06 12:00:00,1035.0,954.0,100.0,27.700000000000003,3.9
2022-07-06 13:00:00,1004.0,952.0,98.0,27.700000000000003,4.1000000000000005
2022-07-06 14:00:00,911.0,937.0,93.0,27.5,4.1000000000000005
2022-07-06 15:00:00,769.0,910.0,86.0,27.0,4.0
2022-07-06 16:00:00,585.0,862.0,76.0,26.1,3.7
2022-07-06 17:00:00,378.0,774.0,64.0,24.8,3.3000000000000003
2022-07-06 18:00:00,167.0,590.0,44.0,22.9,2.9000000000000004
2022-07-06 19:00:00,0.0,0.0,0.0,20.4,2.1
2022-07-06 20:00:00,0.0,0.0,0.0,19.200000000000003,1.6
2022-07-06 21:00:00,0.0,0.0,0.0,18.3,0.9
2022-07-06 22:00:00,0.0,0.0,0.0,17.7,0.4
2022-07-06 23:00:00,0.0,0.0,0.0,17.3,0.3
2022-07-07 00:00:00,0.0,0.0,0.0,17.0,0.6000000000000001
2022-07-07 01:00:00,0.0,0.0,0.0,16.7,0.8
2022-07-07 02:00:00,0.0,0.0,0.0,16.5,0.9
2022-07-07 03:00:00,0.0,0.0,0.0,16.3,1.0
2022-07-07 04:00:00,0.0,0.0,0.0,16.2,1.1
2022-07-07 05:00:00,18.0,173.0,13.0,17.7,1.4
2022-07-07 06:00:00,185.0,615.0,47.0,20.8,1.4
2022-07-07 07:00:00,398.0,789.0,66.0,24.1,0.8
2022-07-07 08:00:00,609.0,879.0,78.0,27.0,1.6
2022-07-07 09:00:00,794.0,928.0,88.0,28.9,2.6
2022-07-07 10:00:00,938.0,959.0,93.0,29.8,3.1
2022-07-07 11:00:00,1027.0,973.0,98.0,30.200000000000003,3.4000000000000004
2022-07-07 12:00:00,1056.0,977.0,99.0,30.4,3.5
2022-07-07 13:00:00,1020.0,961.0,105.0,30.4,3.6
2022-07-07 14:00:00,925.0,944.0,101.0,30.0,3.7
2022-07-07 15:00:00,778.0,912.0,94.0,29.3,3.7
2022-07-07 16:00:00,590.0,857.0,84.0,28.1,3.6
2022-07-07 17:00:00,378.0,761.0,70.0,26.5,3.3000000000000003
2022-07-07 18:00:00,167.0,567.0,49.0,23.9,2.7
2022-07-07 19:00:00,0.0,0.0,0.0,20.8,2.1
2022-07-07 20:00:00,0.0,0.0,0.0,19.3,1.6
2022-07-07 21:00:00,0.0,0.0,0.0,18.4,1.0
2022-07-07 22:00:00,0.0,0.0,0.0,17.8,0.5
2022-07-07 23:00:00,0.0,0.0,0.0,17.3,0.4
2022-07-08 00:00:00,0.0,0.0,0.0,17.1,0.4
2022-07-08 01:00:00,0.0,0.0,0.0,16.900000000000002,0.5
2022-07-08 02:00:00,0.0,0.0,0.0,16.7,0.7000000000000001
2022-07-08 03:00:00,0.0,0.0,0.0,16.6,0.8
2022-07-08 04:00:00,0.0,0.0,0.0,16.400000000000002,0.9
2022-07-08 05:00:00,17.0,126.0,13.0,17.7,0.9
2022-07-08 06:00:00,179.0,566.0,53.0,20.4,1.0
2022-07-08 07:00:00,256.0,60.0,231.0,23.5,0.9
2022-07-08 08:00:00,600.0,844.0,91.0,25.9,1.4
2022-07-08 09:00:00,782.0,894.0,102.0,27.9,2.1
2022-07-08 10:00:00,925.0,927.0,109.0,29.5,2.7
2022-07-08 11:00:00,1014.0,942.0,115.0,30.0,3.3000000000000003
2022-07-08 12:00:00,1043.0,944.0,118.0,29.9,3.5
2022-07-08 13:00:00,1012.0,951.0,108.0,29.700000000000003,3.6
2022-07-08 14:00:00,919.0,935.0,103.0,29.3,3.4000000000000004
2022-07-08 15:00:00,775.0,907.0,95.0,28.6,3.1
2022-07-08 16:00:00,591.0,858.0,84.0,27.700000000000003,2.8000000000000003
2022-07-08 17:00:00,379.0,765.0,69.0,26.3,2.4000000000000004
2022-07-08 18:00:00,167.0,576.0,48.0,24.0,2.0
2022-07-08 19:00:00,0.0,0.0,0.0,21.1,1.3
2022-07-08 20:00:00,0.0,0.0,0.0,19.8,1.1
2022-07-08 21:00:00,0.0,0.0,0.0,19.0,0.6000000000000001
2022-07-08 22:00:00,0.0,0.0,0.0,18.5,0.3
2022-07-08 23:00:00,0.0,0.0,0.0,18.3,0.4
2022-07-09 00:00:00,0.0,0.0,0.0,18.4,0.4
2022-07-09 01:00:00,0.0,0.0,0.0,18.2,0.6000000000000001
2022-07-09 02:00:00,0.0,0.0,0.0,17.900000000000002,0.9
2022-07-09 03:00:00,0.0,0.0,0.0,17.5,1.1
2022-07-09 04:00:00,0.0,0.0,0.0,17.0,1.3
2022-07-09 05:00:00,16.0,156.0,12.0,18.2,1.4
2022-07-09 06:00:00,182.0,601.0,49.0,21.200000000000003,1.4
2022-07-09 07:00:00,397.0,781.0,70.0,24.5,0.3
2022-07-09 08:00:00,608.0,871.0,84.0,27.1,1.4
2022-07-09 09:00:00,795.0,922.0,94.0,28.9,2.0
2022-07-09 10:00:00,941.0,957.0,99.0,30.5,2.6
2022-07-09 11:00:00,1031.0,971.0,105.0,31.4,3.1
2022-07-09 12:00:00,1060.0,973.0,108.0,31.8,3.4000000000000004
2022-07-09 13:00:00,1026.0,964.0,109.0,31.9,3.6
2022-07-09 14:00:00,926.0,940.0,106.0,31.4,3.6
2022-07-09 15:00:00,778.0,905.0,100.0,30.6,3.6
2022-07-09 16:00:00,586.0,845.0,88.0,29.200000000000003,3.3000000000000003
2022-07-09 17:00:00,373.0,741.0,73.0,27.5,2.9000000000000004
2022-07-09 18:00:00,163.0,545.0,50.0,25.1,2.0
2022-07-09 19:00:00,0.0,0.0,0.0,22.4,1.1
2022-07-09 20:00:00,0.0,0.0,0.0,21.4,0.7000000000000001
2022-07-09 21:00:00,0.0,0.0,0.0,21.200000000000003,0.6000000000000001
2022-07-09 22:00:00,0.0,0.0,0.0,20.9,0.6000000000000001
2022-07-09 23:00:00,0.0,0.0,0.0,20.8,0.8
2022-07-10 00:00:00,0.0,0.0,0.0,20.8,0.8
2022-07-10 01:00:00,0.0,0.0,0.0,20.3,0.8
2022-07-10 02:00:00,0.0,0.0,0.0,19.4,0.9
2022-07-10 03:00:00,0.0,0.0,0.0,18.7,0.9
2022-07-10 04:00:00,0.0,0.0,0.0,18.2,1.0
2022-07-10 05:00:00,14.0,129.0,11.0,19.6,1.2000000000000002
2022-07-10 06:00:00,174.0,561.0,51.0,22.3,1.6
2022-07-10 07:00:00,383.0,741.0,74.0,25.8,0.5
2022-07-10 08:00:00,592.0,835.0,90.0,28.9,1.4
2022-07-10 09:00:00,775.0,888.0,102.0,30.4,2.2
2022-07-10 10:00:00,912.0,901.0,121.0,31.5,2.8000000000000003
2022-07-10 11:00:00,1002.0,919.0,126.0,32.1,3.3000000000000003
2022-07-10 12:00:00,1031.0,924.0,128.0,32.300000000000004,3.7
2022-07-10 13:00:00,1005.0,941.0,111.0,32.300000000000004,3.8
2022-07-10 14:00:00,914.0,926.0,107.0,31.9,3.8
2022-07-10 15:00:00,768.0,894.0,99.0,31.1,3.7
2022-07-10 16:00:00,582.0,838.0,88.0,30.0,3.3000000000000003
2022-07-10 17:00:00,372.0,741.0,72.0,28.4,2.8000000000000003
2022-07-10 18:00:00,163.0,551.0,49.0,25.9,1.9
2022-07-10 19:00:00,0.0,0.0,0.0,22.8,0.9
2022-07-10 20:00:00,0.0,0.0,0.0,21.6,0.3
2022-07-10 21:00:00,0.0,0.0,0.0,21.0,0.5
2022-07-10 22:00:00,0.0,0.0,0.0,20.6,0.9
2022-07-10 23:00:00,0.0,0.0,0.0,20.4,1.0
2022-07-11 00:00:00,0.0,0.0,0.0,20.200000000000003,0.9
2022-07-11 01:00:00,0.0,0.0,0.0,19.8,0.9
2022-07-11 02:00:00,0.0,0.0,0.0,19.1,0.9
2022-07-11 03:00:00,0.0,0.0,0.0,18.6,0.9
2022-07-11 04:00:00,0.0,0.0,0.0,18.2,1.0
2022-07-11 05:00:00,13.0,110.0,11.0,19.200000000000003,1.0
2022-07-11 06:00:00,170.0,533.0,54.0,22.0,1.5
2022-07-11 07:00:00,379.0,717.0,81.0,24.5,1.0
2022-07-11 08:00:00,587.0,812.0,100.0,27.5,1.3
2022-07-11 09:00:00,768.0,862.0,115.0,29.6,2.1
2022-07-11 10:00:00,920.0,926.0,107.0,30.9,2.8000000000000003
2022-07-11 11:00:00,1006.0,937.0,113.0,31.6,3.1
2022-07-11 12:00:00,1035.0,940.0,117.0,31.700000000000003,3.3000000000000003
2022-07-11 13:00:00,999.0,930.0,116.0,31.5,3.4000000000000004
2022-07-11 14:00:00,903.0,906.0,112.0,31.0,3.4000000000000004
2022-07-11 15:00:00,755.0,867.0,105.0,30.1,3.3000000000000003
2022-07-11 16:00:00,569.0,807.0,94.0,28.700000000000003,3.0
2022-07-11 17:00:00,360.0,699.0,78.0,26.9,2.6
2022-07-11 18:00:00,154.0,496.0,52.0,24.4,2.0
2022-07-11 19:00:00,0.0,0.0,0.0,21.8,1.4
2022-07-11 20:00:00,0.0,0.0,0.0,20.5,1.2000000000000002
2022-07-11 21:00:00,0.0,0.0,0.0,19.6,1.1
2022-07-11 22:00:00,0.0,0.0,0.0,18.9,0.9
2022-07-11 23:00:00,0.0,0.0,0.0,18.4,0.5
2022-07-12 00:00:00,0.0,0.0,0.0,17.8,0.3
2022-07-12 01:00:00,0.0,0.0,0.0,17.400000000000002,0.3
2022-07-12 02:00:00,0.0,0.0,0.0,16.900000000000002,0.5
2022-07-12 03:00:00,0.0,0.0,0.0,16.5,0.7000000000000001
2022-07-12 04:00:00,0.0,0.0,0.0,16.2,0.8
2022-07-12 05:00:00,11.0,83.0,10.0,17.2,1.1
2022-07-12 06:00:00,43.0,0.0,43.0,19.3,1.2000000000000002
2022-07-12 07:00:00,138.0,1.0,137.0,21.5,1.3
2022-07-12 08:00:00,389.0,94.0,332.0,23.8,1.7000000000000002
2022-07-12 09:00:00,764.0,864.0,111.0,25.700000000000003,2.3000000000000003
2022-07-12 10:00:00,899.0,877.0,130.0,27.1,3.0
2022-07-12 11:00:00,986.0,893.0,135.0,27.700000000000003,3.6
2022-07-12 12:00:00,1013.0,898.0,136.0,27.8,3.8
2022-07-12 13:00:00,988.0,924.0,110.0,27.8,3.8
2022-07-12 14:00:00,896.0,907.0,106.0,27.5,3.7
2022-07-12 15:00:00,752.0,875.0,97.0,26.8,3.5
2022-07-12 16:00:00,568.0,818.0,87.0,25.5,3.2
2022-07-12 17:00:00,361.0,716.0,73.0,23.700000000000003,2.8000000000000003
2022-07-12 18:00:00,156.0,517.0,50.0,21.4,2.2
2022-07-12 19:00:00,0.0,0.0,0.0,19.5,1.6
2022-07-12 20:00:00,0.0,0.0,0.0,18.7,1.1
2022-07-12 21:00:00,0.0,0.0,0.0,18.3,0.6000000000000001
2022-07-12 22:00:00,0.0,0.0,0.0,17.8,0.5
2022-07-12 23:00:00,0.0,0.0,0.0,17.2,0.3
2022-07-13 00:00:00,0.0,0.0,0.0,16.8,0.3
2022-07-13 01:00:00,0.0,0.0,0.0,16.3,0.2
2022-07-13 02:00:00,0.0,0.0,0.0,16.0,0.2
2022-07-13 03:00:00,0.0,0.0,0.0,15.8,0.6000000000000001
2022-07-13 04:00:00,0.0,0.0,0.0,16.0,0.8
2022-07-13 05:00:00,12.0,103.0,10.0,17.400000000000002,0.8
2022-07-13 06:00:00,165.0,529.0,51.0,20.1,0.7000000000000001
2022-07-13 07:00:00,265.0,99.0,224.0,22.8,0.4
2022-07-13 08:00:00,575.0,806.0,94.0,25.6,1.2000000000000002
2022-07-13 09:00:00,757.0,862.0,106.0,27.8,2.2
2022-07-13 10:00:00,902.0,907.0,107.0,29.200000000000003,3.1
2022-07-13 11:00:00,988.0,918.0,114.0,29.700000000000003,3.5
2022-07-13 12:00:00,1012.0,915.0,118.0,29.3,3.6
2022-07-13 13:00:00,977.0,908.0,115.0,28.700000000000003,3.5
2022-07-13 14:00:00,886.0,893.0,108.0,28.3,3.2
2022-07-13 15:00:00,744.0,863.0,98.0,28.0,3.1
2022-07-13 16:00:00,563.0,809.0,87.0,27.1,3.0
2022-07-13 17:00:00,357.0,710.0,72.0,25.5,2.8000000000000003
2022-07-13 18:00:00,153.0,511.0,49.0,23.200000000000003,2.2
2022-07-13 19:00:00,0.0,0.0,0.0,20.8,1.5
2022-07-13 20:00:00,0.0,0.0,0.0,19.700000000000003,0.9
2022-07-13 21:00:00,0.0,0.0,0.0,19.1,0.5
2022-07-13 22:00:00,0.0,0.0,0.0,18.8,0.6000000000000001
2022-07-13 23:00:00,0.0,0.0,0.0,18.7,0.5
2022-07-14 00:00:00,0.0,0.0,0.0,18.8,0.6000000000000001
2022-07-14 01:00:00,0.0,0.0,0.0,18.9,0.7000000000000001
2022-07-14 02:00:00,0.0,0.0,0.0,18.9,0.8
2022-07-14 03:00:00,0.0,0.0,0.0,19.0,0.9
2022-07-14 04:00:00,0.0,0.0,0.0,19.4,0.7000000000000001
2022-07-14 05:00:00,10.0,45.0,9.0,20.3,0.2
2022-07-14 06:00:00,150.0,428.0,59.0,21.8,0.6000000000000001
2022-07-14 07:00:00,347.0,627.0,89.0,23.3,0.9
2022-07-14 08:00:00,546.0,732.0,110.0,24.8,1.3
2022-07-14 09:00:00,722.0,792.0,124.0,26.0,1.6
2022-07-14 10:00:00,861.0,834.0,130.0,27.3,1.9
2022-07-14 11:00:00,947.0,853.0,136.0,28.8,2.4000000000000004
2022-07-14 12:00:00,976.0,859.0,137.0,29.9,2.7
2022-07-14 13:00:00,946.0,857.0,133.0,30.200000000000003,2.8000000000000003
2022-07-14 14:00:00,854.0,830.0,132.0,29.700000000000003,2.9000000000000004
2022-07-14 15:00:00,713.0,786.0,126.0,28.8,2.6
2022-07-14 16:00:00,533.0,714.0,114.0,27.6,2.2
2022-07-14 17:00:00,333.0,593.0,95.0,26.200000000000003,1.8
2022-07-14 18:00:00,137.0,377.0,61.0,24.4,1.4
2022-07-14 19:00:00,0.0,0.0,0.0,22.5,1.2000000000000002
2022-07-14 20:00:00,0.0,0.0,0.0,21.700000000000003,1.1
2022-07-14 21:00:00,0.0,0.0,0.0,21.3,1.0
2022-07-14 22:00:00,0.0,0.0,0.0,20.9,0.9
2022-07-14 23:00:00,0.0,0.0,0.0,20.5,0.7000000000000001
2022-07-15 00:00:00,0.0,0.0,0.0,20.3,0.7000000000000001
2022-07-15 01:00:00,0.0,0.0,0.0,20.1,0.7000000000000001
2022-07-15 02:00:00,0.0,0.0,0.0,20.0,0.6000000000000001
2022-07-15 03:00:00,0.0,0.0,0.0,20.1,0.6000000000000001
2022-07-15 04:00:00,0.0,0.0,0.0,20.3,0.6000000000000001
2022-07-15 05:00:00,0.0,0.0,0.0,21.200000000000003,0.4
2022-07-15 06:00:00,142.0,359.0,67.0,23.3,0.6000000000000001
2022-07-15 07:00:00,337.0,569.0,104.0,26.0,0.7000000000000001
2022-07-15 08:00:00,537.0,689.0,128.0,29.0,1.3
2022-07-15 09:00:00,719.0,765.0,142.0,31.1,2.0
2022-07-15 10:00:00,826.0,716.0,200.0,32.300000000000004,2.5
2022-07-15 11:00:00,904.0,739.0,201.0,32.9,2.8000000000000003
2022-07-15 12:00:00,998.0,899.0,121.0,33.0,3.0
2022-07-15 13:00:00,968.0,898.0,117.0,33.0,3.1
2022-07-15 14:00:00,876.0,879.0,112.0,32.7,3.1
2022-07-15 15:00:00,735.0,846.0,104.0,32.1,3.0
2022-07-15 16:00:00,553.0,787.0,92.0,31.0,2.8000000000000003
2022-07-15 17:00:00,350.0,686.0,75.0,29.5,2.3000000000000003
2022-07-15 18:00:00,148.0,482.0,51.0,27.200000000000003,1.6
2022-07-15 19:00:00,0.0,0.0,0.0,24.4,0.9
2022-07-15 20:00:00,0.0,0.0,0.0,23.4,1.0
2022-07-15 21:00:00,0.0,0.0,0.0,22.8,0.8
2022-07-15 22:00:00,0.0,0.0,0.0,22.3,0.7000000000000001
2022-07-15 23:00:00,0.0,0.0,0.0,22.1,0.7000000000000001
2022-07-16 00:00:00,0.0,0.0,0.0,21.9,0.7000000000000001
2022-07-16 01:00:00,0.0,0.0,0.0,21.8,0.6000000000000001
2022-07-16 02:00:00,0.0,0.0,0.0,21.5,0.7000000000000001
2022-07-16 03:00:00,0.0,0.0,0.0,21.4,0.8
2022-07-16 04:00:00,0.0,0.0,0.0,21.4,0.8
2022-07-16 05:00:00,0.0,0.0,0.0,22.3,0.7000000000000001
2022-07-16 06:00:00,154.0,482.0,53.0,24.700000000000003,0.8
2022-07-16 07:00:00,356.0,677.0,80.0,27.3,0.8
2022-07-16 08:00:00,558.0,775.0,98.0,29.5,1.3
2022-07-16 09:00:00,736.0,829.0,113.0,31.6,1.8
2022-07-16 10:00:00,876.0,861.0,123.0,33.300000000000004,2.4000000000000004
2022-07-16 11:00:00,960.0,873.0,130.0,34.0,2.9000000000000004
2022-07-16 12:00:00,986.0,873.0,135.0,34.1,3.2
2022-07-16 13:00:00,958.0,884.0,121.0,34.0,3.4000000000000004
2022-07-16 14:00:00,867.0,862.0,117.0,33.5,3.4000000000000004
2022-07-16 15:00:00,725.0,826.0,109.0,32.7,3.3000000000000003
2022-07-16 16:00:00,544.0,763.0,98.0,31.4,3.0
2022-07-16 17:00:00,342.0,655.0,81.0,29.6,2.7
2022-07-16 18:00:00,142.0,441.0,54.0,26.700000000000003,2.5
2022-07-16 19:00:00,0.0,0.0,0.0,23.9,1.7000000000000002
2022-07-16 20:00:00,0.0,0.0,0.0,23.0,0.7000000000000001
2022-07-16 21:00:00,0.0,0.0,0.0,23.3,0.7000000000000001
2022-07-16 22:00:00,0.0,0.0,0.0,23.6,0.6000000000000001
2022-07-16 23:00:00,0.0,0.0,0.0,23.700000000000003,0.3
2022-07-17 00:00:00,0.0,0.0,0.0,23.200000000000003,0.6000000000000001
2022-07-17 01:00:00,0.0,0.0,0.0,22.5,0.7000000000000001
2022-07-17 02:00:00,0.0,0.0,0.0,21.8,0.5
2022-07-17 03:00:00,0.0,0.0,0.0,21.5,0.6000000000000001
2022-07-17 04:00:00,0.0,0.0,0.0,21.5,0.9
2022-07-17 05:00:00,0.0,0.0,0.0,22.700000000000003,1.0
2022-07-17 06:00:00,148.0,448.0,55.0,25.4,1.1
2022-07-17 07:00:00,346.0,640.0,86.0,28.3,2.1
2022-07-17 08:00:00,544.0,734.0,109.0,29.6,3.7
2022-07-17 09:00:00,720.0,791.0,126.0,30.0,3.7
2022-07-17 10:00:00,863.0,843.0,128.0,30.8,2.9000000000000004
2022-07-17 11:00:00,949.0,860.0,134.0,31.8,2.9000000000000004
2022-07-17 12:00:00,979.0,863.0,139.0,32.300000000000004,3.4000000000000004
2022-07-17 13:00:00,947.0,854.0,138.0,31.6,4.1000000000000005
2022-07-17 14:00:00,858.0,835.0,132.0,29.8,3.6
2022-07-17 15:00:00,716.0,795.0,123.0,28.4,2.4000000000000004
2022-07-17 16:00:00,535.0,725.0,111.0,27.700000000000003,1.4
2022-07-17 17:00:00,334.0,617.0,88.0,27.4,1.0
2022-07-17 18:00:00,139.0,426.0,55.0,26.4,1.1
2022-07-17 19:00:00,0.0,0.0,0.0,24.4,1.1
2022-07-17 20:00:00,0.0,0.0,0.0,23.3,1.1
2022-07-17 21:00:00,0.0,0.0,0.0,22.5,1.0
2022-07-17 22:00:00,0.0,0.0,0.0,22.0,1.0
2022-07-17 23:00:00,0.0,0.0,0.0,21.6,1.1
2022-07-18 00:00:00,0.0,0.0,0.0,21.6,1.2000000000000002
2022-07-18 01:00:00,0.0,0.0,0.0,21.700000000000003,1.3
2022-07-18 02:00:00,0.0,0.0,0.0,22.0,1.3
2022-07-18 03:00:00,0.0,0.0,0.0,22.3,1.0
2022-07-18 04:00:00,0.0,0.0,0.0,22.5,0.6000000000000001
2022-07-18 05:00:00,0.0,0.0,0.0,23.1,0.6000000000000001
2022-07-18 06:00:00,144.0,418.0,58.0,24.9,0.9
2022-07-18 07:00:00,344.0,639.0,86.0,27.200000000000003,1.2000000000000002
2022-07-18 08:00:00,546.0,751.0,103.0,29.700000000000003,1.5
2022-07-18 09:00:00,727.0,815.0,116.0,31.3,2.1
2022-07-18 10:00:00,873.0,872.0,112.0,32.6,2.7
2022-07-18 11:00:00,959.0,885.0,119.0,33.2,3.2
2022-07-18 12:00:00,987.0,887.0,124.0,33.1,3.5
2022-07-18 13:00:00,955.0,877.0,124.0,32.9,3.5
2022-07-18 14:00:00,864.0,857.0,120.0,32.5,3.5
2022-07-18 15:00:00,722.0,821.0,111.0,31.8,3.3000000000000003
2022-07-18 16:00:00,542.0,762.0,97.0,30.700000000000003,3.1
2022-07-18 17:00:00,340.0,656.0,79.0,29.1,2.7
2022-07-18 18:00:00,141.0,453.0,51.0,26.9,2.1
2022-07-18 19:00:00,0.0,0.0,0.0,24.6,1.6
2022-07-18 20:00:00,0.0,0.0,0.0,23.3,1.3
2022-07-18 21:00:00,0.0,0.0,0.0,22.5,1.0
2022-07-18 22:00:00,0.0,0.0,0.0,22.0,0.7000000000000001
2022-07-18 23:00:00,0.0,0.0,0.0,21.5,0.3
2022-07-19 00:00:00,0.0,0.0,0.0,21.200000000000003,0.3
2022-07-19 01:00:00,0.0,0.0,0.0,20.9,0.4
2022-07-19 02:00:00,0.0,0.0,0.0,20.8,0.5
2022-07-19 03:00:00,0.0,0.0,0.0,20.8,0.5
2022-07-19 04:00:00,0.0,0.0,0.0,20.700000000000003,0.6000000000000001
2022-07-19 05:00:00,0.0,0.0,0.0,21.700000000000003,0.8
2022-07-19 06:00:00,148.0,479.0,51.0,24.4,0.9
2022-07-19 07:00:00,350.0,678.0,76.0,27.200000000000003,0.8
2022-07-19 08:00:00,554.0,781.0,94.0,29.700000000000003,1.5
2022-07-19 09:00:00,735.0,840.0,106.0,31.5,2.2
2022-07-19 10:00:00,881.0,889.0,107.0,33.0,2.7
2022-07-19 11:00:00,973.0,908.0,113.0,33.6,3.3000000000000003
2022-07-19 12:00:00,1002.0,912.0,115.0,33.7,3.6
2022-07-19 13:00:00,973.0,910.0,112.0,33.5,3.7
2022-07-19 14:00:00,883.0,895.0,107.0,33.1,3.6
2022-07-19 15:00:00,740.0,862.0,99.0,32.4,3.4000000000000004
2022-07-19 16:00:00,556.0,806.0,86.0,31.3,3.1
2022-07-19 17:00:00,350.0,706.0,70.0,29.9,2.6
2022-07-19 18:00:00,146.0,507.0,47.0,27.6,1.8
2022-07-19 19:00:00,0.0,0.0,0.0,24.9,1.0
2022-07-19 20:00:00,0.0,0.0,0.0,23.9,0.7000000000000001
2022-07-19 21:00:00,0.0,0.0,0.0,23.4,0.3
2022-07-19 22:00:00,0.0,0.0,0.0,23.0,0.4
2022-07-19 23:00:00,0.0,0.0,0.0,22.3,0.9
2022-07-20 00:00:00,0.0,0.0,0.0,21.6,1.0
2022-07-20 01:00:00,0.0,0.0,0.0,20.9,0.8
2022-07-20 02:00:00,0.0,0.0,0.0,20.5,0.8
2022-07-20 03:00:00,0.0,0.0,0.0,20.4,0.8
2022-07-20 04:00:00,0.0,0.0,0.0,20.4,0.8
2022-07-20 05:00:00,0.0,0.0,0.0,21.3,1.4
2022-07-20 06:00:00,144.0,457.0,52.0,23.5,2.0
2022-07-20 07:00:00,345.0,663.0,79.0,25.8,2.1
2022-07-20 08:00:00,549.0,770.0,97.0,27.6,2.1
2022-07-20 09:00:00,731.0,832.0,108.0,29.200000000000003,2.4000000000000004
2022-07-20 10:00:00,713.0,479.0,297.0,30.700000000000003,2.6
2022-07-20 11:00:00,795.0,526.0,297.0,31.700000000000003,2.9000000000000004
2022-07-20 12:00:00,902.0,708.0,214.0,32.1,3.3000000000000003
2022-07-20 13:00:00,965.0,899.0,116.0,32.0,3.6
2022-07-20 14:00:00,873.0,878.0,113.0,31.5,3.7
2022-07-20 15:00:00,731.0,843.0,105.0,30.6,3.5
2022-07-20 16:00:00,549.0,783.0,94.0,29.5,3.0
2022-07-20 17:00:00,343.0,674.0,77.0,28.1,2.4000000000000004
2022-07-20 18:00:00,141.0,462.0,51.0,25.9,1.6
2022-07-20 19:00:00,0.0,0.0,0.0,23.8,0.6000000000000001
2022-07-20 20:00:00,0.0,0.0,0.0,22.9,0.1
2022-07-20 21:00:00,0.0,0.0,0.0,22.3,0.3
2022-07-20 22:00:00,0.0,0.0,0.0,21.9,0.3
2022-07-20 23:00:00,0.0,0.0,0.0,21.700000000000003,0.4
2022-07-21 00:00:00,0.0,0.0,0.0,21.700000000000003,0.6000000000000001
2022-07-21 01:00:00,0.0,0.0,0.0,21.4,0.8
2022-07-21 02:00:00,0.0,0.0,0.0,21.0,0.8
2022-07-21 03:00:00,0.0,0.0,0.0,20.5,0.8
2022-07-21 04:00:00,0.0,0.0,0.0,20.200000000000003,0.8
2022-07-21 05:00:00,0.0,0.0,0.0,20.9,1.2000000000000002
2022-07-21 06:00:00,125.0,143.0,96.0,23.1,1.5
2022-07-21 07:00:00,325.0,452.0,144.0,25.9,0.9
2022-07-21 08:00:00,437.0,225.0,305.0,28.3,0.9
2022-07-21 09:00:00,739.0,846.0,108.0,30.6,1.5
2022-07-21 10:00:00,825.0,696.0,220.0,32.9,2.1
2022-07-21 11:00:00,973.0,898.0,124.0,34.300000000000004,2.7
2022-07-21 12:00:00,951.0,774.0,199.0,34.800000000000004,3.2
2022-07-21 13:00:00,919.0,749.0,212.0,34.6,3.7
2022-07-21 14:00:00,651.0,310.0,383.0,34.0,3.9
2022-07-21 15:00:00,615.0,468.0,268.0,33.1,3.9
2022-07-21 16:00:00,531.0,587.0,190.0,31.8,3.8
2022-07-21 17:00:00,332.0,464.0,149.0,29.9,3.4000000000000004
2022-07-21 18:00:00,130.0,202.0,91.0,26.700000000000003,2.9000000000000004
2022-07-21 19:00:00,0.0,0.0,0.0,23.4,2.1
2022-07-21 20:00:00,0.0,0.0,0.0,21.8,1.4
2022-07-21 21:00:00,0.0,0.0,0.0,20.9,1.1
2022-07-21 22:00:00,0.0,0.0,0.0,20.6,1.1
2022-07-21 23:00:00,0.0,0.0,0.0,20.4,1.0
2022-07-22 00:00:00,0.0,0.0,0.0,20.1,0.5
2022-07-22 01:00:00,0.0,0.0,0.0,19.8,0.4
2022-07-22 02:00:00,0.0,0.0,0.0,19.1,0.5
2022-07-22 03:00:00,0.0,0.0,0.0,18.6,0.5
2022-07-22 04:00:00,0.0,0.0,0.0,18.4,0.6000000000000001
2022-07-22 05:00:00,0.0,0.0,0.0,19.1,0.9
2022-07-22 06:00:00,109.0,54.0,98.0,21.200000000000003,1.2000000000000002
2022-07-22 07:00:00,235.0,122.0,187.0,24.200000000000003,1.6
2022-07-22 08:00:00,429.0,299.0,255.0,26.6,2.1
2022-07-22 09:00:00,580.0,249.0,394.0,28.5,2.2
2022-07-22 10:00:00,878.0,880.0,114.0,30.5,2.4000000000000004
2022-07-22 11:00:00,970.0,896.0,123.0,32.0,3.0
2022-07-22 12:00:00,999.0,898.0,128.0,32.800000000000004,3.6
2022-07-22 13:00:00,967.0,892.0,126.0,33.0,4.1000000000000005
2022-07-22 14:00:00,873.0,864.0,126.0,32.7,3.9
2022-07-22 15:00:00,725.0,820.0,119.0,32.300000000000004,3.5
2022-07-22 16:00:00,541.0,752.0,106.0,31.4,3.5
2022-07-22 17:00:00,335.0,637.0,86.0,29.4,3.3000000000000003
2022-07-22 18:00:00,134.0,418.0,54.0,26.200000000000003,2.9000000000000004
2022-07-22 19:00:00,0.0,0.0,0.0,23.5,2.2
2022-07-22 20:00:00,0.0,0.0,0.0,21.9,1.9
2022-07-22 21:00:00,0.0,0.0,0.0,21.0,1.4
2022-07-22 22:00:00,0.0,0.0,0.0,20.700000000000003,1.0
2022-07-22 23:00:00,0.0,0.0,0.0,20.5,0.7000000000000001
2022-07-23 00:00:00,0.0,0.0,0.0,20.4,0.8
2022-07-23 01:00:00,0.0,0.0,0.0,20.200000000000003,0.6000000000000001
2022-07-23 02:00:00,0.0,0.0,0.0,19.8,0.4
2022-07-23 03:00:00,0.0,0.0,0.0,19.200000000000003,0.3
2022-07-23 04:00:00,0.0,0.0,0.0,18.6,0.4
2022-07-23 05:00:00,0.0,0.0,0.0,18.9,0.9
2022-07-23 06:00:00,60.0,1.0,60.0,20.700000000000003,1.3
2022-07-23 07:00:00,169.0,25.0,159.0,23.200000000000003,1.3
2022-07-23 08:00:00,290.0,36.0,269.0,25.5,1.4
2022-07-23 09:00:00,728.0,802.0,131.0,27.9,1.9
2022-07-23 10:00:00,860.0,801.0,166.0,30.200000000000003,2.6
2022-07-23 11:00:00,949.0,822.0,173.0,31.700000000000003,3.4000000000000004
2022-07-23 12:00:00,981.0,829.0,177.0,32.6,3.9
2022-07-23 13:00:00,961.0,869.0,142.0,32.7,4.3
2022-07-23 14:00:00,867.0,844.0,137.0,32.1,4.5
2022-07-23 15:00:00,723.0,803.0,129.0,30.9,4.5
2022-07-23 16:00:00,538.0,732.0,115.0,29.200000000000003,4.2
2022-07-23 17:00:00,332.0,610.0,93.0,27.0,3.6
2022-07-23 18:00:00,131.0,381.0,58.0,24.0,2.8000000000000003
2022-07-23 19:00:00,0.0,0.0,0.0,21.3,2.0
2022-07-23 20:00:00,0.0,0.0,0.0,19.8,1.3
2022-07-23 21:00:00,0.0,0.0,0.0,19.0,0.8
2022-07-23 22:00:00,0.0,0.0,0.0,18.8,0.5
2022-07-23 23:00:00,0.0,0.0,0.0,18.7,0.3
2022-07-24 00:00:00,0.0,0.0,0.0,18.6,0.4
2022-07-24 01:00:00,0.0,0.0,0.0,18.4,0.6000000000000001
2022-07-24 02:00:00,0.0,0.0,0.0,18.1,0.7000000000000001
2022-07-24 03:00:00,0.0,0.0,0.0,17.900000000000002,0.8
2022-07-24 04:00:00,0.0,0.0,0.0,17.7,0.8
2022-07-24 05:00:00,0.0,0.0,0.0,18.4,1.0
2022-07-24 06:00:00,138.0,406.0,59.0,20.4,1.2000000000000002
2022-07-24 07:00:00,101.0,0.0,101.0,23.200000000000003,1.3
2022-07-24 08:00:00,201.0,1.0,200.0,25.8,1.7000000000000002
2022-07-24 09:00:00,733.0,818.0,125.0,27.8,2.3000000000000003
2022-07-24 10:00:00,880.0,870.0,127.0,29.200000000000003,2.9000000000000004
2022-07-24 11:00:00,968.0,885.0,134.0,29.8,3.4000000000000004
2022-07-24 12:00:00,998.0,888.0,138.0,29.8,3.6
2022-07-24 13:00:00,967.0,886.0,133.0,29.4,3.8
2022-07-24 14:00:00,878.0,870.0,127.0,28.700000000000003,3.7
2022-07-24 15:00:00,733.0,836.0,116.0,27.5,3.5
2022-07-24 16:00:00,548.0,776.0,101.0,25.8,2.9000000000000004
2022-07-24 17:00:00,341.0,668.0,81.0,24.1,2.3000000000000003
2022-07-24 18:00:00,136.0,445.0,52.0,21.9,1.7000000000000002
2022-07-24 19:00:00,0.0,0.0,0.0,20.4,1.5
2022-07-24 20:00:00,0.0,0.0,0.0,19.700000000000003,1.4
2022-07-24 21:00:00,0.0,0.0,0.0,19.200000000000003,1.1
2022-07-24 22:00:00,0.0,0.0,0.0,18.7,0.7000000000000001
2022-07-24 23:00:00,0.0,0.0,0.0,18.2,0.5
2022-07-25 00:00:00,0.0,0.0,0.0,17.900000000000002,0.3
2022-07-25 01:00:00,0.0,0.0,0.0,17.6,0.1
2022-07-25 02:00:00,0.0,0.0,0.0,17.3,0.4
2022-07-25 03:00:00,0.0,0.0,0.0,17.0,0.6000000000000001
2022-07-25 04:00:00,0.0,0.0,0.0,16.900000000000002,0.6000000000000001
2022-07-25 05:00:00,0.0,0.0,0.0,17.7,0.7000000000000001
2022-07-25 06:00:00,137.0,415.0,57.0,19.8,1.0
2022-07-25 07:00:00,181.0,13.0,176.0,22.0,1.3
2022-07-25 08:00:00,551.0,765.0,106.0,24.200000000000003,1.6
2022-07-25 09:00:00,737.0,835.0,118.0,26.4,1.9
2022-07-25 10:00:00,885.0,887.0,118.0,28.5,2.3000000000000003
2022-07-25 11:00:00,977.0,908.0,121.0,30.4,2.6
2022-07-25 12:00:00,1010.0,918.0,122.0,31.200000000000003,3.0
2022-07-25 13:00:00,974.0,901.0,127.0,31.4,3.2
2022-07-25 14:00:00,881.0,882.0,121.0,30.9,3.4000000000000004
2022-07-25 15:00:00,735.0,844.0,113.0,29.9,3.4000000000000004
2022-07-25 16:00:00,548.0,777.0,101.0,28.4,3.2
2022-07-25 17:00:00,338.0,661.0,83.0,26.3,2.9000000000000004
2022-07-25 18:00:00,133.0,430.0,53.0,23.5,2.4000000000000004
2022-07-25 19:00:00,0.0,0.0,0.0,20.8,1.9
2022-07-25 20:00:00,0.0,0.0,0.0,19.5,1.4
2022-07-25 21:00:00,0.0,0.0,0.0,18.8,1.1
2022-07-25 22:00:00,0.0,0.0,0.0,18.3,0.8
2022-07-25 23:00:00,0.0,0.0,0.0,18.0,0.5
2022-07-26 00:00:00,0.0,0.0,0.0,17.900000000000002,0.2
2022-07-26 01:00:00,0.0,0.0,0.0,17.900000000000002,0.2
2022-07-26 02:00:00,0.0,0.0,0.0,17.900000000000002,0.3
2022-07-26 03:00:00,0.0,0.0,0.0,17.8,0.4
2022-07-26 04:00:00,0.0,0.0,0.0,17.7,0.5
2022-07-26 05:00:00,0.0,0.0,0.0,18.4,0.6000000000000001
2022-07-26 06:00:00,131.0,362.0,63.0,20.200000000000003,0.7000000000000001
2022-07-26 07:00:00,332.0,591.0,101.0,22.4,0.7000000000000001
2022-07-26 08:00:00,539.0,719.0,122.0,25.1,1.2000000000000002
2022-07-26 09:00:00,723.0,793.0,137.0,27.3,1.8
2022-07-26 10:00:00,878.0,876.0,121.0,29.200000000000003,2.4000000000000004
2022-07-26 11:00:00,971.0,899.0,126.0,30.3,3.1
2022-07-26 12:00:00,1002.0,904.0,128.0,30.6,3.5
2022-07-26 13:00:00,978.0,924.0,110.0,30.5,3.7
2022-07-26 14:00:00,885.0,906.0,105.0,30.1,3.7
2022-07-26 15:00:00,739.0,872.0,97.0,29.4,3.5
2022-07-26 16:00:00,552.0,813.0,86.0,28.3,3.1
2022-07-26 17:00:00,343.0,707.0,71.0,26.6,2.7
2022-07-26 18:00:00,136.0,490.0,46.0,24.200000000000003,2.0
2022-07-26 19:00:00,0.0,0.0,0.0,21.700000000000003,1.3
2022-07-26 20:00:00,0.0,0.0,0.0,20.6,0.9
2022-07-26 21:00:00,0.0,0.0,0.0,20.0,0.5
2022-07-26 22:00:00,0.0,0.0,0.0,19.6,0.3
2022-07-26 23:00:00,0.0,0.0,0.0,19.200000000000003,0.1
2022-07-27 00:00:00,0.0,0.0,0.0,19.0,0.2
2022-07-27 01:00:00,0.0,0.0,0.0,18.8,0.3
2022-07-27 02:00:00,0.0,0.0,0.0,18.5,0.4
2022-07-27 03:00:00,0.0,0.0,0.0,18.2,0.5
2022-07-27 04:00:00,0.0,0.0,0.0,17.8,0.6000000000000001
2022-07-27 05:00:00,0.0,0.0,0.0,18.4,0.7000000000000001
2022-07-27 06:00:00,80.0,3.0,80.0,20.200000000000003,0.8
2022-07-27 07:00:00,200.0,23.0,191.0,22.4,0.7000000000000001
2022-07-27 08:00:00,418.0,192.0,307.0,24.9,1.0
2022-07-27 09:00:00,721.0,810.0,123.0,27.200000000000003,1.7000000000000002
2022-07-27 10:00:00,872.0,881.0,112.0,28.9,2.3000000000000003
2022-07-27 11:00:00,960.0,890.0,124.0,29.8,2.9000000000000004
2022-07-27 12:00:00,988.0,892.0,127.0,30.0,3.2
2022-07-27 13:00:00,955.0,876.0,133.0,29.9,3.3000000000000003
2022-07-27 14:00:00,863.0,856.0,128.0,29.5,3.3000000000000003
2022-07-27 15:00:00,720.0,821.0,117.0,28.8,3.1
2022-07-27 16:00:00,536.0,759.0,102.0,27.8,2.7
2022-07-27 17:00:00,330.0,646.0,82.0,26.5,2.2
2022-07-27 18:00:00,127.0,419.0,51.0,24.3,1.5
2022-07-27 19:00:00,0.0,0.0,0.0,22.1,0.9
2022-07-27 20:00:00,0.0,0.0,0.0,21.1,0.4
2022-07-27 21:00:00,0.0,0.0,0.0,20.6,0.2
2022-07-27 22:00:00,0.0,0.0,0.0,20.1,0.4
2022-07-27 23:00:00,0.0,0.0,0.0,19.8,0.7000000000000001
2022-07-28 00:00:00,0.0,0.0,0.0,19.6,0.8
2022-07-28 01:00:00,0.0,0.0,0.0,19.3,1.0
2022-07-28 02:00:00,0.0,0.0,0.0,18.9,1.0
2022-07-28 03:00:00,0.0,0.0,0.0,18.6,0.9
2022-07-28 04:00:00,0.0,0.0,0.0,18.3,0.9
2022-07-28 05:00:00,0.0,0.0,0.0,19.1,1.2000000000000002
2022-07-28 06:00:00,47.0,0.0,46.0,21.0,1.4
2022-07-28 07:00:00,158.0,8.0,155.0,23.200000000000003,1.1
2022-07-28 08:00:00,181.0,1.0,181.0,25.5,1.1
2022-07-28 09:00:00,604.0,449.0,273.0,27.8,1.6
2022-07-28 10:00:00,844.0,810.0,146.0,29.5,2.2
2022-07-28 11:00:00,585.0,166.0,429.0,30.700000000000003,2.4000000000000004
2022-07-28 12:00:00,963.0,832.0,160.0,31.5,2.7
2022-07-28 13:00:00,817.0,532.0,318.0,31.6,2.8000000000000003
2022-07-28 14:00:00,418.0,26.0,397.0,31.4,2.8000000000000003
2022-07-28 15:00:00,697.0,765.0,137.0,30.700000000000003,2.6
2022-07-28 16:00:00,516.0,692.0,121.0,29.6,2.5
2022-07-28 17:00:00,313.0,565.0,97.0,27.9,2.2
2022-07-28 18:00:00,118.0,334.0,58.0,25.4,1.8
2022-07-28 19:00:00,0.0,0.0,0.0,23.3,1.2000000000000002
2022-07-28 20:00:00,0.0,0.0,0.0,22.3,1.0
2022-07-28 21:00:00,0.0,0.0,0.0,21.700000000000003,1.1
2022-07-28 22:00:00,0.0,0.0,0.0,21.3,0.9
2022-07-28 23:00:00,0.0,0.0,0.0,20.9,0.8
2022-07-29 00:00:00,0.0,0.0,0.0,20.5,1.1
2022-07-29 01:00:00,0.0,0.0,0.0,20.1,1.3
2022-07-29 02:00:00,0.0,0.0,0.0,19.700000000000003,1.2000000000000002
2022-07-29 03:00:00,0.0,0.0,0.0,19.4,1.0
2022-07-29 04:00:00,0.0,0.0,0.0,19.4,1.0
2022-07-29 05:00:00,0.0,0.0,0.0,19.9,1.4
2022-07-29 06:00:00,118.0,302.0,63.0,21.9,1.8
2022-07-29 07:00:00,312.0,533.0,107.0,24.4,1.9
2022-07-29 08:00:00,514.0,660.0,134.0,27.0,2.1
2022-07-29 09:00:00,696.0,738.0,153.0,29.3,2.2
2022-07-29 10:00:00,854.0,851.0,122.0,31.1,2.5
2022-07-29 11:00:00,944.0,870.0,128.0,32.1,2.8000000000000003
2022-07-29 12:00:00,976.0,877.0,130.0,32.4,3.0
2022-07-29 13:00:00,933.0,829.0,157.0,32.300000000000004,3.1
2022-07-29 14:00:00,840.0,802.0,153.0,31.700000000000003,3.1
2022-07-29 15:00:00,696.0,758.0,142.0,30.700000000000003,3.1
2022-07-29 16:00:00,515.0,687.0,124.0,29.200000000000003,2.9000000000000004
2022-07-29 17:00:00,311.0,562.0,98.0,27.1,2.5
2022-07-29 18:00:00,116.0,333.0,57.0,24.700000000000003,1.7000000000000002
2022-07-29 19:00:00,0.0,0.0,0.0,23.0,1.4
2022-07-29 20:00:00,0.0,0.0,0.0,22.4,1.5
2022-07-29 21:00:00,0.0,0.0,0.0,21.8,1.5
2022-07-29 22:00:00,0.0,0.0,0.0,21.3,1.5
2022-07-29 23:00:00,0.0,0.0,0.0,20.9,1.4
2022-07-30 00:00:00,0.0,0.0,0.0,20.6,1.2000000000000002
2022-07-30 01:00:00,0.0,0.0,0.0,20.5,1.0
2022-07-30 02:00:00,0.0,0.0,0.0,20.6,1.0
2022-07-30 03:00:00,0.0,0.0,0.0,20.8,1.3
2022-07-30 04:00:00,0.0,0.0,0.0,20.8,1.8
2022-07-30 05:00:00,0.0,0.0,0.0,20.6,2.0
2022-07-30 06:00:00,7.0,0.0,7.0,20.8,2.0
2022-07-30 07:00:00,70.0,0.0,70.0,21.3,2.2
2022-07-30 08:00:00,100.0,0.0,100.0,22.1,2.2
2022-07-30 09:00:00,92.0,0.0,92.0,23.6,1.8
2022-07-30 10:00:00,409.0,67.0,352.0,25.5,1.2000000000000002
2022-07-30 11:00:00,566.0,151.0,424.0,27.6,1.6
2022-07-30 12:00:00,286.0,1.0,286.0,28.6,2.3000000000000003
2022-07-30 13:00:00,632.0,241.0,407.0,29.0,2.5
2022-07-30 14:00:00,828.0,811.0,134.0,29.0,2.3000000000000003
2022-07-30 15:00:00,687.0,772.0,124.0,28.6,2.1
2022-07-30 16:00:00,508.0,704.0,109.0,27.9,2.1
2022-07-30 17:00:00,292.0,388.0,146.0,26.9,2.2
2022-07-30 18:00:00,21.0,0.0,21.0,25.3,1.8
2022-07-30 19:00:00,0.0,0.0,0.0,23.700000000000003,1.1
2022-07-30 20:00:00,0.0,0.0,0.0,23.0,0.5
2022-07-30 21:00:00,0.0,0.0,0.0,22.700000000000003,0.4
2022-07-30 22:00:00,0.0,0.0,0.0,22.4,0.7000000000000001
2022-07-30 23:00:00,0.0,0.0,0.0,22.200000000000003,0.8
2022-07-31 00:00:00,0.0,0.0,0.0,22.0,0.8
2022-07-31 01:00:00,0.0,0.0,0.0,21.9,0.7000000000000001
2022-07-31 02:00:00,0.0,0.0,0.0,21.9,0.6000000000000001
2022-07-31 03:00:00,0.0,0.0,0.0,21.9,0.6000000000000001
2022-07-31 04:00:00,0.0,0.0,0.0,21.700000000000003,0.7000000000000001
2022-07-31 05:00:00,0.0,0.0,0.0,21.9,1.3
2022-07-31 06:00:00,93.0,23.0,89.0,22.8,2.1
2022-07-31 07:00:00,144.0,4.0,143.0,23.8,2.6
2022-07-31 08:00:00,511.0,692.0,116.0,24.1,2.6
2022-07-31 09:00:00,689.0,759.0,132.0,24.4,2.3000000000000003
2022-07-31 10:00:00,638.0,223.0,447.0,25.1,2.0
2022-07-31 11:00:00,272.0,0.0,272.0,26.0,1.4
2022-07-31 12:00:00,560.0,102.0,462.0,27.3,0.6000000000000001
2022-07-31 13:00:00,440.0,21.0,421.0,28.3,0.6000000000000001
2022-07-31 14:00:00,596.0,270.0,366.0,28.6,1.5
2022-07-31 15:00:00,377.0,88.0,313.0,28.5,2.1
2022-07-31 16:00:00,175.0,1.0,175.0,27.9,2.4000000000000004
2022-07-31 17:00:00,145.0,6.0,143.0,27.0,2.4000000000000004
2022-07-31 18:00:00,26.0,0.0,26.0,25.6,1.8
2022-07-31 19:00:00,0.0,0.0,0.0,24.4,1.2000000000000002
2022-07-31 20:00:00,0.0,0.0,0.0,23.8,0.8
2022-07-31 21:00:00,0.0,0.0,0.0,23.3,0.7000000000000001
2022-07-31 22:00:00,0.0,0.0,0.0,22.6,1.0
2022-07-31 23:00:00,0.0,0.0,0.0,21.8,1.3
2022-08-01 00:00:00,0.0,0.0,0.0,21.1,1.3
2022-08-01 01:00:00,0.0,0.0,0.0,20.6,0.9
2022-08-01 02:00:00,0.0,0.0,0.0,20.4,0.3
2022-08-01 03:00:00,0.0,0.0,0.0,20.3,0.2
2022-08-01 04:00:00,0.0,0.0,0.0,20.4,0.5
2022-08-01 05:00:00,0.0,0.0,0.0,21.3,0.8
2022-08-01 06:00:00,116.0,338.0,56.0,23.5,0.6000000000000001
2022-08-01 07:00:00,310.0,568.0,94.0,26.200000000000003,0.7000000000000001
2022-08-01 08:00:00,484.0,398.0,257.0,27.8,1.6
2022-08-01 09:00:00,692.0,760.0,136.0,28.8,2.1
2022-08-01 10:00:00,840.0,827.0,132.0,29.9,2.6
2022-08-01 11:00:00,517.0,89.0,434.0,31.0,2.9000000000000004
2022-08-01 12:00:00,737.0,377.0,375.0,31.6,3.2
2022-08-01 13:00:00,829.0,608.0,262.0,31.700000000000003,3.5
2022-08-01 14:00:00,678.0,423.0,317.0,31.200000000000003,3.6
2022-08-01 15:00:00,605.0,524.0,225.0,30.4,3.5
2022-08-01 16:00:00,365.0,204.0,250.0,29.4,3.3000000000000003
2022-08-01 17:00:00,282.0,304.0,168.0,27.9,2.9000000000000004
2022-08-01 18:00:00,115.0,403.0,47.0,25.700000000000003,2.3000000000000003
2022-08-01 19:00:00,0.0,0.0,0.0,23.8,1.4
2022-08-01 20:00:00,0.0,0.0,0.0,22.700000000000003,0.5
2022-08-01 21:00:00,0.0,0.0,0.0,22.200000000000003,0.3
2022-08-01 22:00:00,0.0,0.0,0.0,21.8,0.4
2022-08-01 23:00:00,0.0,0.0,0.0,21.4,0.4
2022-08-02 00:00:00,0.0,0.0,0.0,21.1,0.4
2022-08-02 01:00:00,0.0,0.0,0.0,20.9,0.3
2022-08-02 02:00:00,0.0,0.0,0.0,20.6,0.2
2022-08-02 03:00:00,0.0,0.0,0.0,20.4,0.1
2022-08-02 04:00:00,0.0,0.0,0.0,20.1,0.1
2022-08-02 05:00:00,0.0,0.0,0.0,20.4,0.2
2022-08-02 06:00:00,119.0,409.0,48.0,22.3,0.5
2022-08-02 07:00:00,318.0,634.0,78.0,24.700000000000003,1.1
2022-08-02 08:00:00,522.0,747.0,98.0,26.9,1.6
2022-08-02 09:00:00,704.0,812.0,111.0,29.1,2.0
2022-08-02 10:00:00,849.0,860.0,114.0,31.1,2.6
2022-08-02 11:00:00,938.0,877.0,121.0,32.2,3.2
2022-08-02 12:00:00,968.0,879.0,125.0,32.6,3.8
2022-08-02 13:00:00,937.0,879.0,120.0,32.5,4.2
2022-08-02 14:00:00,842.0,852.0,118.0,32.0,4.4
2022-08-02 15:00:00,698.0,811.0,110.0,31.0,4.4
2022-08-02 16:00:00,513.0,740.0,98.0,29.6,4.2
2022-08-02 17:00:00,308.0,617.0,79.0,27.9,3.6
2022-08-02 18:00:00,110.0,372.0,48.0,25.700000000000003,2.6
2022-08-02 19:00:00,0.0,0.0,0.0,23.8,1.6
2022-08-02 20:00:00,0.0,0.0,0.0,22.8,0.8
2022-08-02 21:00:00,0.0,0.0,0.0,22.200000000000003,0.4
2022-08-02 22:00:00,0.0,0.0,0.0,22.0,0.5
2022-08-02 23:00:00,0.0,0.0,0.0,22.0,0.6000000000000001
2022-08-03 00:00:00,0.0,0.0,0.0,22.0,0.7000000000000001
2022-08-03 01:00:00,0.0,0.0,0.0,21.9,0.7000000000000001
2022-08-03 02:00:00,0.0,0.0,0.0,21.8,0.6000000000000001
2022-08-03 03:00:00,0.0,0.0,0.0,21.6,0.5
2022-08-03 04:00:00,0.0,0.0,0.0,21.4,0.3
2022-08-03 05:00:00,0.0,0.0,0.0,21.6,0.5
2022-08-03 06:00:00,45.0,0.0,45.0,22.6,0.6000000000000001
2022-08-03 07:00:00,239.0,180.0,171.0,24.1,0.4
2022-08-03 08:00:00,503.0,658.0,130.0,25.9,0.3
2022-08-03 09:00:00,683.0,734.0,148.0,27.4,0.8
2022-08-03 10:00:00,787.0,661.0,223.0,29.0,1.4
2022-08-03 11:00:00,867.0,678.0,235.0,30.4,1.9
2022-08-03 12:00:00,903.0,746.0,189.0,31.200000000000003,2.4000000000000004
2022-08-03 13:00:00,870.0,698.0,221.0,31.5,2.7
2022-08-03 14:00:00,819.0,784.0,153.0,31.1,3.0
2022-08-03 15:00:00,673.0,728.0,146.0,30.200000000000003,2.9000000000000004
2022-08-03 16:00:00,491.0,644.0,131.0,29.0,2.7
2022-08-03 17:00:00,291.0,515.0,102.0,27.700000000000003,2.5
2022-08-03 18:00:00,102.0,288.0,55.0,26.3,2.4000000000000004
2022-08-03 19:00:00,0.0,0.0,0.0,25.0,1.9
2022-08-03 20:00:00,0.0,0.0,0.0,23.9,1.6
2022-08-03 21:00:00,0.0,0.0,0.0,23.0,1.5
2022-08-03 22:00:00,0.0,0.0,0.0,22.1,1.3
2022-08-03 23:00:00,0.0,0.0,0.0,21.200000000000003,1.2000000000000002
2022-08-04 00:00:00,0.0,0.0,0.0,20.6,1.1
2022-08-04 01:00:00,0.0,0.0,0.0,20.1,0.9
2022-08-04 02:00:00,0.0,0.0,0.0,19.8,0.7000000000000001
2022-08-04 03:00:00,0.0,0.0,0.0,19.700000000000003,0.6000000000000001
2022-08-04 04:00:00,0.0,0.0,0.0,19.6,0.7000000000000001
2022-08-04 05:00:00,0.0,0.0,0.0,20.1,1.1
2022-08-04 06:00:00,92.0,51.0,83.0,21.6,1.4
2022-08-04 07:00:00,242.0,191.0,171.0,23.3,1.4
2022-08-04 08:00:00,495.0,639.0,134.0,25.0,1.2000000000000002
2022-08-04 09:00:00,644.0,567.0,231.0,27.0,1.4
2022-08-04 10:00:00,718.0,528.0,268.0,28.5,1.9
2022-08-04 11:00:00,665.0,284.0,401.0,29.4,2.2
2022-08-04 12:00:00,489.0,75.0,417.0,29.4,2.4000000000000004
2022-08-04 13:00:00,705.0,354.0,377.0,29.0,2.8000000000000003
2022-08-04 14:00:00,494.0,122.0,390.0,28.5,3.3000000000000003
2022-08-04 15:00:00,390.0,88.0,327.0,27.700000000000003,3.6
2022-08-04 16:00:00,295.0,82.0,250.0,26.9,2.4000000000000004
2022-08-04 17:00:00,162.0,24.0,154.0,25.4,2.3000000000000003
2022-08-04 18:00:00,72.0,17.0,69.0,24.0,2.3000000000000003
2022-08-04 19:00:00,0.0,0.0,0.0,23.200000000000003,1.7000000000000002
2022-08-04 20:00:00,0.0,0.0,0.0,22.8,0.9
2022-08-04 21:00:00,0.0,0.0,0.0,22.4,0.5
2022-08-04 22:00:00,0.0,0.0,0.0,22.0,0.4
2022-08-04 23:00:00,0.0,0.0,0.0,21.700000000000003,0.3
2022-08-05 00:00:00,0.0,0.0,0.0,21.5,0.7000000000000001
2022-08-05 01:00:00,0.0,0.0,0.0,21.200000000000003,0.9
2022-08-05 02:00:00,0.0,0.0,0.0,20.8,0.9
2022-08-05 03:00:00,0.0,0.0,0.0,20.4,0.6000000000000001
2022-08-05 04:00:00,0.0,0.0,0.0,20.0,0.4
2022-08-05 05:00:00,0.0,0.0,0.0,20.5,0.9
2022-08-05 06:00:00,21.0,0.0,21.0,22.5,1.0
2022-08-05 07:00:00,218.0,137.0,167.0,25.0,1.1
2022-08-05 08:00:00,396.0,302.0,226.0,27.4,1.9
2022-08-05 09:00:00,713.0,857.0,91.0,29.200000000000003,2.5
2022-08-05 10:00:00,858.0,894.0,97.0,30.3,3.1
2022-08-05 11:00:00,950.0,915.0,101.0,30.8,3.5
2022-08-05 12:00:00,981.0,920.0,102.0,31.0,3.7
2022-08-05 13:00:00,949.0,915.0,102.0,31.0,4.0
2022-08-05 14:00:00,859.0,903.0,95.0,30.6,4.2
2022-08-05 15:00:00,714.0,873.0,87.0,30.0,4.2
2022-08-05 16:00:00,529.0,817.0,76.0,28.9,3.9
2022-08-05 17:00:00,321.0,716.0,61.0,27.5,3.5
2022-08-05 18:00:00,115.0,487.0,38.0,25.1,2.8000000000000003
2022-08-05 19:00:00,0.0,0.0,0.0,22.9,2.0
2022-08-05 20:00:00,0.0,0.0,0.0,21.8,1.2000000000000002
2022-08-05 21:00:00,0.0,0.0,0.0,21.3,0.6000000000000001
2022-08-05 22:00:00,0.0,0.0,0.0,21.1,0.5
2022-08-05 23:00:00,0.0,0.0,0.0,21.1,0.6000000000000001
2022-08-06 00:00:00,0.0,0.0,0.0,21.0,0.8
2022-08-06 01:00:00,0.0,0.0,0.0,20.9,0.9
2022-08-06 02:00:00,0.0,0.0,0.0,20.3,0.9
2022-08-06 03:00:00,0.0,0.0,0.0,19.8,0.9
2022-08-06 04:00:00,0.0,0.0,0.0,19.4,1.0
2022-08-06 05:00:00,0.0,0.0,0.0,20.0,1.1
2022-08-06 06:00:00,124.0,502.0,40.0,22.700000000000003,1.7000000000000002
2022-08-06 07:00:00,335.0,735.0,62.0,26.4,0.7000000000000001
2022-08-06 08:00:00,549.0,845.0,75.0,30.200000000000003,1.7000000000000002
2022-08-06 09:00:00,739.0,906.0,82.0,32.4,2.5
2022-08-06 10:00:00,884.0,937.0,88.0,33.800000000000004,3.1
2022-08-06 11:00:00,975.0,952.0,91.0,34.4,3.7
2022-08-06 12:00:00,1003.0,955.0,92.0,34.300000000000004,4.3
2022-08-06 13:00:00,967.0,941.0,97.0,33.9,4.9
2022-08-06 14:00:00,872.0,923.0,93.0,33.300000000000004,5.2
2022-08-06 15:00:00,723.0,888.0,86.0,32.300000000000004,5.2
2022-08-06 16:00:00,535.0,830.0,77.0,30.9,5.0
2022-08-06 17:00:00,322.0,722.0,62.0,29.1,4.5
2022-08-06 18:00:00,114.0,485.0,39.0,26.200000000000003,3.2
2022-08-06 19:00:00,0.0,0.0,0.0,23.700000000000003,1.6
2022-08-06 20:00:00,0.0,0.0,0.0,22.9,0.6000000000000001
2022-08-06 21:00:00,0.0,0.0,0.0,22.6,0.3
2022-08-06 22:00:00,0.0,0.0,0.0,22.200000000000003,0.5
2022-08-06 23:00:00,0.0,0.0,0.0,22.0,0.5
2022-08-07 00:00:00,0.0,0.0,0.0,22.0,0.6000000000000001
2022-08-07 01:00:00,0.0,0.0,0.0,21.9,0.8
2022-08-07 02:00:00,0.0,0.0,0.0,21.5,1.0
2022-08-07 03:00:00,0.0,0.0,0.0,21.200000000000003,1.0
2022-08-07 04:00:00,0.0,0.0,0.0,21.1,1.1
2022-08-07 05:00:00,0.0,0.0,0.0,21.8,1.0
2022-08-07 06:00:00,118.0,458.0,43.0,25.4,1.4
2022-08-07 07:00:00,323.0,682.0,71.0,28.6,0.9
2022-08-07 08:00:00,534.0,791.0,91.0,31.5,1.3
2022-08-07 09:00:00,719.0,849.0,105.0,33.300000000000004,1.9
2022-08-07 10:00:00,870.0,908.0,100.0,34.300000000000004,2.5
2022-08-07 11:00:00,962.0,924.0,106.0,34.800000000000004,3.0
2022-08-07 12:00:00,989.0,923.0,111.0,35.0,3.3000000000000003
2022-08-07 13:00:00,954.0,910.0,114.0,34.800000000000004,3.6
2022-08-07 14:00:00,856.0,884.0,111.0,34.2,3.7
2022-08-07 15:00:00,705.0,841.0,104.0,33.4,3.5
2022-08-07 16:00:00,515.0,770.0,92.0,32.2,3.2
2022-08-07 17:00:00,304.0,644.0,74.0,30.6,2.6
2022-08-07 18:00:00,102.0,384.0,44.0,27.8,1.3
2022-08-07 19:00:00,0.0,0.0,0.0,25.700000000000003,0.8
2022-08-07 20:00:00,0.0,0.0,0.0,24.9,0.7000000000000001
2022-08-07 21:00:00,0.0,0.0,0.0,24.1,0.7000000000000001
2022-08-07 22:00:00,0.0,0.0,0.0,23.5,0.6000000000000001
2022-08-07 23:00:00,0.0,0.0,0.0,23.3,0.5
2022-08-08 00:00:00,0.0,0.0,0.0,23.4,0.6000000000000001
2022-08-08 01:00:00,0.0,0.0,0.0,23.6,0.8
2022-08-08 02:00:00,0.0,0.0,0.0,23.4,0.9
2022-08-08 03:00:00,0.0,0.0,0.0,23.0,0.9
2022-08-08 04:00:00,0.0,0.0,0.0,22.6,0.9
2022-08-08 05:00:00,0.0,0.0,0.0,22.700000000000003,1.0
2022-08-08 06:00:00,110.0,395.0,46.0,24.700000000000003,1.3
2022-08-08 07:00:00,313.0,645.0,77.0,27.4,1.3
2022-08-08 08:00:00,522.0,766.0,95.0,29.9,1.9
2022-08-08 09:00:00,708.0,832.0,108.0,31.4,2.5
2022-08-08 10:00:00,855.0,879.0,110.0,32.4,3.0
2022-08-08 11:00:00,942.0,891.0,118.0,32.800000000000004,3.2
2022-08-08 12:00:00,970.0,892.0,122.0,32.9,3.2
2022-08-08 13:00:00,937.0,895.0,113.0,32.9,3.0
2022-08-08 14:00:00,840.0,870.0,109.0,32.6,2.8000000000000003
2022-08-08 15:00:00,693.0,830.0,102.0,32.1,2.6
2022-08-08 16:00:00,506.0,761.0,90.0,31.200000000000003,2.4000000000000004
2022-08-08 17:00:00,298.0,640.0,71.0,29.9,2.0
2022-08-08 18:00:00,81.0,60.0,73.0,27.8,1.3
2022-08-08 19:00:00,0.0,0.0,0.0,25.8,0.9
2022-08-08 20:00:00,0.0,0.0,0.0,24.8,0.9
2022-08-08 21:00:00,0.0,0.0,0.0,24.200000000000003,0.8
2022-08-08 22:00:00,0.0,0.0,0.0,23.6,0.6000000000000001
2022-08-08 23:00:00,0.0,0.0,0.0,23.1,0.5
2022-08-09 00:00:00,0.0,0.0,0.0,22.700000000000003,0.5
2022-08-09 01:00:00,0.0,0.0,0.0,22.4,0.6000000000000001
2022-08-09 02:00:00,0.0,0.0,0.0,22.1,0.8
2022-08-09 03:00:00,0.0,0.0,0.0,21.8,0.9
2022-08-09 04:00:00,0.0,0.0,0.0,21.700000000000003,1.0
2022-08-09 05:00:00,0.0,0.0,0.0,22.3,1.1
2022-08-09 06:00:00,109.0,410.0,43.0,25.0,1.9
2022-08-09 07:00:00,311.0,656.0,71.0,27.6,2.0
2022-08-09 08:00:00,520.0,776.0,88.0,29.8,2.2
2022-08-09 09:00:00,704.0,840.0,99.0,31.6,2.6
2022-08-09 10:00:00,847.0,877.0,105.0,32.800000000000004,3.1
2022-08-09 11:00:00,936.0,894.0,111.0,33.4,3.5
2022-08-09 12:00:00,965.0,899.0,113.0,33.6,3.7
2022-08-09 13:00:00,933.0,897.0,108.0,33.5,3.8
2022-08-09 14:00:00,838.0,877.0,103.0,33.0,3.7
2022-08-09 15:00:00,693.0,842.0,95.0,32.1,3.5
2022-08-09 16:00:00,506.0,776.0,83.0,31.0,3.1
2022-08-09 17:00:00,297.0,656.0,67.0,29.5,2.6
2022-08-09 18:00:00,97.0,399.0,39.0,27.5,1.7000000000000002
2022-08-09 19:00:00,0.0,0.0,0.0,25.700000000000003,1.2000000000000002
2022-08-09 20:00:00,0.0,0.0,0.0,24.6,1.2000000000000002
2022-08-09 21:00:00,0.0,0.0,0.0,23.8,1.1
2022-08-09 22:00:00,0.0,0.0,0.0,23.200000000000003,0.9
2022-08-09 23:00:00,0.0,0.0,0.0,22.6,0.7000000000000001
2022-08-10 00:00:00,0.0,0.0,0.0,22.3,0.5
2022-08-10 01:00:00,0.0,0.0,0.0,22.0,0.5
2022-08-10 02:00:00,0.0,0.0,0.0,21.8,0.7000000000000001
2022-08-10 03:00:00,0.0,0.0,0.0,21.8,0.8
2022-08-10 04:00:00,0.0,0.0,0.0,21.700000000000003,0.9
2022-08-10 05:00:00,0.0,0.0,0.0,22.4,1.0
2022-08-10 06:00:00,109.0,433.0,40.0,25.200000000000003,1.4
2022-08-10 07:00:00,311.0,672.0,67.0,28.1,1.5
2022-08-10 08:00:00,519.0,786.0,83.0,30.0,1.9
2022-08-10 09:00:00,704.0,849.0,94.0,31.5,2.3000000000000003
2022-08-10 10:00:00,850.0,892.0,97.0,32.5,2.8000000000000003
2022-08-10 11:00:00,940.0,909.0,103.0,33.1,3.2
2022-08-10 12:00:00,970.0,913.0,105.0,33.4,3.4000000000000004
2022-08-10 13:00:00,937.0,908.0,104.0,33.4,3.5
2022-08-10 14:00:00,844.0,890.0,100.0,33.1,3.6
2022-08-10 15:00:00,697.0,854.0,93.0,32.300000000000004,3.5
2022-08-10 16:00:00,510.0,792.0,80.0,31.3,3.2
2022-08-10 17:00:00,300.0,679.0,64.0,30.0,2.6
2022-08-10 18:00:00,98.0,431.0,37.0,27.6,1.6
2022-08-10 19:00:00,0.0,0.0,0.0,25.4,0.9
2022-08-10 20:00:00,0.0,0.0,0.0,24.6,0.8
2022-08-10 21:00:00,0.0,0.0,0.0,24.3,0.6000000000000001
2022-08-10 22:00:00,0.0,0.0,0.0,24.1,0.4
2022-08-10 23:00:00,0.0,0.0,0.0,23.9,0.2
2022-08-11 00:00:00,0.0,0.0,0.0,23.8,0.3
2022-08-11 01:00:00,0.0,0.0,0.0,23.6,0.4
2022-08-11 02:00:00,0.0,0.0,0.0,23.0,0.6000000000000001
2022-08-11 03:00:00,0.0,0.0,0.0,22.6,0.8
2022-08-11 04:00:00,0.0,0.0,0.0,22.1,0.9
2022-08-11 05:00:00,0.0,0.0,0.0,22.3,0.9
2022-08-11 06:00:00,113.0,484.0,38.0,25.3,1.2000000000000002
2022-08-11 07:00:00,321.0,719.0,61.0,28.4,0.5
2022-08-11 08:00:00,533.0,827.0,76.0,31.0,1.1
2022-08-11 09:00:00,724.0,888.0,87.0,32.7,1.9
2022-08-11 10:00:00,870.0,921.0,94.0,33.800000000000004,2.7
2022-08-11 11:00:00,965.0,940.0,99.0,34.300000000000004,3.3000000000000003
2022-08-11 12:00:00,997.0,948.0,101.0,34.4,3.7
2022-08-11 13:00:00,962.0,942.0,99.0,34.300000000000004,3.9
2022-08-11 14:00:00,865.0,924.0,94.0,33.9,4.0
2022-08-11 15:00:00,714.0,889.0,87.0,33.0,3.9
2022-08-11 16:00:00,521.0,824.0,77.0,31.700000000000003,3.7
2022-08-11 17:00:00,305.0,703.0,62.0,29.700000000000003,3.1
2022-08-11 18:00:00,98.0,443.0,37.0,26.8,1.9
2022-08-11 19:00:00,0.0,0.0,0.0,24.6,1.0
2022-08-11 20:00:00,0.0,0.0,0.0,23.8,0.4
2022-08-11 21:00:00,0.0,0.0,0.0,23.4,0.4
2022-08-11 22:00:00,0.0,0.0,0.0,23.0,0.8
2022-08-11 23:00:00,0.0,0.0,0.0,22.700000000000003,0.8
2022-08-12 00:00:00,0.0,0.0,0.0,22.700000000000003,0.8
2022-08-12 01:00:00,0.0,0.0,0.0,22.700000000000003,0.7000000000000001
2022-08-12 02:00:00,0.0,0.0,0.0,22.6,0.7000000000000001
2022-08-12 03:00:00,0.0,0.0,0.0,22.3,0.7000000000000001
2022-08-12 04:00:00,0.0,0.0,0.0,22.1,0.8
2022-08-12 05:00:00,0.0,0.0,0.0,22.3,0.9
2022-08-12 06:00:00,106.0,419.0,41.0,24.6,1.3
2022-08-12 07:00:00,309.0,667.0,70.0,27.5,1.1
2022-08-12 08:00:00,470.0,540.0,172.0,30.5,0.9
2022-08-12 09:00:00,709.0,855.0,98.0,32.6,1.4
2022-08-12 10:00:00,858.0,904.0,98.0,34.0,2.2
2022-08-12 11:00:00,949.0,919.0,105.0,34.6,2.9000000000000004
2022-08-12 12:00:00,978.0,922.0,108.0,34.7,3.3000000000000003
2022-08-12 13:00:00,943.0,914.0,107.0,34.5,3.5
2022-08-12 14:00:00,846.0,891.0,105.0,34.1,3.5
2022-08-12 15:00:00,697.0,852.0,98.0,33.300000000000004,3.4000000000000004
2022-08-12 16:00:00,506.0,781.0,87.0,32.1,3.1
2022-08-12 17:00:00,293.0,653.0,69.0,30.4,2.5
2022-08-12 18:00:00,91.0,383.0,39.0,27.5,1.3
2022-08-12 19:00:00,0.0,0.0,0.0,25.3,0.3
2022-08-12 20:00:00,0.0,0.0,0.0,24.3,0.6000000000000001
2022-08-12 21:00:00,0.0,0.0,0.0,23.6,0.9
2022-08-12 22:00:00,0.0,0.0,0.0,23.3,1.1
2022-08-12 23:00:00,0.0,0.0,0.0,23.1,1.0
2022-08-13 00:00:00,0.0,0.0,0.0,23.0,1.0
2022-08-13 01:00:00,0.0,0.0,0.0,22.9,1.1
2022-08-13 02:00:00,0.0,0.0,0.0,22.700000000000003,1.1
2022-08-13 03:00:00,0.0,0.0,0.0,22.4,1.1
2022-08-13 04:00:00,0.0,0.0,0.0,22.1,1.1
2022-08-13 05:00:00,0.0,0.0,0.0,22.200000000000003,1.1
2022-08-13 06:00:00,105.0,420.0,41.0,25.3,1.7000000000000002
2022-08-13 07:00:00,310.0,673.0,70.0,28.1,2.0
2022-08-13 08:00:00,523.0,795.0,87.0,30.4,2.2
2022-08-13 09:00:00,711.0,860.0,97.0,32.4,2.4000000000000004
2022-08-13 10:00:00,858.0,901.0,102.0,34.1,2.8000000000000003
2022-08-13 11:00:00,950.0,920.0,107.0,35.1,3.2
2022-08-13 12:00:00,979.0,924.0,109.0,35.6,3.5
2022-08-13 13:00:00,943.0,915.0,109.0,35.5,3.7
2022-08-13 14:00:00,844.0,889.0,106.0,35.2,3.5
2022-08-13 15:00:00,693.0,848.0,98.0,34.7,3.0
2022-08-13 16:00:00,501.0,776.0,87.0,33.7,2.5
2022-08-13 17:00:00,289.0,646.0,70.0,32.1,2.0
2022-08-13 18:00:00,87.0,371.0,38.0,29.3,1.1
2022-08-13 19:00:00,0.0,0.0,0.0,26.9,0.5
2022-08-13 20:00:00,0.0,0.0,0.0,25.4,0.7000000000000001
2022-08-13 21:00:00,0.0,0.0,0.0,24.3,1.0
2022-08-13 22:00:00,0.0,0.0,0.0,23.6,1.0
2022-08-13 23:00:00,0.0,0.0,0.0,23.3,1.0
2022-08-14 00:00:00,0.0,0.0,0.0,23.200000000000003,1.0
2022-08-14 01:00:00,0.0,0.0,0.0,23.0,1.0
2022-08-14 02:00:00,0.0,0.0,0.0,22.9,1.0
2022-08-14 03:00:00,0.0,0.0,0.0,22.700000000000003,1.0
2022-08-14 04:00:00,0.0,0.0,0.0,22.4,1.0
2022-08-14 05:00:00,0.0,0.0,0.0,22.5,1.0
2022-08-14 06:00:00,104.0,427.0,40.0,24.8,1.3
2022-08-14 07:00:00,311.0,680.0,69.0,27.3,1.2000000000000002
2022-08-14 08:00:00,522.0,798.0,85.0,30.1,1.4
2022-08-14 09:00:00,711.0,862.0,97.0,32.1,1.8
2022-08-14 10:00:00,859.0,903.0,103.0,33.5,2.4000000000000004
2022-08-14 11:00:00,949.0,920.0,107.0,34.300000000000004,2.9000000000000004
2022-08-14 12:00:00,978.0,924.0,109.0,34.6,3.3000000000000003
2022-08-14 13:00:00,941.0,915.0,108.0,34.4,3.4000000000000004
2022-08-14 14:00:00,843.0,892.0,105.0,33.7,3.4000000000000004
2022-08-14 15:00:00,692.0,851.0,98.0,32.800000000000004,3.1
2022-08-14 16:00:00,501.0,782.0,86.0,31.5,2.7
2022-08-14 17:00:00,287.0,652.0,69.0,29.8,2.2
2022-08-14 18:00:00,85.0,374.0,37.0,27.0,1.3
2022-08-14 19:00:00,0.0,0.0,0.0,24.9,0.8
2022-08-14 20:00:00,0.0,0.0,0.0,23.9,0.8
2022-08-14 21:00:00,0.0,0.0,0.0,23.1,0.8
2022-08-14 22:00:00,0.0,0.0,0.0,22.6,0.9
2022-08-14 23:00:00,0.0,0.0,0.0,22.3,0.9
2022-08-15 00:00:00,0.0,0.0,0.0,22.200000000000003,1.0
2022-08-15 01:00:00,0.0,0.0,0.0,22.0,1.0
2022-08-15 02:00:00,0.0,0.0,0.0,21.700000000000003,1.0
2022-08-15 03:00:00,0.0,0.0,0.0,21.6,1.1
2022-08-15 04:00:00,0.0,0.0,0.0,21.4,1.1
2022-08-15 05:00:00,0.0,0.0,0.0,21.700000000000003,1.1
2022-08-15 06:00:00,103.0,419.0,41.0,24.3,1.4
2022-08-15 07:00:00,310.0,677.0,71.0,27.0,1.2000000000000002
2022-08-15 08:00:00,524.0,798.0,89.0,29.8,1.2000000000000002
2022-08-15 09:00:00,714.0,863.0,101.0,32.300000000000004,1.6
2022-08-15 10:00:00,860.0,897.0,110.0,33.800000000000004,2.2
2022-08-15 11:00:00,951.0,915.0,116.0,34.6,2.7
2022-08-15 12:00:00,978.0,915.0,119.0,34.800000000000004,3.0
2022-08-15 13:00:00,943.0,910.0,117.0,34.6,3.2
2022-08-15 14:00:00,844.0,885.0,114.0,34.1,3.2
2022-08-15 15:00:00,690.0,840.0,107.0,33.2,3.0
2022-08-15 16:00:00,497.0,765.0,94.0,31.9,2.8000000000000003
2022-08-15 17:00:00,283.0,629.0,74.0,29.8,2.4000000000000004
2022-08-15 18:00:00,81.0,343.0,39.0,26.700000000000003,1.2000000000000002
2022-08-15 19:00:00,0.0,0.0,0.0,24.5,0.3
2022-08-15 20:00:00,0.0,0.0,0.0,23.700000000000003,0.5
2022-08-15 21:00:00,0.0,0.0,0.0,23.0,0.9
2022-08-15 22:00:00,0.0,0.0,0.0,22.5,1.0
2022-08-15 23:00:00,0.0,0.0,0.0,22.1,0.9
2022-08-16 00:00:00,0.0,0.0,0.0,21.9,0.8
2022-08-16 01:00:00,0.0,0.0,0.0,21.9,0.9
2022-08-16 02:00:00,0.0,0.0,0.0,21.8,1.0
2022-08-16 03:00:00,0.0,0.0,0.0,21.8,1.0
2022-08-16 04:00:00,0.0,0.0,0.0,21.700000000000003,1.1
2022-08-16 05:00:00,0.0,0.0,0.0,22.0,1.1
2022-08-16 06:00:00,96.0,364.0,43.0,24.9,1.4
2022-08-16 07:00:00,296.0,617.0,80.0,27.9,1.0
2022-08-16 08:00:00,504.0,736.0,103.0,30.8,0.9
2022-08-16 09:00:00,691.0,802.0,122.0,32.800000000000004,1.2000000000000002
2022-08-16 10:00:00,839.0,860.0,121.0,34.1,1.8
2022-08-16 11:00:00,927.0,875.0,130.0,34.7,2.4000000000000004
2022-08-16 12:00:00,956.0,876.0,136.0,34.800000000000004,2.8000000000000003
2022-08-16 13:00:00,917.0,857.0,141.0,34.7,3.0
2022-08-16 14:00:00,818.0,825.0,140.0,34.1,3.0
2022-08-16 15:00:00,667.0,776.0,130.0,33.2,2.9000000000000004
2022-08-16 16:00:00,477.0,695.0,113.0,31.9,2.6
2022-08-16 17:00:00,269.0,556.0,86.0,30.3,2.2
2022-08-16 18:00:00,75.0,276.0,41.0,27.6,1.1
2022-08-16 19:00:00,0.0,0.0,0.0,25.700000000000003,0.7000000000000001
2022-08-16 20:00:00,0.0,0.0,0.0,24.8,0.6000000000000001
2022-08-16 21:00:00,0.0,0.0,0.0,24.0,0.6000000000000001
2022-08-16 22:00:00,0.0,0.0,0.0,23.4,0.6000000000000001
2022-08-16 23:00:00,0.0,0.0,0.0,22.9,0.5
2022-08-17 00:00:00,0.0,0.0,0.0,22.6,0.4
2022-08-17 01:00:00,0.0,0.0,0.0,22.700000000000003,0.4
2022-08-17 02:00:00,0.0,0.0,0.0,22.8,0.5
2022-08-17 03:00:00,0.0,0.0,0.0,23.0,0.5
2022-08-17 04:00:00,0.0,0.0,0.0,23.200000000000003,0.5
2022-08-17 05:00:00,0.0,0.0,0.0,23.1,0.5
2022-08-17 06:00:00,91.0,313.0,47.0,24.5,0.8
2022-08-17 07:00:00,292.0,588.0,86.0,26.9,0.9
2022-08-17 08:00:00,501.0,727.0,107.0,29.200000000000003,1.1
2022-08-17 09:00:00,690.0,805.0,121.0,31.4,1.5
2022-08-17 10:00:00,842.0,866.0,121.0,33.2,2.2
2022-08-17 11:00:00,933.0,885.0,128.0,34.2,2.9000000000000004
2022-08-17 12:00:00,961.0,888.0,131.0,34.300000000000004,3.4000000000000004
2022-08-17 13:00:00,928.0,896.0,119.0,34.0,3.7
2022-08-17 14:00:00,828.0,868.0,116.0,33.300000000000004,3.7
2022-08-17 15:00:00,676.0,824.0,108.0,32.300000000000004,3.6
2022-08-17 16:00:00,484.0,750.0,94.0,31.1,3.2
2022-08-17 17:00:00,272.0,613.0,72.0,29.4,2.7
2022-08-17 18:00:00,74.0,323.0,36.0,26.700000000000003,1.8
2022-08-17 19:00:00,0.0,0.0,0.0,24.8,1.0
2022-08-17 20:00:00,0.0,0.0,0.0,24.0,0.6000000000000001
2022-08-17 21:00:00,0.0,0.0,0.0,23.4,0.3
2022-08-17 22:00:00,0.0,0.0,0.0,22.9,0.4
2022-08-17 23:00:00,0.0,0.0,0.0,22.4,0.4
2022-08-18 00:00:00,0.0,0.0,0.0,22.200000000000003,0.4
2022-08-18 01:00:00,0.0,0.0,0.0,22.0,0.5
2022-08-18 02:00:00,0.0,0.0,0.0,21.6,0.6000000000000001
2022-08-18 03:00:00,0.0,0.0,0.0,21.1,0.5
2022-08-18 04:00:00,0.0,0.0,0.0,20.700000000000003,0.4
2022-08-18 05:00:00,0.0,0.0,0.0,20.8,0.4
2022-08-18 06:00:00,92.0,354.0,42.0,22.5,0.8
2022-08-18 07:00:00,293.0,620.0,78.0,24.8,0.7000000000000001
2022-08-18 08:00:00,503.0,744.0,101.0,27.3,0.8
2022-08-18 09:00:00,690.0,812.0,118.0,29.6,1.2000000000000002
2022-08-18 10:00:00,842.0,874.0,116.0,31.6,1.8
2022-08-18 11:00:00,930.0,890.0,123.0,33.0,2.5
2022-08-18 12:00:00,958.0,893.0,126.0,33.4,3.1
2022-08-18 13:00:00,925.0,893.0,121.0,33.2,3.6
2022-08-18 14:00:00,825.0,866.0,118.0,32.5,3.7
2022-08-18 15:00:00,672.0,820.0,109.0,31.5,3.6
2022-08-18 16:00:00,481.0,743.0,96.0,29.9,3.3000000000000003
2022-08-18 17:00:00,267.0,596.0,75.0,27.8,2.8000000000000003
2022-08-18 18:00:00,70.0,292.0,37.0,24.8,1.9
2022-08-18 19:00:00,0.0,0.0,0.0,23.0,0.7000000000000001
2022-08-18 20:00:00,0.0,0.0,0.0,22.3,0.4
2022-08-18 21:00:00,0.0,0.0,0.0,21.9,0.7000000000000001
2022-08-18 22:00:00,0.0,0.0,0.0,21.700000000000003,1.0
2022-08-18 23:00:00,0.0,0.0,0.0,21.4,1.2000000000000002
2022-08-19 00:00:00,0.0,0.0,0.0,21.1,1.3
2022-08-19 01:00:00,0.0,0.0,0.0,20.9,1.1
2022-08-19 02:00:00,0.0,0.0,0.0,20.6,0.9
2022-08-19 03:00:00,0.0,0.0,0.0,20.5,0.9
2022-08-19 04:00:00,0.0,0.0,0.0,20.4,0.9
2022-08-19 05:00:00,0.0,0.0,0.0,20.700000000000003,1.0
2022-08-19 06:00:00,91.0,368.0,40.0,23.5,1.6
2022-08-19 07:00:00,294.0,639.0,73.0,26.3,1.4
2022-08-19 08:00:00,504.0,763.0,93.0,29.6,1.1
2022-08-19 09:00:00,691.0,830.0,107.0,31.9,1.2000000000000002
2022-08-19 10:00:00,840.0,879.0,111.0,33.2,1.9
2022-08-19 11:00:00,928.0,892.0,119.0,34.0,2.5
2022-08-19 12:00:00,952.0,889.0,125.0,34.1,3.0
2022-08-19 13:00:00,912.0,864.0,135.0,33.800000000000004,3.3000000000000003
2022-08-19 14:00:00,812.0,832.0,134.0,33.2,3.4000000000000004
2022-08-19 15:00:00,659.0,782.0,124.0,32.2,3.3000000000000003
2022-08-19 16:00:00,468.0,698.0,109.0,30.700000000000003,3.0
2022-08-19 17:00:00,258.0,548.0,83.0,28.5,2.5
2022-08-19 18:00:00,65.0,248.0,38.0,25.5,1.8
2022-08-19 19:00:00,0.0,0.0,0.0,23.5,1.5
2022-08-19 20:00:00,0.0,0.0,0.0,22.700000000000003,1.7000000000000002
2022-08-19 21:00:00,0.0,0.0,0.0,22.3,1.8
2022-08-19 22:00:00,0.0,0.0,0.0,21.9,1.8
2022-08-19 23:00:00,0.0,0.0,0.0,21.5,1.8
2022-08-20 00:00:00,0.0,0.0,0.0,21.1,1.6
2022-08-20 01:00:00,0.0,0.0,0.0,20.700000000000003,1.5
2022-08-20 02:00:00,0.0,0.0,0.0,20.3,1.4
2022-08-20 03:00:00,0.0,0.0,0.0,20.0,1.5
2022-08-20 04:00:00,0.0,0.0,0.0,19.5,1.6
2022-08-20 05:00:00,0.0,0.0,0.0,19.5,1.9
2022-08-20 06:00:00,87.0,331.0,42.0,21.200000000000003,2.6
2022-08-20 07:00:00,288.0,610.0,79.0,23.3,2.7
2022-08-20 08:00:00,498.0,744.0,99.0,25.700000000000003,2.8000000000000003
2022-08-20 09:00:00,686.0,818.0,112.0,27.9,2.8000000000000003
2022-08-20 10:00:00,830.0,850.0,127.0,29.5,3.1
2022-08-20 11:00:00,920.0,871.0,133.0,30.200000000000003,3.3000000000000003
2022-08-20 12:00:00,948.0,876.0,135.0,30.4,3.4000000000000004
2022-08-20 13:00:00,916.0,886.0,121.0,30.3,3.4000000000000004
2022-08-20 14:00:00,818.0,865.0,116.0,29.6,3.4000000000000004
2022-08-20 15:00:00,667.0,823.0,107.0,28.6,3.1
2022-08-20 16:00:00,474.0,747.0,92.0,27.200000000000003,2.8000000000000003
2022-08-20 17:00:00,262.0,606.0,71.0,25.3,2.5
2022-08-20 18:00:00,65.0,296.0,34.0,22.8,2.2
2022-08-20 19:00:00,0.0,0.0,0.0,21.200000000000003,2.0
2022-08-20 20:00:00,0.0,0.0,0.0,20.6,1.9
2022-08-20 21:00:00,0.0,0.0,0.0,20.200000000000003,1.8
2022-08-20 22:00:00,0.0,0.0,0.0,19.9,1.7000000000000002
2022-08-20 23:00:00,0.0,0.0,0.0,19.700000000000003,1.6
2022-08-21 00:00:00,0.0,0.0,0.0,19.5,1.5
2022-08-21 01:00:00,0.0,0.0,0.0,19.200000000000003,1.4
2022-08-21 02:00:00,0.0,0.0,0.0,18.8,1.2000000000000002
2022-08-21 03:00:00,0.0,0.0,0.0,18.4,1.1
2022-08-21 04:00:00,0.0,0.0,0.0,18.0,1.1
2022-08-21 05:00:00,0.0,0.0,0.0,18.0,1.4
2022-08-21 06:00:00,85.0,309.0,43.0,19.6,2.1
2022-08-21 07:00:00,284.0,586.0,84.0,21.6,2.2
2022-08-21 08:00:00,127.0,0.0,127.0,23.9,2.3000000000000003
2022-08-21 09:00:00,280.0,3.0,278.0,26.0,2.5
2022-08-21 10:00:00,486.0,102.0,402.0,27.700000000000003,2.7
2022-08-21 11:00:00,922.0,889.0,121.0,28.700000000000003,3.1
2022-08-21 12:00:00,950.0,893.0,123.0,29.1,3.3000000000000003
2022-08-21 13:00:00,910.0,877.0,126.0,29.0,3.4000000000000004
2022-08-21 14:00:00,810.0,853.0,119.0,28.6,3.4000000000000004
2022-08-21 15:00:00,659.0,812.0,109.0,27.8,3.2
2022-08-21 16:00:00,467.0,736.0,94.0,26.5,2.9000000000000004
2022-08-21 17:00:00,255.0,593.0,71.0,24.700000000000003,2.5
2022-08-21 18:00:00,61.0,281.0,33.0,22.3,1.8
2022-08-21 19:00:00,0.0,0.0,0.0,20.8,1.0
2022-08-21 20:00:00,0.0,0.0,0.0,20.200000000000003,0.3
2022-08-21 21:00:00,0.0,0.0,0.0,19.9,0.3
2022-08-21 22:00:00,0.0,0.0,0.0,19.700000000000003,0.3
2022-08-21 23:00:00,0.0,0.0,0.0,19.4,0.3
2022-08-22 00:00:00,0.0,0.0,0.0,19.200000000000003,0.3
2022-08-22 01:00:00,0.0,0.0,0.0,18.9,0.3
2022-08-22 02:00:00,0.0,0.0,0.0,18.5,0.4
2022-08-22 03:00:00,0.0,0.0,0.0,18.2,0.6000000000000001
2022-08-22 04:00:00,0.0,0.0,0.0,18.1,0.7000000000000001
2022-08-22 05:00:00,0.0,0.0,0.0,18.3,0.9
2022-08-22 06:00:00,86.0,358.0,39.0,20.6,1.4
2022-08-22 07:00:00,102.0,1.0,101.0,23.200000000000003,1.1
2022-08-22 08:00:00,198.0,2.0,197.0,25.6,1.3
2022-08-22 09:00:00,531.0,223.0,376.0,27.700000000000003,1.8
2022-08-22 10:00:00,828.0,837.0,139.0,29.3,2.4000000000000004
2022-08-22 11:00:00,918.0,854.0,149.0,30.4,2.9000000000000004
2022-08-22 12:00:00,943.0,855.0,153.0,31.0,3.1
2022-08-22 13:00:00,911.0,875.0,131.0,31.3,3.3000000000000003
2022-08-22 14:00:00,810.0,848.0,126.0,31.3,3.4000000000000004
2022-08-22 15:00:00,658.0,805.0,115.0,30.8,3.3000000000000003
2022-08-22 16:00:00,464.0,726.0,99.0,29.9,3.0
2022-08-22 17:00:00,251.0,580.0,73.0,28.3,2.6
2022-08-22 18:00:00,58.0,265.0,32.0,25.0,1.7000000000000002
2022-08-22 19:00:00,0.0,0.0,0.0,23.0,0.9
2022-08-22 20:00:00,0.0,0.0,0.0,22.4,0.3
2022-08-22 21:00:00,0.0,0.0,0.0,22.1,0.4
2022-08-22 22:00:00,0.0,0.0,0.0,21.9,0.8
2022-08-22 23:00:00,0.0,0.0,0.0,22.0,1.0
2022-08-23 00:00:00,0.0,0.0,0.0,22.0,0.9
2022-08-23 01:00:00,0.0,0.0,0.0,21.8,1.0
2022-08-23 02:00:00,0.0,0.0,0.0,21.4,1.0
2022-08-23 03:00:00,0.0,0.0,0.0,21.0,1.1
2022-08-23 04:00:00,0.0,0.0,0.0,20.8,1.0
2022-08-23 05:00:00,0.0,0.0,0.0,21.0,0.9
2022-08-23 06:00:00,84.0,363.0,37.0,23.700000000000003,1.2000000000000002
2022-08-23 07:00:00,286.0,639.0,71.0,26.3,0.7000000000000001
2022-08-23 08:00:00,500.0,767.0,93.0,29.200000000000003,1.1
2022-08-23 09:00:00,688.0,834.0,108.0,31.5,2.0
2022-08-23 10:00:00,832.0,869.0,119.0,32.9,2.5
2022-08-23 11:00:00,923.0,885.0,128.0,33.800000000000004,2.9000000000000004
2022-08-23 12:00:00,948.0,884.0,134.0,34.1,3.0
2022-08-23 13:00:00,908.0,869.0,136.0,34.0,3.0
2022-08-23 14:00:00,804.0,834.0,134.0,33.4,2.9000000000000004
2022-08-23 15:00:00,650.0,784.0,124.0,32.5,2.7
2022-08-23 16:00:00,456.0,697.0,108.0,31.1,2.5
2022-08-23 17:00:00,244.0,540.0,81.0,28.8,2.2
2022-08-23 18:00:00,54.0,222.0,33.0,25.5,1.6
2022-08-23 19:00:00,0.0,0.0,0.0,23.6,1.4
2022-08-23 20:00:00,0.0,0.0,0.0,22.9,1.8
2022-08-23 21:00:00,0.0,0.0,0.0,22.4,2.1
2022-08-23 22:00:00,0.0,0.0,0.0,21.8,1.9
2022-08-23 23:00:00,0.0,0.0,0.0,21.200000000000003,1.8
2022-08-24 00:00:00,0.0,0.0,0.0,20.6,1.7000000000000002
2022-08-24 01:00:00,0.0,0.0,0.0,20.3,1.5
2022-08-24 02:00:00,0.0,0.0,0.0,20.1,1.5
2022-08-24 03:00:00,0.0,0.0,0.0,20.0,1.5
2022-08-24 04:00:00,0.0,0.0,0.0,20.0,1.5
2022-08-24 05:00:00,0.0,0.0,0.0,20.4,1.5
2022-08-24 06:00:00,83.0,360.0,38.0,23.3,1.8
2022-08-24 07:00:00,286.0,639.0,72.0,26.1,2.0
2022-08-24 08:00:00,497.0,764.0,93.0,28.6,2.5
2022-08-24 09:00:00,684.0,829.0,109.0,30.700000000000003,3.1
2022-08-24 10:00:00,788.0,695.0,219.0,31.700000000000003,3.4000000000000004
2022-08-24 11:00:00,912.0,860.0,141.0,32.1,3.5
2022-08-24 12:00:00,936.0,862.0,145.0,32.2,3.5
2022-08-24 13:00:00,902.0,880.0,122.0,32.1,3.5
2022-08-24 14:00:00,801.0,854.0,117.0,31.700000000000003,3.4000000000000004
2022-08-24 15:00:00,648.0,809.0,108.0,30.9,3.3000000000000003
2022-08-24 16:00:00,454.0,727.0,93.0,29.6,3.2
2022-08-24 17:00:00,235.0,390.0,118.0,27.700000000000003,2.9000000000000004
2022-08-24 18:00:00,51.0,232.0,30.0,25.200000000000003,2.5
2022-08-24 19:00:00,0.0,0.0,0.0,23.8,2.4000000000000004
2022-08-24 20:00:00,0.0,0.0,0.0,23.3,2.1
2022-08-24 21:00:00,0.0,0.0,0.0,22.8,1.8
2022-08-24 22:00:00,0.0,0.0,0.0,22.4,1.6
2022-08-24 23:00:00,0.0,0.0,0.0,21.8,1.5
2022-08-25 00:00:00,0.0,0.0,0.0,21.5,1.6
2022-08-25 01:00:00,0.0,0.0,0.0,21.200000000000003,1.6
2022-08-25 02:00:00,0.0,0.0,0.0,21.1,1.6
2022-08-25 03:00:00,0.0,0.0,0.0,21.1,1.5
2022-08-25 04:00:00,0.0,0.0,0.0,21.200000000000003,1.4
2022-08-25 05:00:00,0.0,0.0,0.0,21.6,1.3
2022-08-25 06:00:00,78.0,323.0,38.0,23.9,1.8
2022-08-25 07:00:00,276.0,610.0,73.0,26.3,2.0
2022-08-25 08:00:00,486.0,748.0,92.0,28.700000000000003,2.3000000000000003
2022-08-25 09:00:00,674.0,822.0,106.0,30.5,2.5
2022-08-25 10:00:00,822.0,871.0,110.0,31.8,2.8000000000000003
2022-08-25 11:00:00,911.0,889.0,116.0,32.7,3.1
2022-08-25 12:00:00,939.0,894.0,120.0,33.0,3.3000000000000003
2022-08-25 13:00:00,897.0,874.0,125.0,32.9,3.5
2022-08-25 14:00:00,795.0,845.0,121.0,32.2,3.6
2022-08-25 15:00:00,641.0,796.0,112.0,31.3,3.4000000000000004
2022-08-25 16:00:00,447.0,711.0,97.0,29.9,3.2
2022-08-25 17:00:00,236.0,553.0,73.0,27.9,2.7
2022-08-25 18:00:00,47.0,218.0,29.0,25.3,1.8
2022-08-25 19:00:00,0.0,0.0,0.0,23.6,1.2000000000000002
2022-08-25 20:00:00,0.0,0.0,0.0,22.9,0.5
2022-08-25 21:00:00,0.0,0.0,0.0,22.6,0.5
2022-08-25 22:00:00,0.0,0.0,0.0,22.4,0.7000000000000001
2022-08-25 23:00:00,0.0,0.0,0.0,22.200000000000003,0.8
2022-08-26 00:00:00,0.0,0.0,0.0,22.0,0.9
2022-08-26 01:00:00,0.0,0.0,0.0,21.6,0.7000000000000001
2022-08-26 02:00:00,0.0,0.0,0.0,21.1,0.7000000000000001
2022-08-26 03:00:00,0.0,0.0,0.0,20.8,0.7000000000000001
2022-08-26 04:00:00,0.0,0.0,0.0,20.5,0.8
2022-08-26 05:00:00,0.0,0.0,0.0,20.6,0.8
2022-08-26 06:00:00,78.0,328.0,38.0,22.700000000000003,1.2000000000000002
2022-08-26 07:00:00,279.0,621.0,73.0,25.1,0.8
2022-08-26 08:00:00,493.0,761.0,94.0,27.8,1.1
2022-08-26 09:00:00,682.0,834.0,107.0,30.0,1.8
2022-08-26 10:00:00,835.0,895.0,106.0,32.0,2.2
2022-08-26 11:00:00,928.0,916.0,111.0,33.300000000000004,2.8000000000000003
2022-08-26 12:00:00,955.0,920.0,114.0,33.6,3.5
2022-08-26 13:00:00,914.0,910.0,113.0,33.2,4.0
2022-08-26 14:00:00,814.0,887.0,109.0,32.4,4.0
2022-08-26 15:00:00,657.0,843.0,100.0,31.3,3.8
2022-08-26 16:00:00,461.0,770.0,85.0,29.9,3.4000000000000004
2022-08-26 17:00:00,244.0,625.0,63.0,27.8,2.7
2022-08-26 18:00:00,49.0,282.0,26.0,24.8,1.7000000000000002
2022-08-26 19:00:00,0.0,0.0,0.0,22.8,0.8
2022-08-26 20:00:00,0.0,0.0,0.0,21.9,0.4
2022-08-26 21:00:00,0.0,0.0,0.0,21.4,0.6000000000000001
2022-08-26 22:00:00,0.0,0.0,0.0,20.9,0.6000000000000001
2022-08-26 23:00:00,0.0,0.0,0.0,20.4,0.6000000000000001
2022-08-27 00:00:00,0.0,0.0,0.0,20.0,0.6000000000000001
2022-08-27 01:00:00,0.0,0.0,0.0,19.5,0.7000000000000001
2022-08-27 02:00:00,0.0,0.0,0.0,19.1,0.8
2022-08-27 03:00:00,0.0,0.0,0.0,18.7,0.9
2022-08-27 04:00:00,0.0,0.0,0.0,18.5,0.9
2022-08-27 05:00:00,0.0,0.0,0.0,18.6,0.9
2022-08-27 06:00:00,78.0,363.0,35.0,20.700000000000003,1.5
2022-08-27 07:00:00,282.0,655.0,67.0,23.200000000000003,1.3
2022-08-27 08:00:00,495.0,786.0,85.0,26.0,1.4
2022-08-27 09:00:00,685.0,854.0,98.0,28.0,2.2
2022-08-27 10:00:00,828.0,886.0,108.0,29.200000000000003,3.0
2022-08-27 11:00:00,919.0,905.0,114.0,29.8,3.5
2022-08-27 12:00:00,945.0,911.0,115.0,29.8,3.8
2022-08-27 13:00:00,910.0,920.0,103.0,29.4,3.9
2022-08-27 14:00:00,808.0,899.0,97.0,28.9,3.9
2022-08-27 15:00:00,653.0,859.0,88.0,28.1,3.8
2022-08-27 16:00:00,457.0,787.0,75.0,26.9,3.5
2022-08-27 17:00:00,240.0,642.0,56.0,25.0,2.9000000000000004
2022-08-27 18:00:00,46.0,295.0,24.0,22.6,2.0
2022-08-27 19:00:00,0.0,0.0,0.0,21.0,1.2000000000000002
2022-08-27 20:00:00,0.0,0.0,0.0,20.200000000000003,0.6000000000000001
2022-08-27 21:00:00,0.0,0.0,0.0,19.8,0.6000000000000001
2022-08-27 22:00:00,0.0,0.0,0.0,19.5,0.5
2022-08-27 23:00:00,0.0,0.0,0.0,19.200000000000003,0.4
2022-08-28 00:00:00,0.0,0.0,0.0,18.8,0.4
2022-08-28 01:00:00,0.0,0.0,0.0,18.5,0.3
2022-08-28 02:00:00,0.0,0.0,0.0,18.3,0.4
2022-08-28 03:00:00,0.0,0.0,0.0,18.0,0.5
2022-08-28 04:00:00,0.0,0.0,0.0,17.7,0.6000000000000001
2022-08-28 05:00:00,0.0,0.0,0.0,17.8,0.8
2022-08-28 06:00:00,77.0,369.0,33.0,19.6,1.6
2022-08-28 07:00:00,277.0,652.0,64.0,21.700000000000003,1.7000000000000002
2022-08-28 08:00:00,201.0,4.0,199.0,23.8,2.0
2022-08-28 09:00:00,678.0,851.0,95.0,26.1,2.4000000000000004
2022-08-28 10:00:00,826.0,898.0,98.0,28.0,3.1
2022-08-28 11:00:00,915.0,913.0,105.0,28.8,3.7
2022-08-28 12:00:00,938.0,911.0,110.0,29.0,4.0
2022-08-28 13:00:00,900.0,910.0,104.0,28.8,4.0
2022-08-28 14:00:00,797.0,884.0,100.0,28.5,3.8
2022-08-28 15:00:00,641.0,840.0,92.0,27.9,3.4000000000000004
2022-08-28 16:00:00,445.0,760.0,79.0,26.8,3.1
2022-08-28 17:00:00,232.0,611.0,60.0,25.3,2.7
2022-08-28 18:00:00,42.0,255.0,23.0,23.1,2.3000000000000003
2022-08-28 19:00:00,0.0,0.0,0.0,21.5,1.9
2022-08-28 20:00:00,0.0,0.0,0.0,20.700000000000003,1.6
2022-08-28 21:00:00,0.0,0.0,0.0,20.200000000000003,1.4
2022-08-28 22:00:00,0.0,0.0,0.0,19.8,1.1
2022-08-28 23:00:00,0.0,0.0,0.0,19.4,0.9
2022-08-29 00:00:00,0.0,0.0,0.0,19.1,0.8
2022-08-29 01:00:00,0.0,0.0,0.0,18.8,0.5
2022-08-29 02:00:00,0.0,0.0,0.0,18.5,0.2
2022-08-29 03:00:00,0.0,0.0,0.0,18.3,0.1
2022-08-29 04:00:00,0.0,0.0,0.0,18.1,0.1
2022-08-29 05:00:00,0.0,0.0,0.0,18.1,0.3
2022-08-29 06:00:00,73.0,326.0,35.0,19.700000000000003,0.6000000000000001
2022-08-29 07:00:00,274.0,629.0,70.0,22.200000000000003,0.6000000000000001
2022-08-29 08:00:00,488.0,766.0,90.0,25.1,1.1
2022-08-29 09:00:00,677.0,838.0,104.0,27.4,1.9
2022-08-29 10:00:00,827.0,896.0,103.0,29.5,2.7
2022-08-29 11:00:00,918.0,912.0,111.0,30.4,3.3000000000000003
2022-08-29 12:00:00,942.0,914.0,115.0,30.4,3.6
2022-08-29 13:00:00,907.0,919.0,106.0,30.200000000000003,3.5
2022-08-29 14:00:00,803.0,895.0,101.0,29.9,3.2
2022-08-29 15:00:00,647.0,856.0,91.0,29.3,2.9000000000000004
2022-08-29 16:00:00,451.0,785.0,77.0,28.4,2.6
2022-08-29 17:00:00,235.0,641.0,56.0,26.9,2.3000000000000003
2022-08-29 18:00:00,41.0,276.0,22.0,24.1,1.9
2022-08-29 19:00:00,0.0,0.0,0.0,22.6,1.8
2022-08-29 20:00:00,0.0,0.0,0.0,21.9,1.4
2022-08-29 21:00:00,0.0,0.0,0.0,21.5,1.0
2022-08-29 22:00:00,0.0,0.0,0.0,21.3,0.8
2022-08-29 23:00:00,0.0,0.0,0.0,21.200000000000003,0.5
2022-08-30 00:00:00,0.0,0.0,0.0,21.200000000000003,0.4
2022-08-30 01:00:00,0.0,0.0,0.0,21.3,0.3
2022-08-30 02:00:00,0.0,0.0,0.0,21.4,0.2
2022-08-30 03:00:00,0.0,0.0,0.0,21.5,0.2
2022-08-30 04:00:00,0.0,0.0,0.0,21.700000000000003,0.3
2022-08-30 05:00:00,0.0,0.0,0.0,22.0,0.3
2022-08-30 06:00:00,73.0,355.0,33.0,24.0,0.4
2022-08-30 07:00:00,277.0,659.0,65.0,26.8,0.6000000000000001
2022-08-30 08:00:00,492.0,793.0,82.0,29.700000000000003,1.1
2022-08-30 09:00:00,684.0,866.0,94.0,32.4,1.8
2022-08-30 10:00:00,835.0,922.0,92.0,33.9,2.6
2022-08-30 11:00:00,927.0,942.0,97.0,34.6,3.2
2022-08-30 12:00:00,955.0,949.0,98.0,34.800000000000004,3.7
2022-08-30 13:00:00,916.0,943.0,97.0,34.800000000000004,4.0
2022-08-30 14:00:00,814.0,924.0,92.0,34.5,4.1000000000000005
2022-08-30 15:00:00,656.0,885.0,84.0,33.9,4.1000000000000005
2022-08-30 16:00:00,455.0,809.0,72.0,32.9,3.9
2022-08-30 17:00:00,235.0,657.0,55.0,31.0,3.3000000000000003
2022-08-30 18:00:00,38.0,269.0,21.0,27.0,2.1
2022-08-30 19:00:00,0.0,0.0,0.0,25.5,1.7000000000000002
2022-08-30 20:00:00,0.0,0.0,0.0,25.6,1.0
2022-08-30 21:00:00,0.0,0.0,0.0,25.4,0.3
2022-08-30 22:00:00,0.0,0.0,0.0,25.3,0.4
2022-08-30 23:00:00,0.0,0.0,0.0,25.200000000000003,0.6000000000000001
2022-08-31 00:00:00,0.0,0.0,0.0,25.3,0.8
2022-08-31 01:00:00,0.0,0.0,0.0,24.9,1.0
2022-08-31 02:00:00,0.0,0.0,0.0,24.3,1.2000000000000002
2022-08-31 03:00:00,0.0,0.0,0.0,23.8,1.3
2022-08-31 04:00:00,0.0,0.0,0.0,23.5,1.3
2022-08-31 05:00:00,0.0,0.0,0.0,23.6,1.3
2022-08-31 06:00:00,73.0,379.0,31.0,26.700000000000003,1.3
2022-08-31 07:00:00,279.0,681.0,61.0,29.9,1.3
2022-08-31 08:00:00,494.0,810.0,78.0,33.800000000000004,1.4
2022-08-31 09:00:00,684.0,874.0,90.0,36.2,2.1
2022-08-31 10:00:00,832.0,918.0,95.0,37.4,2.5
2022-08-31 11:00:00,922.0,936.0,99.0,38.1,2.9000000000000004
2022-08-31 12:00:00,948.0,939.0,102.0,38.400000000000006,3.4000000000000004
2022-08-31 13:00:00,905.0,927.0,103.0,38.6,3.8
2022-08-31 14:00:00,797.0,897.0,100.0,38.5,4.2
2022-08-31 15:00:00,638.0,848.0,93.0,37.9,4.5
2022-08-31 16:00:00,437.0,760.0,81.0,36.7,4.5
2022-08-31 17:00:00,220.0,585.0,62.0,34.800000000000004,3.8
2022-08-31 18:00:00,32.0,187.0,21.0,31.3,2.6
2022-08-31 19:00:00,0.0,0.0,0.0,30.6,2.1
2022-08-31 20:00:00,0.0,0.0,0.0,30.200000000000003,1.8
2022-08-31 21:00:00,0.0,0.0,0.0,30.0,1.8
2022-08-31 22:00:00,0.0,0.0,0.0,29.700000000000003,1.8
2022-08-31 23:00:00,0.0,0.0,0.0,29.1,1.7000000000000002
2022-09-01 00:00:00,0.0,0.0,0.0,28.5,1.8
2022-09-01 01:00:00,0.0,0.0,0.0,27.9,1.8
2022-09-01 02:00:00,0.0,0.0,0.0,27.4,1.9
2022-09-01 03:00:00,0.0,0.0,0.0,27.1,1.9
2022-09-01 04:00:00,0.0,0.0,0.0,27.0,1.9
2022-09-01 05:00:00,0.0,0.0,0.0,27.200000000000003,1.8
2022-09-01 06:00:00,68.0,336.0,32.0,29.8,2.2
2022-09-01 07:00:00,269.0,641.0,65.0,32.4,2.1
2022-09-01 08:00:00,481.0,774.0,85.0,35.7,1.5
2022-09-01 09:00:00,667.0,838.0,100.0,37.6,1.7000000000000002
2022-09-01 10:00:00,812.0,877.0,109.0,38.0,2.6
2022-09-01 11:00:00,898.0,890.0,117.0,37.9,3.2
2022-09-01 12:00:00,921.0,887.0,124.0,37.4,3.5
2022-09-01 13:00:00,872.0,857.0,133.0,36.9,3.6
2022-09-01 14:00:00,770.0,826.0,130.0,36.2,3.4000000000000004
2022-09-01 15:00:00,611.0,770.0,120.0,35.2,3.0
2022-09-01 16:00:00,415.0,670.0,103.0,34.0,2.4000000000000004
2022-09-01 17:00:00,203.0,486.0,74.0,32.300000000000004,1.7000000000000002
2022-09-01 18:00:00,26.0,116.0,20.0,29.4,0.7000000000000001
2022-09-01 19:00:00,0.0,0.0,0.0,27.9,0.8
2022-09-01 20:00:00,0.0,0.0,0.0,27.4,1.0
2022-09-01 21:00:00,0.0,0.0,0.0,27.0,1.1
2022-09-01 22:00:00,0.0,0.0,0.0,26.6,1.2000000000000002
2022-09-01 23:00:00,0.0,0.0,0.0,25.8,1.4
2022-09-02 00:00:00,0.0,0.0,0.0,24.9,1.5
2022-09-02 01:00:00,0.0,0.0,0.0,24.1,1.6
2022-09-02 02:00:00,0.0,0.0,0.0,23.6,1.7000000000000002
2022-09-02 03:00:00,0.0,0.0,0.0,23.4,1.8
2022-09-02 04:00:00,0.0,0.0,0.0,23.4,1.8
2022-09-02 05:00:00,0.0,0.0,0.0,23.700000000000003,1.8
2022-09-02 06:00:00,63.0,269.0,34.0,26.700000000000003,2.4000000000000004
2022-09-02 07:00:00,258.0,586.0,74.0,29.700000000000003,2.6
2022-09-02 08:00:00,470.0,735.0,95.0,32.300000000000004,2.4000000000000004
2022-09-02 09:00:00,657.0,812.0,109.0,34.4,2.5
2022-09-02 10:00:00,801.0,859.0,114.0,35.9,2.8000000000000003
2022-09-02 11:00:00,889.0,881.0,119.0,36.8,3.2
2022-09-02 12:00:00,914.0,885.0,121.0,37.1,3.5
2022-09-02 13:00:00,871.0,871.0,122.0,36.9,3.7
2022-09-02 14:00:00,738.0,692.0,204.0,36.3,3.6
2022-09-02 15:00:00,388.0,159.0,288.0,35.300000000000004,3.4000000000000004
2022-09-02 16:00:00,408.0,659.0,105.0,33.9,3.0
2022-09-02 17:00:00,198.0,459.0,79.0,32.0,2.4000000000000004
2022-09-02 18:00:00,24.0,94.0,19.0,29.6,1.2000000000000002
2022-09-02 19:00:00,0.0,0.0,0.0,28.3,0.3
2022-09-02 20:00:00,0.0,0.0,0.0,27.5,0.8
2022-09-02 21:00:00,0.0,0.0,0.0,26.8,1.0
2022-09-02 22:00:00,0.0,0.0,0.0,26.200000000000003,1.1
2022-09-02 23:00:00,0.0,0.0,0.0,25.5,1.1
2022-09-03 00:00:00,0.0,0.0,0.0,24.9,1.0
2022-09-03 01:00:00,0.0,0.0,0.0,24.6,0.9
2022-09-03 02:00:00,0.0,0.0,0.0,24.9,0.9
2022-09-03 03:00:00,0.0,0.0,0.0,25.5,1.0
2022-09-03 04:00:00,0.0,0.0,0.0,26.200000000000003,1.1
2022-09-03 05:00:00,0.0,0.0,0.0,26.700000000000003,1.1
2022-09-03 06:00:00,60.0,250.0,34.0,28.8,1.1
2022-09-03 07:00:00,252.0,565.0,75.0,31.6,1.8
2022-09-03 08:00:00,459.0,711.0,98.0,34.1,2.1
2022-09-03 09:00:00,643.0,788.0,113.0,35.800000000000004,2.3000000000000003
2022-09-03 10:00:00,793.0,858.0,109.0,37.1,2.5
2022-09-03 11:00:00,879.0,876.0,116.0,38.0,2.8000000000000003
2022-09-03 12:00:00,900.0,872.0,122.0,38.2,3.2
2022-09-03 13:00:00,854.0,850.0,127.0,37.9,3.4000000000000004
2022-09-03 14:00:00,749.0,811.0,126.0,37.2,3.4000000000000004
2022-09-03 15:00:00,591.0,750.0,118.0,36.2,3.1
2022-09-03 16:00:00,226.0,56.0,200.0,35.2,2.7
2022-09-03 17:00:00,191.0,471.0,71.0,33.6,2.3000000000000003
2022-09-03 18:00:00,22.0,103.0,17.0,30.9,1.2000000000000002
2022-09-03 19:00:00,0.0,0.0,0.0,29.3,0.7000000000000001
2022-09-03 20:00:00,0.0,0.0,0.0,28.5,0.4
2022-09-03 21:00:00,0.0,0.0,0.0,27.9,0.6000000000000001
2022-09-03 22:00:00,0.0,0.0,0.0,27.6,0.7000000000000001
2022-09-03 23:00:00,0.0,0.0,0.0,27.700000000000003,0.8
2022-09-04 00:00:00,0.0,0.0,0.0,27.8,0.8
2022-09-04 01:00:00,0.0,0.0,0.0,27.700000000000003,0.9
2022-09-04 02:00:00,0.0,0.0,0.0,27.4,1.0
2022-09-04 03:00:00,0.0,0.0,0.0,27.200000000000003,0.9
2022-09-04 04:00:00,0.0,0.0,0.0,27.1,0.6000000000000001
2022-09-04 05:00:00,0.0,0.0,0.0,27.5,0.2
2022-09-04 06:00:00,62.0,322.0,29.0,29.5,0.7000000000000001
2022-09-04 07:00:00,257.0,628.0,61.0,32.2,0.7000000000000001
2022-09-04 08:00:00,346.0,274.0,207.0,35.0,0.3
2022-09-04 09:00:00,466.0,272.0,284.0,37.3,1.1
2022-09-04 10:00:00,502.0,209.0,336.0,38.400000000000006,1.9
2022-09-04 11:00:00,743.0,550.0,265.0,38.7,2.7
2022-09-04 12:00:00,875.0,807.0,158.0,37.8,3.7
2022-09-04 13:00:00,839.0,818.0,141.0,36.2,4.4
2022-09-04 14:00:00,737.0,792.0,132.0,34.7,4.3
2022-09-04 15:00:00,586.0,758.0,111.0,33.800000000000004,3.8
2022-09-04 16:00:00,128.0,6.0,125.0,32.6,3.2
2022-09-04 17:00:00,140.0,96.0,116.0,31.0,2.7
2022-09-04 18:00:00,16.0,1.0,16.0,28.9,2.0
2022-09-04 19:00:00,0.0,0.0,0.0,27.6,1.4
2022-09-04 20:00:00,0.0,0.0,0.0,26.9,1.0
2022-09-04 21:00:00,0.0,0.0,0.0,26.4,0.8
2022-09-04 22:00:00,0.0,0.0,0.0,26.0,0.7000000000000001
2022-09-04 23:00:00,0.0,0.0,0.0,25.700000000000003,0.7000000000000001
2022-09-05 00:00:00,0.0,0.0,0.0,25.4,0.7000000000000001
2022-09-05 01:00:00,0.0,0.0,0.0,25.200000000000003,0.8
2022-09-05 02:00:00,0.0,0.0,0.0,24.9,0.9
2022-09-05 03:00:00,0.0,0.0,0.0,24.6,1.1
2022-09-05 04:00:00,0.0,0.0,0.0,24.200000000000003,1.2000000000000002
2022-09-05 05:00:00,0.0,0.0,0.0,24.1,1.2000000000000002
2022-09-05 06:00:00,56.0,244.0,32.0,25.8,1.6
2022-09-05 07:00:00,247.0,564.0,73.0,28.4,1.7000000000000002
2022-09-05 08:00:00,457.0,721.0,94.0,31.6,1.9
2022-09-05 09:00:00,645.0,805.0,107.0,34.6,2.3000000000000003
2022-09-05 10:00:00,801.0,890.0,97.0,36.3,2.5
2022-09-05 11:00:00,890.0,909.0,103.0,37.4,2.8000000000000003
2022-09-05 12:00:00,914.0,911.0,107.0,37.9,3.0
2022-09-05 13:00:00,868.0,892.0,110.0,37.7,3.1
2022-09-05 14:00:00,760.0,857.0,108.0,36.9,3.3000000000000003
2022-09-05 15:00:00,600.0,802.0,100.0,35.7,3.3000000000000003
2022-09-05 16:00:00,403.0,709.0,85.0,34.2,2.9000000000000004
2022-09-05 17:00:00,192.0,533.0,60.0,32.2,2.3000000000000003
2022-09-05 18:00:00,18.0,118.0,14.0,29.5,1.0
2022-09-05 19:00:00,0.0,0.0,0.0,28.4,0.5
2022-09-05 20:00:00,0.0,0.0,0.0,28.200000000000003,0.1
2022-09-05 21:00:00,0.0,0.0,0.0,28.200000000000003,0.2
2022-09-05 22:00:00,0.0,0.0,0.0,28.0,0.2
2022-09-05 23:00:00,0.0,0.0,0.0,27.9,0.1
2022-09-06 00:00:00,0.0,0.0,0.0,27.700000000000003,0.3
2022-09-06 01:00:00,0.0,0.0,0.0,27.200000000000003,0.5
2022-09-06 02:00:00,0.0,0.0,0.0,26.5,0.7000000000000001
2022-09-06 03:00:00,0.0,0.0,0.0,26.0,0.8
2022-09-06 04:00:00,0.0,0.0,0.0,25.700000000000003,0.9
2022-09-06 05:00:00,0.0,0.0,0.0,25.6,1.0
2022-09-06 06:00:00,54.0,241.0,31.0,27.4,1.2000000000000002
2022-09-06 07:00:00,246.0,557.0,75.0,30.0,1.6
2022-09-06 08:00:00,454.0,708.0,100.0,33.1,1.8
2022-09-06 09:00:00,640.0,788.0,116.0,35.2,2.1
2022-09-06 10:00:00,788.0,848.0,118.0,36.5,2.5
2022-09-06 11:00:00,874.0,866.0,126.0,37.2,2.9000000000000004
2022-09-06 12:00:00,893.0,861.0,133.0,37.2,3.1
2022-09-06 13:00:00,850.0,851.0,130.0,36.9,3.3000000000000003
2022-09-06 14:00:00,740.0,805.0,131.0,36.2,3.3000000000000003
2022-09-06 15:00:00,577.0,731.0,125.0,35.0,3.3000000000000003
2022-09-06 16:00:00,378.0,609.0,108.0,33.4,3.0
2022-09-06 17:00:00,171.0,407.0,72.0,31.200000000000003,2.2
2022-09-06 18:00:00,11.0,61.0,9.0,28.5,0.9
2022-09-06 19:00:00,0.0,0.0,0.0,27.200000000000003,0.5
2022-09-06 20:00:00,0.0,0.0,0.0,26.700000000000003,0.6000000000000001
2022-09-06 21:00:00,0.0,0.0,0.0,26.200000000000003,0.7000000000000001
2022-09-06 22:00:00,0.0,0.0,0.0,25.6,0.6000000000000001
2022-09-06 23:00:00,0.0,0.0,0.0,25.4,0.4
2022-09-07 00:00:00,0.0,0.0,0.0,25.6,0.2
2022-09-07 01:00:00,0.0,0.0,0.0,25.700000000000003,0.1
2022-09-07 02:00:00,0.0,0.0,0.0,25.700000000000003,0.2
2022-09-07 03:00:00,0.0,0.0,0.0,25.5,0.5
2022-09-07 04:00:00,0.0,0.0,0.0,24.9,0.7000000000000001
2022-09-07 05:00:00,0.0,0.0,0.0,24.5,0.8
2022-09-07 06:00:00,52.0,226.0,31.0,26.1,0.9
2022-09-07 07:00:00,242.0,542.0,77.0,28.9,1.2000000000000002
2022-09-07 08:00:00,450.0,694.0,104.0,31.8,1.1
2022-09-07 09:00:00,634.0,770.0,123.0,34.300000000000004,1.3
2022-09-07 10:00:00,783.0,841.0,122.0,36.3,1.8
2022-09-07 11:00:00,862.0,841.0,138.0,37.5,2.4000000000000004
2022-09-07 12:00:00,841.0,548.0,359.0,37.9,2.9000000000000004
2022-09-07 13:00:00,823.0,606.0,312.0,37.7,3.2
2022-09-07 14:00:00,715.0,729.0,167.0,37.0,3.3000000000000003
2022-09-07 15:00:00,552.0,638.0,159.0,35.9,3.1
2022-09-07 16:00:00,356.0,511.0,132.0,34.5,2.7
2022-09-07 17:00:00,154.0,316.0,79.0,32.7,1.9
2022-09-07 18:00:00,7.0,33.0,6.0,29.8,1.0
2022-09-07 19:00:00,0.0,0.0,0.0,29.0,0.7000000000000001
2022-09-07 20:00:00,0.0,0.0,0.0,28.9,0.4
2022-09-07 21:00:00,0.0,0.0,0.0,28.4,0.3
2022-09-07 22:00:00,0.0,0.0,0.0,27.9,0.4
2022-09-07 23:00:00,0.0,0.0,0.0,27.5,0.5
2022-09-08 00:00:00,0.0,0.0,0.0,27.200000000000003,0.5
2022-09-08 01:00:00,0.0,0.0,0.0,26.8,0.5
2022-09-08 02:00:00,0.0,0.0,0.0,26.4,0.6000000000000001
2022-09-08 03:00:00,0.0,0.0,0.0,26.1,0.8
2022-09-08 04:00:00,0.0,0.0,0.0,25.8,0.9
2022-09-08 05:00:00,0.0,0.0,0.0,25.200000000000003,1.1
2022-09-08 06:00:00,24.0,0.0,24.0,26.700000000000003,1.7000000000000002
2022-09-08 07:00:00,5.0,0.0,5.0,28.5,2.8000000000000003
2022-09-08 08:00:00,50.0,0.0,50.0,30.1,2.7
2022-09-08 09:00:00,522.0,341.0,297.0,31.9,2.2
2022-09-08 10:00:00,476.0,178.0,336.0,34.0,2.1
2022-09-08 11:00:00,96.0,0.0,96.0,35.5,2.6
2022-09-08 12:00:00,493.0,79.0,423.0,36.3,3.2
2022-09-08 13:00:00,774.0,597.0,273.0,36.1,3.6
2022-09-08 14:00:00,554.0,189.0,413.0,35.2,3.6
2022-09-08 15:00:00,508.0,473.0,220.0,34.2,3.0
2022-09-08 16:00:00,290.0,132.0,233.0,32.800000000000004,2.5
2022-09-08 17:00:00,122.0,30.0,115.0,31.200000000000003,2.3000000000000003
2022-09-08 18:00:00,5.0,24.0,4.0,29.5,2.2
2022-09-08 19:00:00,0.0,0.0,0.0,29.200000000000003,1.9
2022-09-08 20:00:00,0.0,0.0,0.0,29.6,1.1
2022-09-08 21:00:00,0.0,0.0,0.0,30.0,0.3
2022-09-08 22:00:00,0.0,0.0,0.0,29.1,0.4
2022-09-08 23:00:00,0.0,0.0,0.0,28.0,0.7000000000000001
2022-09-09 00:00:00,0.0,0.0,0.0,27.200000000000003,0.9
2022-09-09 01:00:00,0.0,0.0,0.0,26.700000000000003,1.0
2022-09-09 02:00:00,0.0,0.0,0.0,26.4,1.1
2022-09-09 03:00:00,0.0,0.0,0.0,26.200000000000003,1.3
2022-09-09 04:00:00,0.0,0.0,0.0,25.8,1.4
2022-09-09 05:00:00,0.0,0.0,0.0,25.5,1.5
2022-09-09 06:00:00,41.0,128.0,29.0,27.700000000000003,2.3000000000000003
2022-09-09 07:00:00,218.0,247.0,144.0,30.0,3.6
2022-09-09 08:00:00,331.0,219.0,223.0,32.0,4.3
2022-09-09 09:00:00,311.0,30.0,291.0,33.0,4.800000000000001
2022-09-09 10:00:00,594.0,348.0,322.0,33.1,5.300000000000001
2022-09-09 11:00:00,590.0,229.0,394.0,33.0,5.6000000000000005
2022-09-09 12:00:00,703.0,408.0,347.0,32.800000000000004,5.6000000000000005
2022-09-09 13:00:00,236.0,3.0,234.0,32.4,5.4
2022-09-09 14:00:00,144.0,1.0,143.0,31.700000000000003,5.1000000000000005
2022-09-09 15:00:00,20.0,0.0,20.0,30.9,4.6000000000000005
2022-09-09 16:00:00,18.0,0.0,18.0,29.9,3.9
2022-09-09 17:00:00,4.0,0.0,4.0,28.6,2.8000000000000003
2022-09-09 18:00:00,3.0,0.0,3.0,26.9,2.2
2022-09-09 19:00:00,0.0,0.0,0.0,25.6,2.4000000000000004
2022-09-09 20:00:00,0.0,0.0,0.0,24.200000000000003,2.5
2022-09-09 21:00:00,0.0,0.0,0.0,23.1,2.1
2022-09-09 22:00:00,0.0,0.0,0.0,22.6,1.8
2022-09-09 23:00:00,0.0,0.0,0.0,22.200000000000003,1.7000000000000002
2022-09-10 00:00:00,0.0,0.0,0.0,21.9,1.8
2022-09-10 01:00:00,0.0,0.0,0.0,22.0,1.8
2022-09-10 02:00:00,0.0,0.0,0.0,22.1,1.6
2022-09-10 03:00:00,0.0,0.0,0.0,22.200000000000003,1.5
2022-09-10 04:00:00,0.0,0.0,0.0,22.200000000000003,1.3
2022-09-10 05:00:00,0.0,0.0,0.0,22.1,1.2000000000000002
2022-09-10 06:00:00,15.0,0.0,15.0,23.5,2.1
2022-09-10 07:00:00,137.0,39.0,126.0,25.4,3.1
2022-09-10 08:00:00,228.0,60.0,199.0,27.200000000000003,3.8
2022-09-10 09:00:00,299.0,53.0,265.0,28.4,4.1000000000000005
2022-09-10 10:00:00,400.0,76.0,341.0,29.4,4.1000000000000005
2022-09-10 11:00:00,132.0,0.0,132.0,30.200000000000003,4.1000000000000005
2022-09-10 12:00:00,397.0,38.0,364.0,30.3,4.1000000000000005
2022-09-10 13:00:00,395.0,51.0,352.0,30.0,3.8
2022-09-10 14:00:00,182.0,4.0,179.0,29.5,3.4000000000000004
2022-09-10 15:00:00,149.0,3.0,147.0,28.700000000000003,2.9000000000000004
2022-09-10 16:00:00,96.0,3.0,94.0,27.6,2.5
2022-09-10 17:00:00,77.0,6.0,76.0,26.200000000000003,2.2
2022-09-10 18:00:00,0.0,0.0,0.0,24.6,1.9
2022-09-10 19:00:00,0.0,0.0,0.0,23.700000000000003,1.7000000000000002
2022-09-10 20:00:00,0.0,0.0,0.0,23.200000000000003,1.6
2022-09-10 21:00:00,0.0,0.0,0.0,22.700000000000003,1.5
2022-09-10 22:00:00,0.0,0.0,0.0,22.3,1.3
2022-09-10 23:00:00,0.0,0.0,0.0,22.1,1.1
2022-09-11 00:00:00,0.0,0.0,0.0,21.9,0.9
2022-09-11 01:00:00,0.0,0.0,0.0,21.9,0.7000000000000001
2022-09-11 02:00:00,0.0,0.0,0.0,21.8,0.5
2022-09-11 03:00:00,0.0,0.0,0.0,21.700000000000003,0.3
2022-09-11 04:00:00,0.0,0.0,0.0,21.700000000000003,0.3
2022-09-11 05:00:00,0.0,0.0,0.0,21.700000000000003,0.4
2022-09-11 06:00:00,26.0,1.0,26.0,22.6,0.7000000000000001
2022-09-11 07:00:00,224.0,460.0,88.0,24.3,0.7000000000000001
2022-09-11 08:00:00,250.0,29.0,236.0,26.700000000000003,0.9
2022-09-11 09:00:00,469.0,300.0,274.0,28.6,1.5
2022-09-11 10:00:00,768.0,848.0,110.0,29.9,2.2
2022-09-11 11:00:00,855.0,872.0,115.0,30.700000000000003,2.7
2022-09-11 12:00:00,875.0,873.0,118.0,30.9,3.2
2022-09-11 13:00:00,831.0,866.0,114.0,30.700000000000003,3.4000000000000004
2022-09-11 14:00:00,722.0,829.0,111.0,30.200000000000003,3.6
2022-09-11 15:00:00,472.0,317.0,282.0,29.1,3.6
2022-09-11 16:00:00,330.0,317.0,197.0,27.700000000000003,3.4000000000000004
2022-09-11 17:00:00,155.0,416.0,64.0,26.0,3.1
2022-09-11 18:00:00,0.0,0.0,0.0,24.4,2.7
2022-09-11 19:00:00,0.0,0.0,0.0,23.5,2.4000000000000004
2022-09-11 20:00:00,0.0,0.0,0.0,23.0,2.0
2022-09-11 21:00:00,0.0,0.0,0.0,22.700000000000003,1.8
2022-09-11 22:00:00,0.0,0.0,0.0,22.5,1.7000000000000002
2022-09-11 23:00:00,0.0,0.0,0.0,22.200000000000003,1.6
2022-09-12 00:00:00,0.0,0.0,0.0,21.9,1.6
2022-09-12 01:00:00,0.0,0.0,0.0,21.700000000000003,1.5
2022-09-12 02:00:00,0.0,0.0,0.0,21.6,1.2000000000000002
2022-09-12 03:00:00,0.0,0.0,0.0,21.4,0.9
2022-09-12 04:00:00,0.0,0.0,0.0,21.3,0.7000000000000001
2022-09-12 05:00:00,0.0,0.0,0.0,21.3,0.5
2022-09-12 06:00:00,42.0,143.0,30.0,22.0,0.5
2022-09-12 07:00:00,171.0,50.0,156.0,23.700000000000003,0.8
2022-09-12 08:00:00,315.0,97.0,268.0,25.6,1.3
2022-09-12 09:00:00,432.0,113.0,358.0,27.1,1.9
2022-09-12 10:00:00,760.0,825.0,122.0,28.200000000000003,2.5
2022-09-12 11:00:00,592.0,165.0,453.0,28.8,3.0
2022-09-12 12:00:00,864.0,849.0,131.0,29.1,3.4000000000000004
2022-09-12 13:00:00,818.0,835.0,129.0,28.9,3.7
2022-09-12 14:00:00,713.0,809.0,120.0,28.5,3.9
2022-09-12 15:00:00,558.0,766.0,104.0,27.8,4.0
2022-09-12 16:00:00,363.0,663.0,87.0,26.8,3.9
2022-09-12 17:00:00,157.0,470.0,57.0,25.200000000000003,3.6
2022-09-12 18:00:00,0.0,0.0,0.0,23.200000000000003,3.0
2022-09-12 19:00:00,0.0,0.0,0.0,22.1,2.4000000000000004
2022-09-12 20:00:00,0.0,0.0,0.0,21.5,1.9
2022-09-12 21:00:00,0.0,0.0,0.0,21.1,1.3
2022-09-12 22:00:00,0.0,0.0,0.0,20.9,0.8
2022-09-12 23:00:00,0.0,0.0,0.0,20.700000000000003,0.8
2022-09-13 00:00:00,0.0,0.0,0.0,20.5,0.8
2022-09-13 01:00:00,0.0,0.0,0.0,20.200000000000003,0.7000000000000001
2022-09-13 02:00:00,0.0,0.0,0.0,19.9,0.6000000000000001
2022-09-13 03:00:00,0.0,0.0,0.0,19.700000000000003,0.5
2022-09-13 04:00:00,0.0,0.0,0.0,19.5,0.5
2022-09-13 05:00:00,0.0,0.0,0.0,19.4,0.6000000000000001
2022-09-13 06:00:00,42.0,161.0,29.0,20.5,1.2000000000000002
2022-09-13 07:00:00,225.0,491.0,82.0,22.4,1.6
2022-09-13 08:00:00,429.0,654.0,113.0,24.3,2.0
2022-09-13 09:00:00,613.0,743.0,131.0,25.9,2.3000000000000003
2022-09-13 10:00:00,759.0,816.0,130.0,27.200000000000003,2.6
2022-09-13 11:00:00,845.0,839.0,138.0,28.1,3.1
2022-09-13 12:00:00,865.0,843.0,140.0,28.5,3.4000000000000004
2022-09-13 13:00:00,434.0,46.0,396.0,28.5,3.6
2022-09-13 14:00:00,710.0,790.0,135.0,27.9,3.7
2022-09-13 15:00:00,552.0,734.0,120.0,27.1,3.5
2022-09-13 16:00:00,356.0,627.0,99.0,25.9,3.2
2022-09-13 17:00:00,150.0,420.0,62.0,24.200000000000003,2.7
2022-09-13 18:00:00,0.0,0.0,0.0,22.3,1.9
2022-09-13 19:00:00,0.0,0.0,0.0,21.4,1.2000000000000002
2022-09-13 20:00:00,0.0,0.0,0.0,20.9,0.8
2022-09-13 21:00:00,0.0,0.0,0.0,20.5,0.4
2022-09-13 22:00:00,0.0,0.0,0.0,20.0,0.3
2022-09-13 23:00:00,0.0,0.0,0.0,19.700000000000003,0.4
2022-09-14 00:00:00,0.0,0.0,0.0,19.4,0.6000000000000001
2022-09-14 01:00:00,0.0,0.0,0.0,19.0,0.8
2022-09-14 02:00:00,0.0,0.0,0.0,18.7,0.9
2022-09-14 03:00:00,0.0,0.0,0.0,18.4,1.0
2022-09-14 04:00:00,0.0,0.0,0.0,18.1,1.1
2022-09-14 05:00:00,0.0,0.0,0.0,18.0,1.2000000000000002
2022-09-14 06:00:00,45.0,225.0,28.0,19.4,2.1
2022-09-14 07:00:00,241.0,596.0,70.0,21.1,2.4000000000000004
2022-09-14 08:00:00,203.0,8.0,199.0,23.0,2.5
2022-09-14 09:00:00,649.0,857.0,96.0,24.9,2.7
2022-09-14 10:00:00,798.0,914.0,97.0,26.200000000000003,3.0
2022-09-14 11:00:00,888.0,938.0,100.0,27.0,3.4000000000000004
2022-09-14 12:00:00,911.0,946.0,100.0,27.200000000000003,3.8
2022-09-14 13:00:00,866.0,941.0,97.0,27.0,4.1000000000000005
2022-09-14 14:00:00,756.0,919.0,91.0,26.6,4.3
2022-09-14 15:00:00,591.0,872.0,82.0,25.700000000000003,4.2
2022-09-14 16:00:00,385.0,778.0,69.0,24.4,3.7
2022-09-14 17:00:00,165.0,582.0,47.0,22.5,3.0
2022-09-14 18:00:00,0.0,0.0,0.0,20.1,2.1
2022-09-14 19:00:00,0.0,0.0,0.0,19.0,1.5
2022-09-14 20:00:00,0.0,0.0,0.0,18.3,0.8
2022-09-14 21:00:00,0.0,0.0,0.0,17.900000000000002,0.5
2022-09-14 22:00:00,0.0,0.0,0.0,17.8,0.5
2022-09-14 23:00:00,0.0,0.0,0.0,17.6,0.7000000000000001
2022-09-15 00:00:00,0.0,0.0,0.0,17.2,0.8
2022-09-15 01:00:00,0.0,0.0,0.0,16.900000000000002,0.9
2022-09-15 02:00:00,0.0,0.0,0.0,16.7,0.9
2022-09-15 03:00:00,0.0,0.0,0.0,16.6,0.9
2022-09-15 04:00:00,0.0,0.0,0.0,16.6,0.8
2022-09-15 05:00:00,0.0,0.0,0.0,16.7,0.8
2022-09-15 06:00:00,40.0,132.0,30.0,18.0,1.3
2022-09-15 07:00:00,230.0,480.0,93.0,19.9,1.4
2022-09-15 08:00:00,171.0,1.0,170.0,21.9,1.5
2022-09-15 09:00:00,166.0,0.0,166.0,23.8,1.8
2022-09-15 10:00:00,799.0,915.0,100.0,25.4,2.3000000000000003
2022-09-15 11:00:00,886.0,936.0,103.0,26.5,2.8000000000000003
2022-09-15 12:00:00,906.0,940.0,105.0,27.200000000000003,3.2
2022-09-15 13:00:00,855.0,923.0,104.0,27.3,3.7
2022-09-15 14:00:00,742.0,890.0,101.0,26.9,4.1000000000000005
2022-09-15 15:00:00,573.0,828.0,93.0,25.9,4.1000000000000005
2022-09-15 16:00:00,367.0,718.0,79.0,24.4,3.9
2022-09-15 17:00:00,152.0,498.0,53.0,22.4,3.4000000000000004
2022-09-15 18:00:00,0.0,0.0,0.0,20.200000000000003,2.4000000000000004
2022-09-15 19:00:00,0.0,0.0,0.0,19.3,1.5
2022-09-15 20:00:00,0.0,0.0,0.0,18.8,0.7000000000000001
2022-09-15 21:00:00,0.0,0.0,0.0,18.4,0.2
2022-09-15 22:00:00,0.0,0.0,0.0,18.3,0.2
2022-09-15 23:00:00,0.0,0.0,0.0,18.3,0.4
2022-09-16 00:00:00,0.0,0.0,0.0,18.0,0.5
2022-09-16 01:00:00,0.0,0.0,0.0,17.400000000000002,0.8
2022-09-16 02:00:00,0.0,0.0,0.0,16.900000000000002,0.9
2022-09-16 03:00:00,0.0,0.0,0.0,16.6,1.0
2022-09-16 04:00:00,0.0,0.0,0.0,16.3,1.1
2022-09-16 05:00:00,0.0,0.0,0.0,16.1,1.1
2022-09-16 06:00:00,41.0,202.0,27.0,17.6,1.4
2022-09-16 07:00:00,235.0,568.0,75.0,20.200000000000003,1.2000000000000002
2022-09-16 08:00:00,449.0,734.0,99.0,22.700000000000003,1.0
2022-09-16 09:00:00,640.0,821.0,114.0,24.5,1.4
2022-09-16 10:00:00,796.0,913.0,100.0,26.1,2.0
2022-09-16 11:00:00,881.0,930.0,106.0,27.3,2.7
2022-09-16 12:00:00,899.0,930.0,110.0,28.0,3.3000000000000003
2022-09-16 13:00:00,853.0,923.0,105.0,28.1,3.8
2022-09-16 14:00:00,739.0,889.0,102.0,27.8,4.0
2022-09-16 15:00:00,571.0,829.0,94.0,26.9,4.1000000000000005
2022-09-16 16:00:00,364.0,717.0,80.0,25.3,4.0
2022-09-16 17:00:00,148.0,494.0,53.0,23.0,3.4000000000000004
2022-09-16 18:00:00,0.0,0.0,0.0,20.6,2.4000000000000004
2022-09-16 19:00:00,0.0,0.0,0.0,19.4,1.3
2022-09-16 20:00:00,0.0,0.0,0.0,18.9,0.5
2022-09-16 21:00:00,0.0,0.0,0.0,18.5,0.2
2022-09-16 22:00:00,0.0,0.0,0.0,18.2,0.4
2022-09-16 23:00:00,0.0,0.0,0.0,17.8,0.6000000000000001
2022-09-17 00:00:00,0.0,0.0,0.0,17.5,0.7000000000000001
2022-09-17 01:00:00,0.0,0.0,0.0,17.2,0.7000000000000001
2022-09-17 02:00:00,0.0,0.0,0.0,17.0,0.8
2022-09-17 03:00:00,0.0,0.0,0.0,16.8,0.8
2022-09-17 04:00:00,0.0,0.0,0.0,16.6,0.9
2022-09-17 05:00:00,0.0,0.0,0.0,16.5,1.0
2022-09-17 06:00:00,40.0,189.0,27.0,17.7,1.7000000000000002
2022-09-17 07:00:00,232.0,558.0,76.0,19.5,1.9
2022-09-17 08:00:00,188.0,4.0,186.0,21.6,2.0
2022-09-17 09:00:00,83.0,0.0,83.0,23.200000000000003,2.4000000000000004
2022-09-17 10:00:00,162.0,0.0,162.0,24.6,2.8000000000000003
2022-09-17 11:00:00,335.0,2.0,333.0,25.5,3.3000000000000003
2022-09-17 12:00:00,351.0,3.0,349.0,25.9,3.7
2022-09-17 13:00:00,839.0,903.0,112.0,25.8,3.9
2022-09-17 14:00:00,727.0,874.0,105.0,25.3,4.0
2022-09-17 15:00:00,561.0,817.0,95.0,24.4,3.9
2022-09-17 16:00:00,358.0,710.0,79.0,23.0,3.5
2022-09-17 17:00:00,142.0,474.0,53.0,21.0,2.9000000000000004
2022-09-17 18:00:00,0.0,0.0,0.0,19.3,2.1
2022-09-17 19:00:00,0.0,0.0,0.0,18.5,1.6
2022-09-17 20:00:00,0.0,0.0,0.0,18.2,1.4
2022-09-17 21:00:00,0.0,0.0,0.0,18.1,1.2000000000000002
2022-09-17 22:00:00,0.0,0.0,0.0,17.8,1.0
2022-09-17 23:00:00,0.0,0.0,0.0,17.400000000000002,1.1
2022-09-18 00:00:00,0.0,0.0,0.0,17.1,1.0
2022-09-18 01:00:00,0.0,0.0,0.0,17.0,1.0
2022-09-18 02:00:00,0.0,0.0,0.0,16.8,0.9
2022-09-18 03:00:00,0.0,0.0,0.0,16.6,0.9
2022-09-18 04:00:00,0.0,0.0,0.0,16.400000000000002,1.0
2022-09-18 05:00:00,0.0,0.0,0.0,16.3,1.0
2022-09-18 06:00:00,26.0,0.0,26.0,17.3,1.8
2022-09-18 07:00:00,121.0,5.0,119.0,18.6,2.2
2022-09-18 08:00:00,451.0,771.0,87.0,20.4,2.5
2022-09-18 09:00:00,644.0,865.0,95.0,22.0,2.9000000000000004
2022-09-18 10:00:00,792.0,923.0,94.0,23.4,3.3000000000000003
2022-09-18 11:00:00,878.0,946.0,96.0,24.3,3.8
2022-09-18 12:00:00,894.0,948.0,96.0,24.700000000000003,4.3
2022-09-18 13:00:00,847.0,944.0,90.0,24.5,4.6000000000000005
2022-09-18 14:00:00,735.0,921.0,85.0,24.0,4.6000000000000005
2022-09-18 15:00:00,568.0,869.0,76.0,23.1,4.3
2022-09-18 16:00:00,364.0,776.0,64.0,21.9,3.7
2022-09-18 17:00:00,146.0,564.0,42.0,20.1,3.0
2022-09-18 18:00:00,0.0,0.0,0.0,18.0,1.8
2022-09-18 19:00:00,0.0,0.0,0.0,17.0,1.4
2022-09-18 20:00:00,0.0,0.0,0.0,16.400000000000002,1.2000000000000002
2022-09-18 21:00:00,0.0,0.0,0.0,15.9,1.1
2022-09-18 22:00:00,0.0,0.0,0.0,15.6,1.0
2022-09-18 23:00:00,0.0,0.0,0.0,15.5,0.9
2022-09-19 00:00:00,0.0,0.0,0.0,15.4,0.8
2022-09-19 01:00:00,0.0,0.0,0.0,15.2,0.6000000000000001
2022-09-19 02:00:00,0.0,0.0,0.0,15.1,0.6000000000000001
2022-09-19 03:00:00,0.0,0.0,0.0,15.1,0.5
2022-09-19 04:00:00,0.0,0.0,0.0,14.9,0.5
2022-09-19 05:00:00,0.0,0.0,0.0,14.8,0.6000000000000001
2022-09-19 06:00:00,40.0,251.0,24.0,15.6,0.9
2022-09-19 07:00:00,239.0,646.0,61.0,17.5,0.9
2022-09-19 08:00:00,456.0,808.0,78.0,20.3,0.9
2022-09-19 09:00:00,649.0,890.0,87.0,22.700000000000003,1.3
2022-09-19 10:00:00,796.0,941.0,88.0,24.700000000000003,2.2
2022-09-19 11:00:00,882.0,960.0,92.0,25.9,3.2
2022-09-19 12:00:00,900.0,962.0,94.0,26.3,3.9
2022-09-19 13:00:00,851.0,957.0,88.0,26.200000000000003,4.2
2022-09-19 14:00:00,735.0,928.0,83.0,25.700000000000003,4.3
2022-09-19 15:00:00,567.0,878.0,74.0,24.9,4.2
2022-09-19 16:00:00,359.0,780.0,61.0,23.5,4.1000000000000005
2022-09-19 17:00:00,141.0,565.0,40.0,21.5,3.6
2022-09-19 18:00:00,0.0,0.0,0.0,19.3,2.4000000000000004
2022-09-19 19:00:00,0.0,0.0,0.0,18.2,2.0
2022-09-19 20:00:00,0.0,0.0,0.0,17.6,1.6
2022-09-19 21:00:00,0.0,0.0,0.0,17.400000000000002,1.3
2022-09-19 22:00:00,0.0,0.0,0.0,17.2,1.0
2022-09-19 23:00:00,0.0,0.0,0.0,17.0,0.8
2022-09-20 00:00:00,0.0,0.0,0.0,16.900000000000002,0.7000000000000001
2022-09-20 01:00:00,0.0,0.0,0.0,16.8,0.6000000000000001
2022-09-20 02:00:00,0.0,0.0,0.0,16.900000000000002,0.6000000000000001
2022-09-20 03:00:00,0.0,0.0,0.0,16.900000000000002,0.6000000000000001
2022-09-20 04:00:00,0.0,0.0,0.0,16.900000000000002,0.6000000000000001
2022-09-20 05:00:00,0.0,0.0,0.0,16.900000000000002,0.4
2022-09-20 06:00:00,35.0,174.0,24.0,17.8,0.3
2022-09-20 07:00:00,226.0,582.0,67.0,19.5,0.3
2022-09-20 08:00:00,441.0,767.0,84.0,22.3,0.8
2022-09-20 09:00:00,632.0,857.0,93.0,24.700000000000003,2.0
2022-09-20 10:00:00,780.0,923.0,88.0,26.1,2.9000000000000004
2022-09-20 11:00:00,864.0,941.0,93.0,26.9,3.6
2022-09-20 12:00:00,882.0,945.0,93.0,27.200000000000003,4.2
2022-09-20 13:00:00,833.0,940.0,87.0,27.0,4.6000000000000005
2022-09-20 14:00:00,721.0,915.0,82.0,26.5,4.7
2022-09-20 15:00:00,556.0,867.0,74.0,25.700000000000003,4.6000000000000005
2022-09-20 16:00:00,351.0,770.0,61.0,24.4,4.3
2022-09-20 17:00:00,136.0,553.0,40.0,22.6,3.8
2022-09-20 18:00:00,0.0,0.0,0.0,20.3,2.9000000000000004
2022-09-20 19:00:00,0.0,0.0,0.0,19.3,2.6
2022-09-20 20:00:00,0.0,0.0,0.0,18.4,2.2
2022-09-20 21:00:00,0.0,0.0,0.0,17.8,1.8
2022-09-20 22:00:00,0.0,0.0,0.0,17.2,1.5
2022-09-20 23:00:00,0.0,0.0,0.0,16.8,1.4
2022-09-21 00:00:00,0.0,0.0,0.0,16.3,1.3
2022-09-21 01:00:00,0.0,0.0,0.0,16.0,1.3
2022-09-21 02:00:00,0.0,0.0,0.0,15.9,1.2000000000000002
2022-09-21 03:00:00,0.0,0.0,0.0,15.8,1.1
2022-09-21 04:00:00,0.0,0.0,0.0,15.7,0.9
2022-09-21 05:00:00,0.0,0.0,0.0,15.5,0.7000000000000001
2022-09-21 06:00:00,38.0,279.0,21.0,16.6,0.8
2022-09-21 07:00:00,239.0,691.0,52.0,19.1,1.7000000000000002
2022-09-21 08:00:00,460.0,846.0,67.0,21.5,2.5
2022-09-21 09:00:00,653.0,920.0,77.0,23.5,2.9000000000000004
2022-09-21 10:00:00,798.0,960.0,82.0,25.1,3.2
2022-09-21 11:00:00,884.0,979.0,85.0,26.200000000000003,3.6
2022-09-21 12:00:00,901.0,981.0,86.0,26.9,4.0
2022-09-21 13:00:00,850.0,971.0,85.0,27.0,4.5
2022-09-21 14:00:00,734.0,943.0,80.0,26.6,4.7
2022-09-21 15:00:00,564.0,889.0,73.0,25.700000000000003,4.6000000000000005
2022-09-21 16:00:00,354.0,786.0,62.0,24.200000000000003,4.3
2022-09-21 17:00:00,133.0,548.0,41.0,22.0,3.6
2022-09-21 18:00:00,0.0,0.0,0.0,19.5,2.5
2022-09-21 19:00:00,0.0,0.0,0.0,18.4,1.7000000000000002
2022-09-21 20:00:00,0.0,0.0,0.0,17.7,1.2000000000000002
2022-09-21 21:00:00,0.0,0.0,0.0,17.6,0.9
2022-09-21 22:00:00,0.0,0.0,0.0,17.6,0.6000000000000001
2022-09-21 23:00:00,0.0,0.0,0.0,17.400000000000002,0.5
2022-09-22 00:00:00,0.0,0.0,0.0,17.2,0.6000000000000001
2022-09-22 01:00:00,0.0,0.0,0.0,16.8,0.8
2022-09-22 02:00:00,0.0,0.0,0.0,16.400000000000002,0.9
2022-09-22 03:00:00,0.0,0.0,0.0,16.0,1.0
2022-09-22 04:00:00,0.0,0.0,0.0,15.7,1.1
2022-09-22 05:00:00,0.0,0.0,0.0,15.4,1.2000000000000002
2022-09-22 06:00:00,37.0,287.0,20.0,17.3,1.3
2022-09-22 07:00:00,239.0,691.0,54.0,20.8,1.9
2022-09-22 08:00:00,459.0,844.0,70.0,24.5,1.1
2022-09-22 09:00:00,657.0,924.0,81.0,27.0,0.2
2022-09-22 10:00:00,806.0,975.0,81.0,29.1,1.2000000000000002
2022-09-22 11:00:00,891.0,990.0,86.0,30.4,2.3000000000000003
2022-09-22 12:00:00,908.0,991.0,89.0,30.9,3.0
2022-09-22 13:00:00,853.0,976.0,87.0,30.9,3.3000000000000003
2022-09-22 14:00:00,735.0,944.0,84.0,30.5,3.4000000000000004
2022-09-22 15:00:00,562.0,887.0,77.0,29.5,3.3000000000000003
2022-09-22 16:00:00,351.0,781.0,64.0,27.9,3.0
2022-09-22 17:00:00,130.0,544.0,41.0,24.700000000000003,2.1
2022-09-22 18:00:00,0.0,0.0,0.0,21.200000000000003,1.3
2022-09-22 19:00:00,0.0,0.0,0.0,20.1,0.9
2022-09-22 20:00:00,0.0,0.0,0.0,20.1,0.6000000000000001
2022-09-22 21:00:00,0.0,0.0,0.0,20.0,0.8
2022-09-22 22:00:00,0.0,0.0,0.0,19.8,0.9
2022-09-22 23:00:00,0.0,0.0,0.0,19.5,1.0
2022-09-23 00:00:00,0.0,0.0,0.0,19.3,1.1
2022-09-23 01:00:00,0.0,0.0,0.0,19.0,1.1
2022-09-23 02:00:00,0.0,0.0,0.0,18.7,1.1
2022-09-23 03:00:00,0.0,0.0,0.0,18.4,1.1
2022-09-23 04:00:00,0.0,0.0,0.0,18.1,1.2000000000000002
2022-09-23 05:00:00,0.0,0.0,0.0,18.0,1.2000000000000002
2022-09-23 06:00:00,36.0,303.0,19.0,19.700000000000003,1.1
2022-09-23 07:00:00,234.0,693.0,50.0,23.8,1.7000000000000002
2022-09-23 08:00:00,447.0,832.0,66.0,27.4,1.2000000000000002
2022-09-23 09:00:00,634.0,899.0,76.0,30.200000000000003,1.8
2022-09-23 10:00:00,774.0,934.0,83.0,31.5,2.4000000000000004
2022-09-23 11:00:00,853.0,946.0,88.0,32.2,2.9000000000000004
2022-09-23 12:00:00,865.0,943.0,89.0,32.5,3.1
2022-09-23 13:00:00,812.0,927.0,89.0,32.4,3.2
2022-09-23 14:00:00,696.0,894.0,84.0,32.0,3.2
2022-09-23 15:00:00,528.0,833.0,77.0,31.0,3.1
2022-09-23 16:00:00,325.0,723.0,63.0,29.4,2.9000000000000004
2022-09-23 17:00:00,115.0,481.0,39.0,26.700000000000003,2.1
2022-09-23 18:00:00,0.0,0.0,0.0,23.700000000000003,1.0
2022-09-23 19:00:00,0.0,0.0,0.0,22.9,0.6000000000000001
2022-09-23 20:00:00,0.0,0.0,0.0,22.700000000000003,0.3
2022-09-23 21:00:00,0.0,0.0,0.0,22.4,0.6000000000000001
2022-09-23 22:00:00,0.0,0.0,0.0,21.9,0.7000000000000001
2022-09-23 23:00:00,0.0,0.0,0.0,21.6,0.8
2022-09-24 00:00:00,0.0,0.0,0.0,21.4,0.7000000000000001
2022-09-24 01:00:00,0.0,0.0,0.0,21.200000000000003,0.6000000000000001
2022-09-24 02:00:00,0.0,0.0,0.0,21.1,0.5
2022-09-24 03:00:00,0.0,0.0,0.0,21.0,0.6000000000000001
2022-09-24 04:00:00,0.0,0.0,0.0,20.9,0.7000000000000001
2022-09-24 05:00:00,0.0,0.0,0.0,20.9,0.8
2022-09-24 06:00:00,31.0,235.0,18.0,21.8,0.8
2022-09-24 07:00:00,217.0,625.0,53.0,24.9,1.0
2022-09-24 08:00:00,425.0,777.0,71.0,28.0,0.2
2022-09-24 09:00:00,609.0,852.0,83.0,30.3,1.1
2022-09-24 10:00:00,750.0,899.0,88.0,31.700000000000003,1.8
2022-09-24 11:00:00,832.0,916.0,94.0,32.6,2.5
2022-09-24 12:00:00,847.0,916.0,96.0,32.800000000000004,3.0
2022-09-24 13:00:00,796.0,905.0,94.0,32.800000000000004,3.4000000000000004
2022-09-24 14:00:00,683.0,872.0,89.0,32.300000000000004,3.5
2022-09-24 15:00:00,517.0,814.0,80.0,31.3,3.5
2022-09-24 16:00:00,317.0,702.0,66.0,29.8,3.3000000000000003
2022-09-24 17:00:00,110.0,457.0,40.0,27.4,2.6
2022-09-24 18:00:00,0.0,0.0,0.0,24.6,1.8
2022-09-24 19:00:00,0.0,0.0,0.0,23.6,1.3
2022-09-24 20:00:00,0.0,0.0,0.0,23.1,1.0
2022-09-24 21:00:00,0.0,0.0,0.0,22.9,0.6000000000000001
2022-09-24 22:00:00,0.0,0.0,0.0,22.5,0.5
2022-09-24 23:00:00,0.0,0.0,0.0,22.1,0.4
2022-09-25 00:00:00,0.0,0.0,0.0,21.8,0.4
2022-09-25 01:00:00,0.0,0.0,0.0,21.700000000000003,0.3
2022-09-25 02:00:00,0.0,0.0,0.0,21.6,0.2
2022-09-25 03:00:00,0.0,0.0,0.0,21.6,0.4
2022-09-25 04:00:00,0.0,0.0,0.0,21.5,0.6000000000000001
2022-09-25 05:00:00,0.0,0.0,0.0,21.5,0.7000000000000001
2022-09-25 06:00:00,29.0,226.0,18.0,22.5,0.6000000000000001
2022-09-25 07:00:00,216.0,624.0,53.0,25.3,0.5
2022-09-25 08:00:00,425.0,780.0,72.0,28.3,0.6000000000000001
2022-09-25 09:00:00,610.0,857.0,84.0,31.0,1.2000000000000002
2022-09-25 10:00:00,754.0,910.0,87.0,32.7,1.9
2022-09-25 11:00:00,835.0,927.0,92.0,33.6,2.6
2022-09-25 12:00:00,850.0,927.0,94.0,33.9,3.1
2022-09-25 13:00:00,802.0,921.0,90.0,33.800000000000004,3.5
2022-09-25 14:00:00,686.0,886.0,87.0,33.300000000000004,3.7
2022-09-25 15:00:00,518.0,823.0,80.0,32.4,3.7
2022-09-25 16:00:00,314.0,698.0,68.0,30.9,3.6
2022-09-25 17:00:00,105.0,434.0,41.0,28.0,3.1
2022-09-25 18:00:00,0.0,0.0,0.0,25.1,2.1
2022-09-25 19:00:00,0.0,0.0,0.0,23.8,1.2000000000000002
2022-09-25 20:00:00,0.0,0.0,0.0,23.5,0.4
2022-09-25 21:00:00,0.0,0.0,0.0,23.5,0.2
2022-09-25 22:00:00,0.0,0.0,0.0,23.5,0.4
2022-09-25 23:00:00,0.0,0.0,0.0,23.3,0.4
2022-09-26 00:00:00,0.0,0.0,0.0,23.200000000000003,0.3
2022-09-26 01:00:00,0.0,0.0,0.0,23.1,0.4
2022-09-26 02:00:00,0.0,0.0,0.0,23.0,0.6000000000000001
2022-09-26 03:00:00,0.0,0.0,0.0,22.9,0.7000000000000001
2022-09-26 04:00:00,0.0,0.0,0.0,22.9,0.7000000000000001
2022-09-26 05:00:00,0.0,0.0,0.0,22.8,0.7000000000000001
2022-09-26 06:00:00,27.0,182.0,18.0,23.5,0.6000000000000001
2022-09-26 07:00:00,208.0,581.0,59.0,26.3,0.7000000000000001
2022-09-26 08:00:00,416.0,743.0,81.0,29.4,0.2
2022-09-26 09:00:00,600.0,824.0,97.0,32.2,0.6000000000000001
2022-09-26 10:00:00,746.0,899.0,90.0,33.800000000000004,1.2000000000000002
2022-09-26 11:00:00,826.0,914.0,97.0,34.4,2.0
2022-09-26 12:00:00,840.0,911.0,101.0,34.6,2.6
2022-09-26 13:00:00,788.0,894.0,101.0,34.5,3.0
2022-09-26 14:00:00,672.0,855.0,98.0,34.0,3.2
2022-09-26 15:00:00,506.0,791.0,89.0,33.1,3.3000000000000003
2022-09-26 16:00:00,269.0,301.0,164.0,31.700000000000003,3.2
2022-09-26 17:00:00,71.0,11.0,70.0,28.9,2.6
2022-09-26 18:00:00,0.0,0.0,0.0,26.200000000000003,1.9
2022-09-26 19:00:00,0.0,0.0,0.0,25.3,1.1
2022-09-26 20:00:00,0.0,0.0,0.0,24.9,0.2
2022-09-26 21:00:00,0.0,0.0,0.0,24.3,0.7000000000000001
2022-09-26 22:00:00,0.0,0.0,0.0,23.6,0.9
2022-09-26 23:00:00,0.0,0.0,0.0,23.0,1.0
2022-09-27 00:00:00,0.0,0.0,0.0,22.5,0.9
2022-09-27 01:00:00,0.0,0.0,0.0,22.200000000000003,0.8
2022-09-27 02:00:00,0.0,0.0,0.0,22.1,0.9
2022-09-27 03:00:00,0.0,0.0,0.0,22.200000000000003,1.0
2022-09-27 04:00:00,0.0,0.0,0.0,22.4,1.0
2022-09-27 05:00:00,0.0,0.0,0.0,22.6,0.9
2022-09-27 06:00:00,25.0,170.0,18.0,23.6,0.8
2022-09-27 07:00:00,170.0,160.0,130.0,27.0,1.1
2022-09-27 08:00:00,417.0,749.0,82.0,29.9,0.9
2022-09-27 09:00:00,602.0,830.0,97.0,32.300000000000004,1.2000000000000002
2022-09-27 10:00:00,747.0,902.0,92.0,33.800000000000004,1.7000000000000002
2022-09-27 11:00:00,827.0,917.0,99.0,34.6,2.1
2022-09-27 12:00:00,841.0,916.0,102.0,34.7,2.4000000000000004
2022-09-27 13:00:00,790.0,905.0,99.0,34.5,2.6
2022-09-27 14:00:00,673.0,867.0,95.0,34.0,2.8000000000000003
2022-09-27 15:00:00,506.0,802.0,87.0,33.1,2.9000000000000004
2022-09-27 16:00:00,303.0,675.0,71.0,31.6,2.8000000000000003
2022-09-27 17:00:00,96.0,402.0,41.0,28.700000000000003,1.9
2022-09-27 18:00:00,0.0,0.0,0.0,26.0,1.2000000000000002
2022-09-27 19:00:00,0.0,0.0,0.0,25.200000000000003,0.6000000000000001
2022-09-27 20:00:00,0.0,0.0,0.0,25.200000000000003,0.3
2022-09-27 21:00:00,0.0,0.0,0.0,24.5,0.8
2022-09-27 22:00:00,0.0,0.0,0.0,23.8,1.1
2022-09-27 23:00:00,0.0,0.0,0.0,23.3,1.1
2022-09-28 00:00:00,0.0,0.0,0.0,22.9,1.0
2022-09-28 01:00:00,0.0,0.0,0.0,22.700000000000003,0.9
2022-09-28 02:00:00,0.0,0.0,0.0,22.700000000000003,0.9
2022-09-28 03:00:00,0.0,0.0,0.0,22.8,0.9
2022-09-28 04:00:00,0.0,0.0,0.0,23.0,0.9
2022-09-28 05:00:00,0.0,0.0,0.0,23.200000000000003,0.9
2022-09-28 06:00:00,24.0,172.0,17.0,24.3,0.8
2022-09-28 07:00:00,207.0,590.0,59.0,27.6,1.2000000000000002
2022-09-28 08:00:00,417.0,758.0,81.0,30.700000000000003,1.1
2022-09-28 09:00:00,601.0,837.0,96.0,32.9,1.7000000000000002
2022-09-28 10:00:00,748.0,907.0,92.0,33.9,2.3000000000000003
2022-09-28 11:00:00,826.0,918.0,100.0,34.4,2.7
2022-09-28 12:00:00,839.0,917.0,103.0,34.300000000000004,3.0
2022-09-28 13:00:00,787.0,905.0,100.0,33.800000000000004,3.2
2022-09-28 14:00:00,671.0,869.0,95.0,32.9,3.2
2022-09-28 15:00:00,504.0,809.0,85.0,31.700000000000003,3.1
2022-09-28 16:00:00,300.0,691.0,67.0,30.200000000000003,2.6
2022-09-28 17:00:00,94.0,427.0,37.0,27.3,1.4
2022-09-28 18:00:00,0.0,0.0,0.0,24.5,0.6000000000000001
2022-09-28 19:00:00,0.0,0.0,0.0,23.5,0.5
2022-09-28 20:00:00,0.0,0.0,0.0,22.700000000000003,1.0
2022-09-28 21:00:00,0.0,0.0,0.0,22.1,1.0
2022-09-28 22:00:00,0.0,0.0,0.0,21.6,1.0
2022-09-28 23:00:00,0.0,0.0,0.0,21.3,1.0
2022-09-29 00:00:00,0.0,0.0,0.0,21.3,1.0
2022-09-29 01:00:00,0.0,0.0,0.0,21.200000000000003,1.1
2022-09-29 02:00:00,0.0,0.0,0.0,21.0,1.2000000000000002
2022-09-29 03:00:00,0.0,0.0,0.0,20.9,1.3
2022-09-29 04:00:00,0.0,0.0,0.0,20.9,1.3
2022-09-29 05:00:00,0.0,0.0,0.0,20.9,1.3
2022-09-29 06:00:00,23.0,195.0,15.0,21.8,1.2000000000000002
2022-09-29 07:00:00,209.0,619.0,55.0,24.700000000000003,1.3
2022-09-29 08:00:00,421.0,784.0,75.0,27.5,0.9
2022-09-29 09:00:00,610.0,868.0,88.0,29.5,1.5
2022-09-29 10:00:00,753.0,915.0,95.0,30.700000000000003,2.1
2022-09-29 11:00:00,834.0,933.0,100.0,31.4,2.6
2022-09-29 12:00:00,848.0,934.0,102.0,31.6,3.1
2022-09-29 13:00:00,796.0,930.0,94.0,31.3,3.4000000000000004
2022-09-29 14:00:00,679.0,899.0,88.0,30.6,3.6
2022-09-29 15:00:00,509.0,840.0,78.0,29.6,3.5
2022-09-29 16:00:00,304.0,730.0,61.0,28.0,3.1
2022-09-29 17:00:00,93.0,461.0,34.0,25.0,2.2
2022-09-29 18:00:00,0.0,0.0,0.0,22.0,1.3
2022-09-29 19:00:00,0.0,0.0,0.0,20.8,0.4
2022-09-29 20:00:00,0.0,0.0,0.0,20.1,0.4
2022-09-29 21:00:00,0.0,0.0,0.0,19.5,0.8
2022-09-29 22:00:00,0.0,0.0,0.0,19.0,1.0
2022-09-29 23:00:00,0.0,0.0,0.0,18.5,1.1
2022-09-30 00:00:00,0.0,0.0,0.0,18.1,1.1
2022-09-30 01:00:00,0.0,0.0,0.0,17.7,1.1
2022-09-30 02:00:00,0.0,0.0,0.0,17.5,1.2000000000000002
2022-09-30 03:00:00,0.0,0.0,0.0,17.2,1.2000000000000002
2022-09-30 04:00:00,0.0,0.0,0.0,17.0,1.3
2022-09-30 05:00:00,0.0,0.0,0.0,16.8,1.3
2022-09-30 06:00:00,23.0,192.0,15.0,17.7,1.3
2022-09-30 07:00:00,210.0,631.0,54.0,20.6,2.0
2022-09-30 08:00:00,423.0,797.0,74.0,23.1,2.2
2022-09-30 09:00:00,611.0,878.0,86.0,25.4,2.5
2022-09-30 10:00:00,751.0,920.0,92.0,27.0,3.0
2022-09-30 11:00:00,832.0,939.0,96.0,27.9,3.3000000000000003
2022-09-30 12:00:00,846.0,941.0,98.0,28.1,3.6
2022-09-30 13:00:00,793.0,934.0,92.0,27.8,3.6
2022-09-30 14:00:00,675.0,901.0,87.0,27.200000000000003,3.5
2022-09-30 15:00:00,505.0,841.0,78.0,26.200000000000003,3.2
2022-09-30 16:00:00,293.0,687.0,69.0,24.6,2.8000000000000003
2022-09-30 17:00:00,86.0,390.0,37.0,22.0,2.0
2022-09-30 18:00:00,0.0,0.0,0.0,19.3,1.3
2022-09-30 19:00:00,0.0,0.0,0.0,18.2,1.0
2022-09-30 20:00:00,0.0,0.0,0.0,17.400000000000002,1.0
2022-09-30 21:00:00,0.0,0.0,0.0,16.900000000000002,1.0
2022-09-30 22:00:00,0.0,0.0,0.0,16.3,1.0
2022-09-30 23:00:00,0.0,0.0,0.0,15.9,1.1
2022-10-01 00:00:00,0.0,0.0,0.0,15.6,1.1
2022-10-01 01:00:00,0.0,0.0,0.0,15.5,1.1
2022-10-01 02:00:00,0.0,0.0,0.0,15.5,1.0
2022-10-01 03:00:00,0.0,0.0,0.0,15.5,1.0
2022-10-01 04:00:00,0.0,0.0,0.0,15.6,1.1
2022-10-01 05:00:00,0.0,0.0,0.0,15.5,1.1
2022-10-01 06:00:00,11.0,0.0,11.0,16.1,1.4
2022-10-01 07:00:00,55.0,0.0,55.0,17.7,1.6
2022-10-01 08:00:00,108.0,0.0,107.0,20.3,1.9
2022-10-01 09:00:00,312.0,30.0,294.0,22.8,2.2
2022-10-01 10:00:00,743.0,902.0,100.0,24.9,2.7
2022-10-01 11:00:00,825.0,929.0,101.0,26.4,3.2
2022-10-01 12:00:00,836.0,932.0,100.0,27.3,3.8
2022-10-01 13:00:00,781.0,914.0,100.0,27.1,4.0
2022-10-01 14:00:00,663.0,879.0,93.0,26.3,3.9
2022-10-01 15:00:00,491.0,810.0,84.0,25.1,3.6
2022-10-01 16:00:00,286.0,678.0,67.0,23.4,3.1
2022-10-01 17:00:00,80.0,372.0,36.0,21.0,2.4000000000000004
2022-10-01 18:00:00,0.0,0.0,0.0,18.6,1.8
2022-10-01 19:00:00,0.0,0.0,0.0,17.5,1.3
2022-10-01 20:00:00,0.0,0.0,0.0,16.900000000000002,0.8
2022-10-01 21:00:00,0.0,0.0,0.0,16.5,0.6000000000000001
2022-10-01 22:00:00,0.0,0.0,0.0,16.1,0.6000000000000001
2022-10-01 23:00:00,0.0,0.0,0.0,15.8,0.5
2022-10-02 00:00:00,0.0,0.0,0.0,15.6,0.5
2022-10-02 01:00:00,0.0,0.0,0.0,15.5,0.6000000000000001
2022-10-02 02:00:00,0.0,0.0,0.0,15.5,0.6000000000000001
2022-10-02 03:00:00,0.0,0.0,0.0,15.6,0.5
2022-10-02 04:00:00,0.0,0.0,0.0,15.6,0.4
2022-10-02 05:00:00,0.0,0.0,0.0,15.6,0.2
2022-10-02 06:00:00,8.0,0.0,8.0,16.2,0.1
2022-10-02 07:00:00,51.0,0.0,51.0,18.2,0.1
2022-10-02 08:00:00,152.0,1.0,151.0,20.8,0.6000000000000001
2022-10-02 09:00:00,575.0,771.0,118.0,23.200000000000003,1.4
2022-10-02 10:00:00,716.0,840.0,121.0,25.200000000000003,2.3000000000000003
2022-10-02 11:00:00,794.0,861.0,127.0,26.700000000000003,3.1
2022-10-02 12:00:00,806.0,863.0,128.0,27.200000000000003,3.6
2022-10-02 13:00:00,761.0,889.0,102.0,27.1,3.7
2022-10-02 14:00:00,644.0,852.0,97.0,26.700000000000003,3.6
2022-10-02 15:00:00,477.0,787.0,85.0,25.9,3.4000000000000004
2022-10-02 16:00:00,276.0,658.0,67.0,24.700000000000003,3.1
2022-10-02 17:00:00,75.0,358.0,34.0,22.4,2.6
2022-10-02 18:00:00,0.0,0.0,0.0,19.9,2.2
2022-10-02 19:00:00,0.0,0.0,0.0,18.8,1.8
2022-10-02 20:00:00,0.0,0.0,0.0,18.3,1.3
2022-10-02 21:00:00,0.0,0.0,0.0,17.900000000000002,0.8
2022-10-02 22:00:00,0.0,0.0,0.0,17.400000000000002,0.5
2022-10-02 23:00:00,0.0,0.0,0.0,17.0,0.4
2022-10-03 00:00:00,0.0,0.0,0.0,16.7,0.3
2022-10-03 01:00:00,0.0,0.0,0.0,16.5,0.2
2022-10-03 02:00:00,0.0,0.0,0.0,16.400000000000002,0.4
2022-10-03 03:00:00,0.0,0.0,0.0,16.3,0.6000000000000001
2022-10-03 04:00:00,0.0,0.0,0.0,16.2,0.7000000000000001
2022-10-03 05:00:00,0.0,0.0,0.0,16.2,0.8
2022-10-03 06:00:00,16.0,93.0,13.0,17.2,0.8
2022-10-03 07:00:00,188.0,532.0,61.0,19.700000000000003,1.0
2022-10-03 08:00:00,394.0,718.0,86.0,22.8,0.8
2022-10-03 09:00:00,578.0,808.0,102.0,25.5,1.4
2022-10-03 10:00:00,719.0,874.0,102.0,27.6,2.2
2022-10-03 11:00:00,799.0,893.0,111.0,28.8,2.9000000000000004
2022-10-03 12:00:00,811.0,890.0,115.0,29.1,3.3000000000000003
2022-10-03 13:00:00,757.0,878.0,110.0,29.0,3.6
2022-10-03 14:00:00,639.0,837.0,105.0,28.6,3.7
2022-10-03 15:00:00,471.0,765.0,93.0,27.6,3.6
2022-10-03 16:00:00,268.0,627.0,73.0,26.1,3.3000000000000003
2022-10-03 17:00:00,70.0,315.0,36.0,23.200000000000003,2.6
2022-10-03 18:00:00,0.0,0.0,0.0,20.6,1.8
2022-10-03 19:00:00,0.0,0.0,0.0,19.700000000000003,1.0
2022-10-03 20:00:00,0.0,0.0,0.0,19.8,0.4
2022-10-03 21:00:00,0.0,0.0,0.0,19.8,0.3
2022-10-03 22:00:00,0.0,0.0,0.0,19.6,0.6000000000000001
2022-10-03 23:00:00,0.0,0.0,0.0,19.200000000000003,0.7000000000000001
2022-10-04 00:00:00,0.0,0.0,0.0,19.0,0.8
2022-10-04 01:00:00,0.0,0.0,0.0,18.7,0.9
2022-10-04 02:00:00,0.0,0.0,0.0,18.2,0.9
2022-10-04 03:00:00,0.0,0.0,0.0,18.0,1.0
2022-10-04 04:00:00,0.0,0.0,0.0,17.900000000000002,1.0
2022-10-04 05:00:00,0.0,0.0,0.0,17.900000000000002,1.0
2022-10-04 06:00:00,15.0,82.0,13.0,18.9,0.9
2022-10-04 07:00:00,186.0,518.0,64.0,22.4,1.5
2022-10-04 08:00:00,392.0,705.0,92.0,25.3,0.9
2022-10-04 09:00:00,576.0,797.0,110.0,28.700000000000003,0.5
2022-10-04 10:00:00,721.0,881.0,103.0,30.1,1.5
2022-10-04 11:00:00,796.0,892.0,112.0,30.700000000000003,2.1
2022-10-04 12:00:00,807.0,885.0,119.0,30.9,2.6
2022-10-04 13:00:00,755.0,884.0,108.0,30.8,3.0
2022-10-04 14:00:00,635.0,837.0,105.0,30.3,3.3000000000000003
2022-10-04 15:00:00,466.0,760.0,95.0,29.3,3.4000000000000004
2022-10-04 16:00:00,264.0,614.0,75.0,27.6,3.1
2022-10-04 17:00:00,66.0,295.0,35.0,24.4,2.1
2022-10-04 18:00:00,0.0,0.0,0.0,21.5,1.1
2022-10-04 19:00:00,0.0,0.0,0.0,20.4,0.5
2022-10-04 20:00:00,0.0,0.0,0.0,19.8,0.8
2022-10-04 21:00:00,0.0,0.0,0.0,19.4,1.0
2022-10-04 22:00:00,0.0,0.0,0.0,19.1,1.1
2022-10-04 23:00:00,0.0,0.0,0.0,18.9,1.1
2022-10-05 00:00:00,0.0,0.0,0.0,18.9,1.2000000000000002
2022-10-05 01:00:00,0.0,0.0,0.0,18.7,1.2000000000000002
2022-10-05 02:00:00,0.0,0.0,0.0,18.5,1.2000000000000002
2022-10-05 03:00:00,0.0,0.0,0.0,18.4,1.1
2022-10-05 04:00:00,0.0,0.0,0.0,18.4,1.1
2022-10-05 05:00:00,0.0,0.0,0.0,18.4,1.0
2022-10-05 06:00:00,14.0,83.0,12.0,19.0,0.8
2022-10-05 07:00:00,184.0,530.0,61.0,21.9,1.0
2022-10-05 08:00:00,390.0,715.0,88.0,24.700000000000003,0.4
2022-10-05 09:00:00,575.0,806.0,106.0,28.4,0.9
2022-10-05 10:00:00,715.0,864.0,112.0,30.0,1.6
2022-10-05 11:00:00,790.0,876.0,121.0,30.700000000000003,2.3000000000000003
2022-10-05 12:00:00,800.0,868.0,129.0,30.8,2.9000000000000004
2022-10-05 13:00:00,745.0,859.0,120.0,30.6,3.3000000000000003
2022-10-05 14:00:00,625.0,810.0,116.0,29.9,3.6
2022-10-05 15:00:00,455.0,727.0,103.0,28.8,3.6
2022-10-05 16:00:00,254.0,576.0,80.0,27.1,3.3000000000000003
2022-10-05 17:00:00,59.0,247.0,35.0,23.9,2.2
2022-10-05 18:00:00,0.0,0.0,0.0,21.200000000000003,1.1
2022-10-05 19:00:00,0.0,0.0,0.0,20.3,0.3
2022-10-05 20:00:00,0.0,0.0,0.0,20.0,0.6000000000000001
2022-10-05 21:00:00,0.0,0.0,0.0,19.8,0.8
2022-10-05 22:00:00,0.0,0.0,0.0,19.5,1.0
2022-10-05 23:00:00,0.0,0.0,0.0,19.200000000000003,1.1
2022-10-06 00:00:00,0.0,0.0,0.0,19.0,1.0
2022-10-06 01:00:00,0.0,0.0,0.0,18.8,0.9
2022-10-06 02:00:00,0.0,0.0,0.0,18.6,0.9
2022-10-06 03:00:00,0.0,0.0,0.0,18.5,0.8
2022-10-06 04:00:00,0.0,0.0,0.0,18.4,0.8
2022-10-06 05:00:00,0.0,0.0,0.0,18.2,0.8
2022-10-06 06:00:00,11.0,46.0,10.0,18.7,0.7000000000000001
2022-10-06 07:00:00,174.0,454.0,70.0,21.4,1.0
2022-10-06 08:00:00,205.0,16.0,199.0,24.1,0.9
2022-10-06 09:00:00,557.0,746.0,126.0,26.9,1.2000000000000002
2022-10-06 10:00:00,709.0,869.0,106.0,29.200000000000003,1.7000000000000002
2022-10-06 11:00:00,785.0,880.0,117.0,30.0,2.2
2022-10-06 12:00:00,793.0,867.0,126.0,30.200000000000003,2.5
2022-10-06 13:00:00,736.0,846.0,125.0,30.0,2.8000000000000003
2022-10-06 14:00:00,616.0,792.0,122.0,29.4,3.0
2022-10-06 15:00:00,444.0,698.0,110.0,28.200000000000003,2.9000000000000004
2022-10-06 16:00:00,244.0,531.0,86.0,26.3,2.6
2022-10-06 17:00:00,54.0,198.0,36.0,22.8,1.9
2022-10-06 18:00:00,0.0,0.0,0.0,20.200000000000003,1.0
2022-10-06 19:00:00,0.0,0.0,0.0,19.3,0.5
2022-10-06 20:00:00,0.0,0.0,0.0,19.0,0.8
2022-10-06 21:00:00,0.0,0.0,0.0,18.9,1.0
2022-10-06 22:00:00,0.0,0.0,0.0,18.8,1.1
2022-10-06 23:00:00,0.0,0.0,0.0,18.7,1.1
2022-10-07 00:00:00,0.0,0.0,0.0,18.6,1.2000000000000002
2022-10-07 01:00:00,0.0,0.0,0.0,18.4,1.1
2022-10-07 02:00:00,0.0,0.0,0.0,18.2,1.0
2022-10-07 03:00:00,0.0,0.0,0.0,18.0,1.0
2022-10-07 04:00:00,0.0,0.0,0.0,17.7,1.1
2022-10-07 05:00:00,0.0,0.0,0.0,17.5,1.1
2022-10-07 06:00:00,11.0,55.0,10.0,18.2,1.0
2022-10-07 07:00:00,176.0,498.0,63.0,21.5,1.5
2022-10-07 08:00:00,379.0,691.0,91.0,24.5,1.2000000000000002
2022-10-07 09:00:00,560.0,789.0,107.0,28.200000000000003,1.5
2022-10-07 10:00:00,697.0,840.0,116.0,30.0,1.8
2022-10-07 11:00:00,773.0,860.0,124.0,30.8,2.0
2022-10-07 12:00:00,781.0,856.0,127.0,31.0,2.2
2022-10-07 13:00:00,727.0,844.0,121.0,30.9,2.3000000000000003
2022-10-07 14:00:00,608.0,795.0,116.0,30.3,2.4000000000000004
2022-10-07 15:00:00,440.0,712.0,102.0,29.3,2.3000000000000003
2022-10-07 16:00:00,242.0,564.0,77.0,27.700000000000003,2.3000000000000003
2022-10-07 17:00:00,53.0,238.0,31.0,24.3,2.0
2022-10-07 18:00:00,0.0,0.0,0.0,21.5,1.6
2022-10-07 19:00:00,0.0,0.0,0.0,20.200000000000003,0.8
2022-10-07 20:00:00,0.0,0.0,0.0,19.6,0.7000000000000001
2022-10-07 21:00:00,0.0,0.0,0.0,19.200000000000003,0.8
2022-10-07 22:00:00,0.0,0.0,0.0,18.8,0.8
2022-10-07 23:00:00,0.0,0.0,0.0,18.7,0.9
2022-10-08 00:00:00,0.0,0.0,0.0,18.8,1.0
2022-10-08 01:00:00,0.0,0.0,0.0,18.8,1.1
2022-10-08 02:00:00,0.0,0.0,0.0,18.7,1.1
2022-10-08 03:00:00,0.0,0.0,0.0,18.6,1.1
2022-10-08 04:00:00,0.0,0.0,0.0,18.6,1.0
2022-10-08 05:00:00,0.0,0.0,0.0,18.4,1.0
2022-10-08 06:00:00,10.0,52.0,9.0,18.9,0.8
2022-10-08 07:00:00,170.0,477.0,63.0,21.8,1.1
2022-10-08 08:00:00,370.0,670.0,93.0,24.700000000000003,0.9
2022-10-08 09:00:00,548.0,765.0,111.0,27.5,1.4
2022-10-08 10:00:00,687.0,835.0,114.0,29.1,1.9
2022-10-08 11:00:00,761.0,850.0,123.0,30.0,2.4000000000000004
2022-10-08 12:00:00,769.0,839.0,131.0,30.200000000000003,2.8000000000000003
2022-10-08 13:00:00,707.0,790.0,143.0,30.0,3.2
2022-10-08 14:00:00,588.0,725.0,143.0,29.3,3.4000000000000004
2022-10-08 15:00:00,421.0,634.0,123.0,28.200000000000003,3.3000000000000003
2022-10-08 16:00:00,226.0,468.0,91.0,26.5,3.0
2022-10-08 17:00:00,45.0,155.0,32.0,23.9,2.1
2022-10-08 18:00:00,0.0,0.0,0.0,21.700000000000003,1.0
2022-10-08 19:00:00,0.0,0.0,0.0,20.9,0.6000000000000001
2022-10-08 20:00:00,0.0,0.0,0.0,20.700000000000003,0.5
2022-10-08 21:00:00,0.0,0.0,0.0,20.6,0.6000000000000001
2022-10-08 22:00:00,0.0,0.0,0.0,20.4,0.7000000000000001
2022-10-08 23:00:00,0.0,0.0,0.0,20.200000000000003,0.7000000000000001
2022-10-09 00:00:00,0.0,0.0,0.0,19.9,0.6000000000000001
2022-10-09 01:00:00,0.0,0.0,0.0,19.5,0.5
2022-10-09 02:00:00,0.0,0.0,0.0,19.200000000000003,0.5
2022-10-09 03:00:00,0.0,0.0,0.0,18.9,0.7000000000000001
2022-10-09 04:00:00,0.0,0.0,0.0,18.7,0.9
2022-10-09 05:00:00,0.0,0.0,0.0,18.6,1.0
2022-10-09 06:00:00,0.0,0.0,0.0,18.9,0.9
2022-10-09 07:00:00,163.0,432.0,68.0,21.200000000000003,1.2000000000000002
2022-10-09 08:00:00,360.0,630.0,102.0,23.5,1.0
2022-10-09 09:00:00,538.0,730.0,124.0,25.8,1.2000000000000002
2022-10-09 10:00:00,676.0,803.0,128.0,27.8,1.6
2022-10-09 11:00:00,753.0,825.0,137.0,29.1,2.0
2022-10-09 12:00:00,762.0,822.0,141.0,29.700000000000003,2.4000000000000004
2022-10-09 13:00:00,708.0,813.0,132.0,29.700000000000003,2.6
2022-10-09 14:00:00,589.0,758.0,127.0,29.200000000000003,2.6
2022-10-09 15:00:00,376.0,384.0,198.0,28.200000000000003,2.5
2022-10-09 16:00:00,216.0,285.0,135.0,26.700000000000003,2.3000000000000003
2022-10-09 17:00:00,34.0,1.0,34.0,23.8,2.0
2022-10-09 18:00:00,0.0,0.0,0.0,21.200000000000003,1.4
2022-10-09 19:00:00,0.0,0.0,0.0,20.0,0.5
2022-10-09 20:00:00,0.0,0.0,0.0,19.700000000000003,0.5
2022-10-09 21:00:00,0.0,0.0,0.0,19.3,0.8
2022-10-09 22:00:00,0.0,0.0,0.0,18.9,0.8
2022-10-09 23:00:00,0.0,0.0,0.0,18.7,0.8
2022-10-10 00:00:00,0.0,0.0,0.0,18.7,0.7000000000000001
2022-10-10 01:00:00,0.0,0.0,0.0,18.5,0.7000000000000001
2022-10-10 02:00:00,0.0,0.0,0.0,18.1,0.8
2022-10-10 03:00:00,0.0,0.0,0.0,17.8,0.9
2022-10-10 04:00:00,0.0,0.0,0.0,17.5,1.0
2022-10-10 05:00:00,0.0,0.0,0.0,17.2,1.0
2022-10-10 06:00:00,0.0,0.0,0.0,17.3,1.0
2022-10-10 07:00:00,162.0,442.0,66.0,19.4,1.5
2022-10-10 08:00:00,103.0,0.0,103.0,21.700000000000003,1.6
2022-10-10 09:00:00,181.0,1.0,181.0,24.1,1.7000000000000002
2022-10-10 10:00:00,673.0,801.0,129.0,26.3,2.0
2022-10-10 11:00:00,749.0,822.0,138.0,27.6,2.4000000000000004
2022-10-10 12:00:00,756.0,816.0,143.0,27.9,2.7
2022-10-10 13:00:00,692.0,760.0,156.0,27.6,2.8000000000000003
2022-10-10 14:00:00,574.0,699.0,151.0,27.0,2.7
2022-10-10 15:00:00,408.0,599.0,133.0,26.0,2.4000000000000004
2022-10-10 16:00:00,213.0,410.0,99.0,24.5,1.9
2022-10-10 17:00:00,36.0,95.0,29.0,22.200000000000003,1.3
2022-10-10 18:00:00,0.0,0.0,0.0,20.4,1.0
2022-10-10 19:00:00,0.0,0.0,0.0,19.700000000000003,0.4
2022-10-10 20:00:00,0.0,0.0,0.0,19.5,0.2
2022-10-10 21:00:00,0.0,0.0,0.0,19.3,0.1
2022-10-10 22:00:00,0.0,0.0,0.0,19.3,0.2
2022-10-10 23:00:00,0.0,0.0,0.0,19.200000000000003,0.3
2022-10-11 00:00:00,0.0,0.0,0.0,18.9,0.5
2022-10-11 01:00:00,0.0,0.0,0.0,18.3,0.7000000000000001
2022-10-11 02:00:00,0.0,0.0,0.0,17.6,0.8
2022-10-11 03:00:00,0.0,0.0,0.0,17.1,0.8
2022-10-11 04:00:00,0.0,0.0,0.0,16.8,0.7000000000000001
2022-10-11 05:00:00,0.0,0.0,0.0,16.6,0.6000000000000001
2022-10-11 06:00:00,0.0,0.0,0.0,16.900000000000002,0.6000000000000001
2022-10-11 07:00:00,20.0,0.0,20.0,18.4,0.6000000000000001
2022-10-11 08:00:00,42.0,0.0,42.0,20.4,0.5
2022-10-11 09:00:00,78.0,0.0,78.0,22.5,0.5
2022-10-11 10:00:00,217.0,1.0,217.0,24.5,0.7000000000000001
2022-10-11 11:00:00,544.0,154.0,430.0,26.3,1.3
2022-10-11 12:00:00,734.0,746.0,177.0,27.1,1.9
2022-10-11 13:00:00,688.0,774.0,147.0,27.200000000000003,2.3000000000000003
2022-10-11 14:00:00,393.0,164.0,295.0,26.700000000000003,2.6
2022-10-11 15:00:00,20.0,0.0,20.0,25.8,2.7
2022-10-11 16:00:00,207.0,412.0,95.0,24.4,2.6
2022-10-11 17:00:00,30.0,1.0,30.0,21.9,2.6
2022-10-11 18:00:00,0.0,0.0,0.0,19.700000000000003,2.1
2022-10-11 19:00:00,0.0,0.0,0.0,18.9,1.7000000000000002
2022-10-11 20:00:00,0.0,0.0,0.0,18.7,1.8
2022-10-11 21:00:00,0.0,0.0,0.0,18.5,1.7000000000000002
2022-10-11 22:00:00,0.0,0.0,0.0,18.2,1.0
2022-10-11 23:00:00,0.0,0.0,0.0,17.900000000000002,0.8
2022-10-12 00:00:00,0.0,0.0,0.0,17.7,0.9
2022-10-12 01:00:00,0.0,0.0,0.0,17.400000000000002,0.9
2022-10-12 02:00:00,0.0,0.0,0.0,17.0,0.7000000000000001
2022-10-12 03:00:00,0.0,0.0,0.0,16.7,0.5
2022-10-12 04:00:00,0.0,0.0,0.0,16.5,0.4
2022-10-12 05:00:00,0.0,0.0,0.0,16.400000000000002,0.3
2022-10-12 06:00:00,0.0,0.0,0.0,16.7,0.1
2022-10-12 07:00:00,150.0,355.0,75.0,18.1,0.4
2022-10-12 08:00:00,179.0,10.0,175.0,20.200000000000003,0.7000000000000001
2022-10-12 09:00:00,205.0,1.0,204.0,23.3,0.5
2022-10-12 10:00:00,486.0,237.0,327.0,25.9,0.8
2022-10-12 11:00:00,724.0,759.0,166.0,27.5,1.7000000000000002
2022-10-12 12:00:00,717.0,622.0,256.0,27.700000000000003,2.4000000000000004
2022-10-12 13:00:00,674.0,723.0,172.0,27.1,2.6
2022-10-12 14:00:00,555.0,658.0,163.0,26.4,2.4000000000000004
2022-10-12 15:00:00,392.0,564.0,138.0,25.700000000000003,2.1
2022-10-12 16:00:00,204.0,405.0,95.0,24.8,2.0
2022-10-12 17:00:00,32.0,101.0,25.0,22.3,2.1
2022-10-12 18:00:00,0.0,0.0,0.0,20.5,2.0
2022-10-12 19:00:00,0.0,0.0,0.0,19.700000000000003,1.6
2022-10-12 20:00:00,0.0,0.0,0.0,19.0,1.3
2022-10-12 21:00:00,0.0,0.0,0.0,18.4,0.9
2022-10-12 22:00:00,0.0,0.0,0.0,17.8,0.5
2022-10-12 23:00:00,0.0,0.0,0.0,17.400000000000002,0.3
2022-10-13 00:00:00,0.0,0.0,0.0,17.1,0.1
2022-10-13 01:00:00,0.0,0.0,0.0,16.900000000000002,0.3
2022-10-13 02:00:00,0.0,0.0,0.0,16.8,0.5
2022-10-13 03:00:00,0.0,0.0,0.0,16.7,0.6000000000000001
2022-10-13 04:00:00,0.0,0.0,0.0,16.6,0.6000000000000001
2022-10-13 05:00:00,0.0,0.0,0.0,16.5,0.6000000000000001
2022-10-13 06:00:00,0.0,0.0,0.0,16.8,0.5
2022-10-13 07:00:00,156.0,457.0,61.0,18.7,0.6000000000000001
2022-10-13 08:00:00,106.0,0.0,106.0,20.9,0.4
2022-10-13 09:00:00,101.0,0.0,101.0,23.9,0.9
2022-10-13 10:00:00,302.0,9.0,296.0,26.1,1.7000000000000002
2022-10-13 11:00:00,743.0,836.0,132.0,27.3,2.4000000000000004
2022-10-13 12:00:00,753.0,840.0,133.0,27.6,2.8000000000000003
2022-10-13 13:00:00,703.0,856.0,112.0,27.4,2.8000000000000003
2022-10-13 14:00:00,585.0,808.0,107.0,26.9,2.8000000000000003
2022-10-13 15:00:00,415.0,718.0,95.0,25.8,2.7
2022-10-13 16:00:00,214.0,541.0,71.0,24.0,2.5
2022-10-13 17:00:00,24.0,0.0,24.0,20.9,1.8
2022-10-13 18:00:00,0.0,0.0,0.0,18.7,1.0
2022-10-13 19:00:00,0.0,0.0,0.0,17.7,0.5
2022-10-13 20:00:00,0.0,0.0,0.0,17.2,0.9
2022-10-13 21:00:00,0.0,0.0,0.0,16.900000000000002,0.9
2022-10-13 22:00:00,0.0,0.0,0.0,16.7,0.7000000000000001
2022-10-13 23:00:00,0.0,0.0,0.0,16.6,0.6000000000000001
2022-10-14 00:00:00,0.0,0.0,0.0,16.7,0.6000000000000001
2022-10-14 01:00:00,0.0,0.0,0.0,16.6,0.5
2022-10-14 02:00:00,0.0,0.0,0.0,16.400000000000002,0.5
2022-10-14 03:00:00,0.0,0.0,0.0,16.2,0.5
2022-10-14 04:00:00,0.0,0.0,0.0,16.0,0.6000000000000001
2022-10-14 05:00:00,0.0,0.0,0.0,15.8,0.6000000000000001
2022-10-14 06:00:00,0.0,0.0,0.0,16.0,0.5
2022-10-14 07:00:00,154.0,432.0,65.0,18.0,0.7000000000000001
2022-10-14 08:00:00,34.0,0.0,34.0,20.3,0.8
2022-10-14 09:00:00,63.0,0.0,63.0,22.9,1.1
2022-10-14 10:00:00,139.0,0.0,139.0,25.4,1.7000000000000002
2022-10-14 11:00:00,262.0,1.0,262.0,27.0,2.4000000000000004
2022-10-14 12:00:00,363.0,19.0,349.0,27.4,3.0
2022-10-14 13:00:00,320.0,11.0,312.0,27.1,3.4000000000000004
2022-10-14 14:00:00,284.0,20.0,272.0,26.200000000000003,3.3000000000000003
2022-10-14 15:00:00,175.0,4.0,173.0,24.9,3.2
2022-10-14 16:00:00,202.0,467.0,81.0,22.8,2.9000000000000004
2022-10-14 17:00:00,13.0,0.0,13.0,19.9,2.3000000000000003
2022-10-14 18:00:00,0.0,0.0,0.0,18.0,1.6
2022-10-14 19:00:00,0.0,0.0,0.0,17.400000000000002,1.1
2022-10-14 20:00:00,0.0,0.0,0.0,17.400000000000002,1.2000000000000002
2022-10-14 21:00:00,0.0,0.0,0.0,17.400000000000002,1.4
2022-10-14 22:00:00,0.0,0.0,0.0,17.2,1.6
2022-10-14 23:00:00,0.0,0.0,0.0,17.0,1.6
2022-10-15 00:00:00,0.0,0.0,0.0,16.900000000000002,1.5
2022-10-15 01:00:00,0.0,0.0,0.0,16.8,1.4
2022-10-15 02:00:00,0.0,0.0,0.0,16.7,1.4
2022-10-15 03:00:00,0.0,0.0,0.0,16.6,1.4
2022-10-15 04:00:00,0.0,0.0,0.0,16.5,1.4
2022-10-15 05:00:00,0.0,0.0,0.0,16.400000000000002,1.4
2022-10-15 06:00:00,0.0,0.0,0.0,16.5,1.5
2022-10-15 07:00:00,5.0,0.0,5.0,17.1,1.7000000000000002
2022-10-15 08:00:00,280.0,168.0,215.0,18.1,1.7000000000000002
2022-10-15 09:00:00,22.0,0.0,22.0,19.8,1.6
2022-10-15 10:00:00,137.0,1.0,136.0,21.4,1.8
2022-10-15 11:00:00,167.0,0.0,167.0,22.6,2.0
2022-10-15 12:00:00,127.0,0.0,127.0,23.0,2.3000000000000003
2022-10-15 13:00:00,151.0,0.0,151.0,22.9,2.8000000000000003
2022-10-15 14:00:00,136.0,0.0,136.0,22.200000000000003,3.2
2022-10-15 15:00:00,94.0,0.0,94.0,21.1,3.4000000000000004
2022-10-15 16:00:00,4.0,0.0,4.0,19.8,3.2
2022-10-15 17:00:00,6.0,0.0,6.0,18.5,2.8000000000000003
2022-10-15 18:00:00,0.0,0.0,0.0,17.7,2.5
2022-10-15 19:00:00,0.0,0.0,0.0,17.5,2.4000000000000004
2022-10-15 20:00:00,0.0,0.0,0.0,17.3,2.2
2022-10-15 21:00:00,0.0,0.0,0.0,17.1,1.9
2022-10-15 22:00:00,0.0,0.0,0.0,17.0,2.0
2022-10-15 23:00:00,0.0,0.0,0.0,16.8,2.4000000000000004
2022-10-16 00:00:00,0.0,0.0,0.0,16.7,2.4000000000000004
2022-10-16 01:00:00,0.0,0.0,0.0,16.6,1.9
2022-10-16 02:00:00,0.0,0.0,0.0,16.5,1.8
2022-10-16 03:00:00,0.0,0.0,0.0,16.400000000000002,2.1
2022-10-16 04:00:00,0.0,0.0,0.0,16.2,1.9
2022-10-16 05:00:00,0.0,0.0,0.0,16.0,1.6
2022-10-16 06:00:00,0.0,0.0,0.0,16.1,1.5
2022-10-16 07:00:00,138.0,318.0,75.0,17.1,1.9
2022-10-16 08:00:00,331.0,547.0,119.0,18.5,1.7000000000000002
2022-10-16 09:00:00,239.0,9.0,234.0,20.5,1.4
2022-10-16 10:00:00,238.0,1.0,237.0,22.200000000000003,1.7000000000000002
2022-10-16 11:00:00,290.0,2.0,289.0,23.700000000000003,2.1
2022-10-16 12:00:00,197.0,0.0,197.0,24.6,2.6
2022-10-16 13:00:00,87.0,0.0,87.0,25.1,2.9000000000000004
2022-10-16 14:00:00,55.0,0.0,55.0,24.9,3.3000000000000003
2022-10-16 15:00:00,72.0,0.0,72.0,24.200000000000003,3.6
2022-10-16 16:00:00,197.0,499.0,72.0,22.6,3.7
2022-10-16 17:00:00,12.0,0.0,12.0,19.9,3.5
2022-10-16 18:00:00,0.0,0.0,0.0,18.1,3.1
2022-10-16 19:00:00,0.0,0.0,0.0,17.6,2.5
2022-10-16 20:00:00,0.0,0.0,0.0,17.400000000000002,1.9
2022-10-16 21:00:00,0.0,0.0,0.0,17.2,1.4
2022-10-16 22:00:00,0.0,0.0,0.0,16.8,1.0
2022-10-16 23:00:00,0.0,0.0,0.0,16.6,0.8
2022-10-17 00:00:00,0.0,0.0,0.0,16.6,0.6000000000000001
2022-10-17 01:00:00,0.0,0.0,0.0,16.400000000000002,0.6000000000000001
2022-10-17 02:00:00,0.0,0.0,0.0,16.1,0.7000000000000001
2022-10-17 03:00:00,0.0,0.0,0.0,15.8,0.8
2022-10-17 04:00:00,0.0,0.0,0.0,15.5,0.9
2022-10-17 05:00:00,0.0,0.0,0.0,15.2,1.0
2022-10-17 06:00:00,0.0,0.0,0.0,15.6,1.1
2022-10-17 07:00:00,146.0,450.0,58.0,18.5,1.7000000000000002
2022-10-17 08:00:00,344.0,668.0,88.0,21.700000000000003,0.9
2022-10-17 09:00:00,522.0,771.0,107.0,24.700000000000003,0.6000000000000001
2022-10-17 10:00:00,655.0,821.0,120.0,26.700000000000003,1.3
2022-10-17 11:00:00,728.0,840.0,129.0,27.700000000000003,1.8
2022-10-17 12:00:00,733.0,833.0,133.0,28.200000000000003,2.2
2022-10-17 13:00:00,683.0,850.0,111.0,28.3,2.5
2022-10-17 14:00:00,562.0,796.0,107.0,27.9,2.6
2022-10-17 15:00:00,391.0,696.0,94.0,27.1,2.6
2022-10-17 16:00:00,196.0,517.0,69.0,25.5,2.6
2022-10-17 17:00:00,23.0,124.0,18.0,22.3,1.9
2022-10-17 18:00:00,0.0,0.0,0.0,20.5,1.4
2022-10-17 19:00:00,0.0,0.0,0.0,20.0,0.6000000000000001
2022-10-17 20:00:00,0.0,0.0,0.0,19.9,0.5
2022-10-17 21:00:00,0.0,0.0,0.0,19.6,0.8
2022-10-17 22:00:00,0.0,0.0,0.0,19.200000000000003,0.9
2022-10-17 23:00:00,0.0,0.0,0.0,18.9,1.0
2022-10-18 00:00:00,0.0,0.0,0.0,18.7,1.1
2022-10-18 01:00:00,0.0,0.0,0.0,18.7,1.1
2022-10-18 02:00:00,0.0,0.0,0.0,18.8,1.0
2022-10-18 03:00:00,0.0,0.0,0.0,18.7,1.0
2022-10-18 04:00:00,0.0,0.0,0.0,18.6,1.1
2022-10-18 05:00:00,0.0,0.0,0.0,18.5,1.1
2022-10-18 06:00:00,0.0,0.0,0.0,18.8,1.2000000000000002
2022-10-18 07:00:00,149.0,521.0,48.0,22.3,2.1
2022-10-18 08:00:00,349.0,734.0,71.0,25.5,2.2
2022-10-18 09:00:00,530.0,836.0,82.0,28.4,2.1
2022-10-18 10:00:00,664.0,888.0,89.0,30.0,1.8
2022-10-18 11:00:00,738.0,910.0,93.0,30.9,1.6
2022-10-18 12:00:00,749.0,915.0,93.0,31.3,1.3
2022-10-18 13:00:00,693.0,908.0,86.0,31.3,1.0
2022-10-18 14:00:00,570.0,862.0,81.0,30.8,0.8
2022-10-18 15:00:00,400.0,778.0,72.0,29.9,0.6000000000000001
2022-10-18 16:00:00,201.0,607.0,55.0,28.0,0.6000000000000001
2022-10-18 17:00:00,23.0,174.0,16.0,24.3,1.0
2022-10-18 18:00:00,0.0,0.0,0.0,23.1,0.7000000000000001
2022-10-18 19:00:00,0.0,0.0,0.0,22.4,0.5
2022-10-18 20:00:00,0.0,0.0,0.0,21.9,0.8
2022-10-18 21:00:00,0.0,0.0,0.0,21.6,1.0
2022-10-18 22:00:00,0.0,0.0,0.0,21.4,1.2000000000000002
2022-10-18 23:00:00,0.0,0.0,0.0,21.1,1.3
2022-10-19 00:00:00,0.0,0.0,0.0,20.9,1.3
2022-10-19 01:00:00,0.0,0.0,0.0,21.0,1.3
2022-10-19 02:00:00,0.0,0.0,0.0,21.0,1.3
2022-10-19 03:00:00,0.0,0.0,0.0,20.9,1.3
2022-10-19 04:00:00,0.0,0.0,0.0,20.6,1.3
2022-10-19 05:00:00,0.0,0.0,0.0,20.200000000000003,1.4
2022-10-19 06:00:00,0.0,0.0,0.0,20.3,1.4
2022-10-19 07:00:00,144.0,486.0,52.0,23.700000000000003,2.1
2022-10-19 08:00:00,341.0,699.0,78.0,26.9,2.0
2022-10-19 09:00:00,521.0,802.0,94.0,29.4,1.8
2022-10-19 10:00:00,653.0,853.0,104.0,30.700000000000003,2.1
2022-10-19 11:00:00,726.0,875.0,110.0,31.5,2.2
2022-10-19 12:00:00,735.0,878.0,110.0,31.9,2.2
2022-10-19 13:00:00,680.0,877.0,99.0,32.0,2.1
2022-10-19 14:00:00,558.0,825.0,94.0,31.6,2.0
2022-10-19 15:00:00,388.0,733.0,82.0,30.700000000000003,2.0
2022-10-19 16:00:00,190.0,548.0,60.0,28.9,2.0
2022-10-19 17:00:00,20.0,127.0,15.0,25.6,2.0
2022-10-19 18:00:00,0.0,0.0,0.0,24.5,1.5
2022-10-19 19:00:00,0.0,0.0,0.0,23.700000000000003,0.8
2022-10-19 20:00:00,0.0,0.0,0.0,23.5,0.4
2022-10-19 21:00:00,0.0,0.0,0.0,23.8,0.4
2022-10-19 22:00:00,0.0,0.0,0.0,24.200000000000003,0.6000000000000001
2022-10-19 23:00:00,0.0,0.0,0.0,23.9,0.8
2022-10-20 00:00:00,0.0,0.0,0.0,23.200000000000003,0.8
2022-10-20 01:00:00,0.0,0.0,0.0,22.8,0.7000000000000001
2022-10-20 02:00:00,0.0,0.0,0.0,22.700000000000003,0.4
2022-10-20 03:00:00,0.0,0.0,0.0,22.4,0.2
2022-10-20 04:00:00,0.0,0.0,0.0,22.200000000000003,0.5
2022-10-20 05:00:00,0.0,0.0,0.0,21.9,0.8
2022-10-20 06:00:00,0.0,0.0,0.0,21.8,0.9
2022-10-20 07:00:00,139.0,467.0,52.0,23.4,1.1
2022-10-20 08:00:00,293.0,371.0,155.0,26.0,1.0
2022-10-20 09:00:00,475.0,545.0,188.0,28.4,0.6000000000000001
2022-10-20 10:00:00,576.0,554.0,222.0,29.9,1.0
2022-10-20 11:00:00,636.0,561.0,243.0,30.6,1.6
2022-10-20 12:00:00,720.0,841.0,125.0,30.700000000000003,2.2
2022-10-20 13:00:00,674.0,878.0,96.0,30.6,2.6
2022-10-20 14:00:00,553.0,822.0,94.0,30.1,3.0
2022-10-20 15:00:00,383.0,726.0,84.0,28.9,3.3000000000000003
2022-10-20 16:00:00,187.0,542.0,61.0,26.9,3.3000000000000003
2022-10-20 17:00:00,18.0,110.0,14.0,23.8,2.3000000000000003
2022-10-20 18:00:00,0.0,0.0,0.0,22.4,1.6
2022-10-20 19:00:00,0.0,0.0,0.0,21.700000000000003,1.0
2022-10-20 20:00:00,0.0,0.0,0.0,21.3,0.4
2022-10-20 21:00:00,0.0,0.0,0.0,21.0,0.4
2022-10-20 22:00:00,0.0,0.0,0.0,20.200000000000003,0.8
2022-10-20 23:00:00,0.0,0.0,0.0,19.4,0.9
2022-10-21 00:00:00,0.0,0.0,0.0,19.1,0.9
2022-10-21 01:00:00,0.0,0.0,0.0,18.8,0.8
2022-10-21 02:00:00,0.0,0.0,0.0,18.4,0.7000000000000001
2022-10-21 03:00:00,0.0,0.0,0.0,18.0,0.8
2022-10-21 04:00:00,0.0,0.0,0.0,17.8,0.9
2022-10-21 05:00:00,0.0,0.0,0.0,17.5,1.1
2022-10-21 06:00:00,0.0,0.0,0.0,17.400000000000002,1.2000000000000002
2022-10-21 07:00:00,141.0,502.0,49.0,19.700000000000003,1.6
2022-10-21 08:00:00,341.0,724.0,74.0,22.1,1.4
2022-10-21 09:00:00,520.0,824.0,88.0,24.3,1.2000000000000002
2022-10-21 10:00:00,652.0,872.0,98.0,25.9,1.5
2022-10-21 11:00:00,724.0,887.0,106.0,27.0,1.9
2022-10-21 12:00:00,730.0,884.0,109.0,27.4,2.4000000000000004
2022-10-21 13:00:00,673.0,872.0,102.0,27.3,2.8000000000000003
2022-10-21 14:00:00,552.0,824.0,96.0,26.6,3.0
2022-10-21 15:00:00,382.0,733.0,83.0,25.5,2.9000000000000004
2022-10-21 16:00:00,185.0,549.0,59.0,23.6,2.7
2022-10-21 17:00:00,16.0,112.0,13.0,20.6,1.6
2022-10-21 18:00:00,0.0,0.0,0.0,18.6,0.8
2022-10-21 19:00:00,0.0,0.0,0.0,17.8,0.3
2022-10-21 20:00:00,0.0,0.0,0.0,17.2,0.4
2022-10-21 21:00:00,0.0,0.0,0.0,16.5,0.8
2022-10-21 22:00:00,0.0,0.0,0.0,15.8,1.2000000000000002
2022-10-21 23:00:00,0.0,0.0,0.0,15.1,1.2000000000000002
2022-10-22 00:00:00,0.0,0.0,0.0,14.5,1.1
2022-10-22 01:00:00,0.0,0.0,0.0,14.8,1.4
2022-10-22 02:00:00,0.0,0.0,0.0,15.0,1.8
2022-10-22 03:00:00,0.0,0.0,0.0,14.8,1.8
2022-10-22 04:00:00,0.0,0.0,0.0,14.7,1.6
2022-10-22 05:00:00,0.0,0.0,0.0,14.7,1.4
2022-10-22 06:00:00,0.0,0.0,0.0,14.8,1.5
2022-10-22 07:00:00,135.0,451.0,54.0,15.8,2.0
2022-10-22 08:00:00,74.0,0.0,74.0,17.3,2.3000000000000003
2022-10-22 09:00:00,288.0,38.0,268.0,19.1,3.1
2022-10-22 10:00:00,354.0,55.0,319.0,20.4,3.7
2022-10-22 11:00:00,289.0,3.0,287.0,21.0,4.2
2022-10-22 12:00:00,144.0,0.0,144.0,21.0,4.6000000000000005
2022-10-22 13:00:00,109.0,0.0,109.0,20.4,4.800000000000001
2022-10-22 14:00:00,85.0,0.0,85.0,19.6,4.7
2022-10-22 15:00:00,43.0,0.0,43.0,18.4,4.4
2022-10-22 16:00:00,9.0,0.0,9.0,17.0,4.0
2022-10-22 17:00:00,4.0,0.0,4.0,15.9,3.8
2022-10-22 18:00:00,0.0,0.0,0.0,15.4,3.7
2022-10-22 19:00:00,0.0,0.0,0.0,15.3,3.7
2022-10-22 20:00:00,0.0,0.0,0.0,15.2,3.6
2022-10-22 21:00:00,0.0,0.0,0.0,15.1,3.5
2022-10-22 22:00:00,0.0,0.0,0.0,14.8,3.0
2022-10-22 23:00:00,0.0,0.0,0.0,14.6,2.6
2022-10-23 00:00:00,0.0,0.0,0.0,14.2,1.9
2022-10-23 01:00:00,0.0,0.0,0.0,13.8,1.7000000000000002
2022-10-23 02:00:00,0.0,0.0,0.0,13.2,1.4
2022-10-23 03:00:00,0.0,0.0,0.0,12.6,1.1
2022-10-23 04:00:00,0.0,0.0,0.0,12.1,0.9
2022-10-23 05:00:00,0.0,0.0,0.0,11.8,0.9
2022-10-23 06:00:00,0.0,0.0,0.0,11.6,1.0
2022-10-23 07:00:00,139.0,500.0,51.0,13.6,1.9
2022-10-23 08:00:00,344.0,742.0,75.0,15.9,2.4000000000000004
2022-10-23 09:00:00,527.0,852.0,87.0,18.4,2.6
2022-10-23 10:00:00,663.0,907.0,94.0,20.1,2.1
2022-10-23 11:00:00,742.0,937.0,98.0,21.4,1.6
2022-10-23 12:00:00,750.0,939.0,98.0,22.3,1.8
2022-10-23 13:00:00,688.0,930.0,88.0,22.6,2.6
2022-10-23 14:00:00,565.0,885.0,83.0,22.3,3.3000000000000003
2022-10-23 15:00:00,391.0,798.0,72.0,21.4,3.7
2022-10-23 16:00:00,188.0,617.0,52.0,19.9,3.4000000000000004
2022-10-23 17:00:00,14.0,119.0,11.0,16.900000000000002,2.7
2022-10-23 18:00:00,0.0,0.0,0.0,15.6,1.9
2022-10-23 19:00:00,0.0,0.0,0.0,14.5,1.1
2022-10-23 20:00:00,0.0,0.0,0.0,14.0,0.9
2022-10-23 21:00:00,0.0,0.0,0.0,13.8,1.3
2022-10-23 22:00:00,0.0,0.0,0.0,13.4,1.9
2022-10-23 23:00:00,0.0,0.0,0.0,12.8,2.3000000000000003
2022-10-24 00:00:00,0.0,0.0,0.0,12.4,2.5
2022-10-24 01:00:00,0.0,0.0,0.0,11.8,2.3000000000000003
2022-10-24 02:00:00,0.0,0.0,0.0,11.4,2.3000000000000003
2022-10-24 03:00:00,0.0,0.0,0.0,11.2,2.5
2022-10-24 04:00:00,0.0,0.0,0.0,11.0,2.8000000000000003
2022-10-24 05:00:00,0.0,0.0,0.0,10.9,3.0
2022-10-24 06:00:00,0.0,0.0,0.0,11.0,3.2
2022-10-24 07:00:00,145.0,607.0,40.0,13.9,4.4
2022-10-24 08:00:00,351.0,816.0,58.0,16.900000000000002,5.1000000000000005
2022-10-24 09:00:00,537.0,914.0,69.0,19.5,4.3
2022-10-24 10:00:00,673.0,959.0,76.0,21.4,2.8000000000000003
2022-10-24 11:00:00,749.0,980.0,79.0,22.8,1.7000000000000002
2022-10-24 12:00:00,756.0,981.0,80.0,23.6,0.5
2022-10-24 13:00:00,693.0,952.0,83.0,24.0,0.6000000000000001
2022-10-24 14:00:00,568.0,907.0,78.0,23.8,1.3
2022-10-24 15:00:00,393.0,821.0,68.0,23.0,2.1
2022-10-24 16:00:00,188.0,637.0,50.0,21.1,2.6
2022-10-24 17:00:00,13.0,121.0,11.0,17.900000000000002,2.6
2022-10-24 18:00:00,0.0,0.0,0.0,16.8,2.3000000000000003
2022-10-24 19:00:00,0.0,0.0,0.0,16.2,1.7000000000000002
2022-10-24 20:00:00,0.0,0.0,0.0,15.8,1.3
2022-10-24 21:00:00,0.0,0.0,0.0,15.2,1.0
2022-10-24 22:00:00,0.0,0.0,0.0,14.9,0.9
2022-10-24 23:00:00,0.0,0.0,0.0,14.7,1.0
2022-10-25 00:00:00,0.0,0.0,0.0,14.5,1.1
2022-10-25 01:00:00,0.0,0.0,0.0,14.0,1.3
2022-10-25 02:00:00,0.0,0.0,0.0,13.5,1.5
2022-10-25 03:00:00,0.0,0.0,0.0,13.3,1.6
2022-10-25 04:00:00,0.0,0.0,0.0,13.1,1.6
2022-10-25 05:00:00,0.0,0.0,0.0,12.9,1.5
2022-10-25 06:00:00,0.0,0.0,0.0,12.9,1.5
2022-10-25 07:00:00,92.0,17.0,90.0,15.9,1.7000000000000002
2022-10-25 08:00:00,337.0,763.0,65.0,18.9,1.6
2022-10-25 09:00:00,514.0,856.0,79.0,21.5,0.6000000000000001
2022-10-25 10:00:00,647.0,903.0,89.0,23.200000000000003,0.6000000000000001
2022-10-25 11:00:00,718.0,918.0,94.0,24.6,1.3
2022-10-25 12:00:00,724.0,915.0,97.0,25.3,1.9
2022-10-25 13:00:00,667.0,916.0,85.0,25.5,2.4000000000000004
2022-10-25 14:00:00,545.0,868.0,80.0,25.200000000000003,2.8000000000000003
2022-10-25 15:00:00,374.0,778.0,70.0,24.3,3.1
2022-10-25 16:00:00,174.0,586.0,50.0,22.200000000000003,3.0
2022-10-25 17:00:00,0.0,0.0,0.0,18.2,2.0
2022-10-25 18:00:00,0.0,0.0,0.0,16.400000000000002,1.3
2022-10-25 19:00:00,0.0,0.0,0.0,15.7,0.7000000000000001
2022-10-25 20:00:00,0.0,0.0,0.0,15.6,0.1
2022-10-25 21:00:00,0.0,0.0,0.0,15.3,0.4
2022-10-25 22:00:00,0.0,0.0,0.0,14.9,0.9
2022-10-25 23:00:00,0.0,0.0,0.0,14.6,1.0
2022-10-26 00:00:00,0.0,0.0,0.0,14.2,1.2000000000000002
2022-10-26 01:00:00,0.0,0.0,0.0,13.9,1.2000000000000002
2022-10-26 02:00:00,0.0,0.0,0.0,13.6,1.1
2022-10-26 03:00:00,0.0,0.0,0.0,13.4,1.0
2022-10-26 04:00:00,0.0,0.0,0.0,13.1,1.0
2022-10-26 05:00:00,0.0,0.0,0.0,12.8,1.0
2022-10-26 06:00:00,0.0,0.0,0.0,12.8,1.0
2022-10-26 07:00:00,129.0,500.0,46.0,14.6,1.3
2022-10-26 08:00:00,233.0,84.0,204.0,17.1,1.3
2022-10-26 09:00:00,493.0,644.0,168.0,19.5,1.0
2022-10-26 10:00:00,647.0,903.0,92.0,21.8,1.4
2022-10-26 11:00:00,724.0,930.0,96.0,23.4,2.2
2022-10-26 12:00:00,731.0,931.0,97.0,24.200000000000003,2.9000000000000004
2022-10-26 13:00:00,672.0,919.0,91.0,24.4,3.6
2022-10-26 14:00:00,547.0,868.0,86.0,23.8,4.1000000000000005
2022-10-26 15:00:00,371.0,759.0,77.0,22.5,4.4
2022-10-26 16:00:00,169.0,545.0,56.0,20.4,4.0
2022-10-26 17:00:00,0.0,0.0,0.0,16.6,2.5
2022-10-26 18:00:00,0.0,0.0,0.0,15.1,1.6
2022-10-26 19:00:00,0.0,0.0,0.0,14.7,0.9
2022-10-26 20:00:00,0.0,0.0,0.0,14.5,0.2
2022-10-26 21:00:00,0.0,0.0,0.0,14.0,0.7000000000000001
2022-10-26 22:00:00,0.0,0.0,0.0,13.4,1.0
2022-10-26 23:00:00,0.0,0.0,0.0,12.9,1.1
2022-10-27 00:00:00,0.0,0.0,0.0,12.5,1.1
2022-10-27 01:00:00,0.0,0.0,0.0,11.8,1.0
2022-10-27 02:00:00,0.0,0.0,0.0,11.2,0.8
2022-10-27 03:00:00,0.0,0.0,0.0,10.9,0.7000000000000001
2022-10-27 04:00:00,0.0,0.0,0.0,10.7,0.8
2022-10-27 05:00:00,0.0,0.0,0.0,10.5,1.2000000000000002
2022-10-27 06:00:00,0.0,0.0,0.0,10.6,1.5
2022-10-27 07:00:00,129.0,531.0,42.0,13.4,2.7
2022-10-27 08:00:00,120.0,1.0,119.0,16.5,3.8
2022-10-27 09:00:00,289.0,43.0,267.0,19.6,4.0
2022-10-27 10:00:00,643.0,917.0,83.0,21.6,3.4000000000000004
2022-10-27 11:00:00,717.0,939.0,88.0,23.0,2.7
2022-10-27 12:00:00,724.0,941.0,88.0,23.9,2.1
2022-10-27 13:00:00,665.0,926.0,84.0,24.4,1.6
2022-10-27 14:00:00,543.0,882.0,78.0,24.3,1.3
2022-10-27 15:00:00,371.0,791.0,68.0,23.6,1.1
2022-10-27 16:00:00,169.0,591.0,49.0,21.5,1.5
2022-10-27 17:00:00,0.0,0.0,0.0,17.900000000000002,1.7000000000000002
2022-10-27 18:00:00,0.0,0.0,0.0,16.400000000000002,1.4
2022-10-27 19:00:00,0.0,0.0,0.0,15.4,1.0
2022-10-27 20:00:00,0.0,0.0,0.0,15.0,0.9
2022-10-27 21:00:00,0.0,0.0,0.0,14.9,0.8
2022-10-27 22:00:00,0.0,0.0,0.0,14.7,0.9
2022-10-27 23:00:00,0.0,0.0,0.0,14.4,1.1
2022-10-28 00:00:00,0.0,0.0,0.0,14.2,1.2000000000000002
2022-10-28 01:00:00,0.0,0.0,0.0,13.9,1.2000000000000002
2022-10-28 02:00:00,0.0,0.0,0.0,13.6,1.1
2022-10-28 03:00:00,0.0,0.0,0.0,13.3,1.1
2022-10-28 04:00:00,0.0,0.0,0.0,13.0,0.9
2022-10-28 05:00:00,0.0,0.0,0.0,12.7,0.8
2022-10-28 06:00:00,0.0,0.0,0.0,12.7,0.8
2022-10-28 07:00:00,124.0,507.0,43.0,15.7,1.2000000000000002
2022-10-28 08:00:00,324.0,741.0,68.0,18.7,1.8
2022-10-28 09:00:00,503.0,848.0,82.0,21.5,2.1
2022-10-28 10:00:00,636.0,900.0,91.0,23.200000000000003,2.0
2022-10-28 11:00:00,709.0,919.0,97.0,24.3,2.1
2022-10-28 12:00:00,715.0,916.0,99.0,24.8,2.2
2022-10-28 13:00:00,651.0,885.0,100.0,24.8,2.5
2022-10-28 14:00:00,383.0,273.0,240.0,23.700000000000003,2.6
2022-10-28 15:00:00,145.0,15.0,139.0,22.5,2.5
2022-10-28 16:00:00,78.0,8.0,76.0,20.700000000000003,2.4000000000000004
2022-10-28 17:00:00,0.0,0.0,0.0,18.2,1.6
2022-10-28 18:00:00,0.0,0.0,0.0,16.8,1.2000000000000002
2022-10-28 19:00:00,0.0,0.0,0.0,16.5,1.0
2022-10-28 20:00:00,0.0,0.0,0.0,16.7,0.7000000000000001
2022-10-28 21:00:00,0.0,0.0,0.0,16.6,0.5
2022-10-28 22:00:00,0.0,0.0,0.0,16.0,0.8
2022-10-28 23:00:00,0.0,0.0,0.0,15.4,0.8
2022-10-29 00:00:00,0.0,0.0,0.0,14.9,0.7000000000000001
2022-10-29 01:00:00,0.0,0.0,0.0,14.6,0.5
2022-10-29 02:00:00,0.0,0.0,0.0,14.3,0.8
2022-10-29 03:00:00,0.0,0.0,0.0,13.7,1.1
2022-10-29 04:00:00,0.0,0.0,0.0,13.2,1.3
2022-10-29 05:00:00,0.0,0.0,0.0,13.0,1.4
2022-10-29 06:00:00,0.0,0.0,0.0,13.0,1.4
2022-10-29 07:00:00,118.0,466.0,45.0,15.8,1.8
2022-10-29 08:00:00,316.0,711.0,74.0,18.8,2.1
2022-10-29 09:00:00,495.0,824.0,89.0,22.6,1.4
2022-10-29 10:00:00,628.0,880.0,98.0,24.9,0.6000000000000001
2022-10-29 11:00:00,701.0,904.0,102.0,26.1,0.5
2022-10-29 12:00:00,708.0,904.0,104.0,26.6,1.0
2022-10-29 13:00:00,657.0,924.0,85.0,26.8,1.4
2022-10-29 14:00:00,534.0,875.0,80.0,26.4,1.8
2022-10-29 15:00:00,363.0,784.0,69.0,25.5,2.1
2022-10-29 16:00:00,163.0,579.0,49.0,23.0,2.4000000000000004
2022-10-29 17:00:00,0.0,0.0,0.0,19.8,2.3000000000000003
2022-10-29 18:00:00,0.0,0.0,0.0,18.6,1.4
2022-10-29 19:00:00,0.0,0.0,0.0,17.1,0.9
2022-10-29 20:00:00,0.0,0.0,0.0,16.2,1.3
2022-10-29 21:00:00,0.0,0.0,0.0,15.8,1.5
2022-10-29 22:00:00,0.0,0.0,0.0,15.5,1.5
2022-10-29 23:00:00,0.0,0.0,0.0,15.1,1.7000000000000002
2022-10-30 00:00:00,0.0,0.0,0.0,14.8,1.8
2022-10-30 01:00:00,0.0,0.0,0.0,14.5,2.0
2022-10-30 02:00:00,0.0,0.0,0.0,14.1,2.2
2022-10-30 03:00:00,0.0,0.0,0.0,13.7,2.5
2022-10-30 04:00:00,0.0,0.0,0.0,13.5,2.7
2022-10-30 05:00:00,0.0,0.0,0.0,13.6,2.7
2022-10-30 06:00:00,0.0,0.0,0.0,14.1,2.5
2022-10-30 07:00:00,119.0,504.0,41.0,16.900000000000002,2.9000000000000004
2022-10-30 08:00:00,318.0,748.0,65.0,20.0,2.9000000000000004
2022-10-30 09:00:00,498.0,856.0,79.0,23.5,2.2
2022-10-30 10:00:00,631.0,911.0,86.0,26.1,1.9
2022-10-30 11:00:00,708.0,939.0,90.0,27.6,1.5
2022-10-30 12:00:00,715.0,941.0,91.0,28.200000000000003,1.0
2022-10-30 13:00:00,656.0,930.0,85.0,28.3,0.6000000000000001
2022-10-30 14:00:00,533.0,882.0,80.0,27.8,0.7000000000000001
2022-10-30 15:00:00,358.0,782.0,68.0,26.8,1.0
2022-10-30 16:00:00,159.0,579.0,48.0,24.3,1.5
2022-10-30 17:00:00,0.0,0.0,0.0,21.1,1.4
2022-10-30 18:00:00,0.0,0.0,0.0,19.5,1.1
2022-10-30 19:00:00,0.0,0.0,0.0,18.4,1.0
2022-10-30 20:00:00,0.0,0.0,0.0,18.0,0.9
2022-10-30 21:00:00,0.0,0.0,0.0,17.900000000000002,1.0
2022-10-30 22:00:00,0.0,0.0,0.0,17.400000000000002,1.1
2022-10-30 23:00:00,0.0,0.0,0.0,16.8,1.3
2022-10-31 00:00:00,0.0,0.0,0.0,16.2,1.4
2022-10-31 01:00:00,0.0,0.0,0.0,15.7,1.6
2022-10-31 02:00:00,0.0,0.0,0.0,15.4,1.7000000000000002
2022-10-31 03:00:00,0.0,0.0,0.0,15.4,1.7000000000000002
2022-10-31 04:00:00,0.0,0.0,0.0,15.5,1.6
2022-10-31 05:00:00,0.0,0.0,0.0,15.3,1.5
2022-10-31 06:00:00,0.0,0.0,0.0,15.2,1.5
2022-10-31 07:00:00,93.0,93.0,79.0,17.8,1.3
2022-10-31 08:00:00,316.0,744.0,68.0,21.5,2.1
2022-10-31 09:00:00,495.0,853.0,82.0,24.3,1.9
2022-10-31 10:00:00,597.0,691.0,186.0,26.1,2.1
2022-10-31 11:00:00,590.0,529.0,244.0,26.5,2.1
2022-10-31 12:00:00,495.0,230.0,344.0,25.8,2.2
2022-10-31 13:00:00,412.0,178.0,303.0,24.9,2.3000000000000003
2022-10-31 14:00:00,231.0,25.0,218.0,24.200000000000003,2.2
2022-10-31 15:00:00,333.0,510.0,146.0,23.3,2.1
2022-10-31 16:00:00,114.0,59.0,103.0,21.3,1.1
2022-10-31 17:00:00,0.0,0.0,0.0,19.4,0.4
2022-10-31 18:00:00,0.0,0.0,0.0,18.8,0.5
2022-10-31 19:00:00,0.0,0.0,0.0,18.2,0.8
2022-10-31 20:00:00,0.0,0.0,0.0,17.5,1.0
2022-10-31 21:00:00,0.0,0.0,0.0,16.900000000000002,1.1
2022-10-31 22:00:00,0.0,0.0,0.0,16.3,1.0
2022-10-31 23:00:00,0.0,0.0,0.0,15.7,0.9
2022-11-01 00:00:00,0.0,0.0,0.0,15.3,0.8
2022-11-01 01:00:00,0.0,0.0,0.0,14.9,0.8
2022-11-01 02:00:00,0.0,0.0,0.0,14.4,0.9
2022-11-01 03:00:00,0.0,0.0,0.0,13.9,1.1
2022-11-01 04:00:00,0.0,0.0,0.0,13.4,1.2000000000000002
2022-11-01 05:00:00,0.0,0.0,0.0,12.9,1.3
2022-11-01 06:00:00,0.0,0.0,0.0,12.7,1.3
2022-11-01 07:00:00,65.0,9.0,64.0,15.0,1.9
2022-11-01 08:00:00,231.0,188.0,169.0,16.7,2.7
2022-11-01 09:00:00,447.0,538.0,188.0,18.0,3.1
2022-11-01 10:00:00,585.0,641.0,207.0,18.8,3.3000000000000003
2022-11-01 11:00:00,679.0,875.0,111.0,19.8,3.5
2022-11-01 12:00:00,688.0,888.0,107.0,20.6,3.8
2022-11-01 13:00:00,633.0,896.0,89.0,20.5,4.2
2022-11-01 14:00:00,510.0,843.0,83.0,19.6,4.3
2022-11-01 15:00:00,341.0,744.0,71.0,18.2,4.1000000000000005
2022-11-01 16:00:00,146.0,522.0,50.0,16.5,3.4000000000000004
2022-11-01 17:00:00,0.0,0.0,0.0,14.5,1.9
2022-11-01 18:00:00,0.0,0.0,0.0,13.7,1.5
2022-11-01 19:00:00,0.0,0.0,0.0,13.7,1.9
2022-11-01 20:00:00,0.0,0.0,0.0,13.6,1.8
2022-11-01 21:00:00,0.0,0.0,0.0,13.5,1.7000000000000002
2022-11-01 22:00:00,0.0,0.0,0.0,13.5,1.5
2022-11-01 23:00:00,0.0,0.0,0.0,13.5,1.5
2022-11-02 00:00:00,0.0,0.0,0.0,13.6,1.4
2022-11-02 01:00:00,0.0,0.0,0.0,13.6,1.6
2022-11-02 02:00:00,0.0,0.0,0.0,13.6,1.6
2022-11-02 03:00:00,0.0,0.0,0.0,13.5,1.5
2022-11-02 04:00:00,0.0,0.0,0.0,12.9,1.4
2022-11-02 05:00:00,0.0,0.0,0.0,12.5,1.3
2022-11-02 06:00:00,0.0,0.0,0.0,12.2,1.6
2022-11-02 07:00:00,95.0,132.0,76.0,12.4,2.2
2022-11-02 08:00:00,77.0,3.0,76.0,12.9,2.7
2022-11-02 09:00:00,212.0,33.0,197.0,14.1,2.7
2022-11-02 10:00:00,394.0,194.0,280.0,16.2,3.1
2022-11-02 11:00:00,686.0,921.0,92.0,18.0,3.8
2022-11-02 12:00:00,645.0,693.0,194.0,19.1,4.3
2022-11-02 13:00:00,633.0,904.0,89.0,19.5,4.7
2022-11-02 14:00:00,512.0,854.0,82.0,19.200000000000003,5.2
2022-11-02 15:00:00,342.0,756.0,70.0,18.3,5.5
2022-11-02 16:00:00,146.0,541.0,48.0,16.8,5.2
2022-11-02 17:00:00,0.0,0.0,0.0,13.8,3.9
2022-11-02 18:00:00,0.0,0.0,0.0,12.7,3.9
2022-11-02 19:00:00,0.0,0.0,0.0,12.0,3.9
2022-11-02 20:00:00,0.0,0.0,0.0,11.3,3.8
2022-11-02 21:00:00,0.0,0.0,0.0,10.7,3.7
2022-11-02 22:00:00,0.0,0.0,0.0,10.1,3.5
2022-11-02 23:00:00,0.0,0.0,0.0,9.6,3.5
2022-11-03 00:00:00,0.0,0.0,0.0,9.2,3.5
2022-11-03 01:00:00,0.0,0.0,0.0,8.8,3.4000000000000004
2022-11-03 02:00:00,0.0,0.0,0.0,8.4,3.4000000000000004
2022-11-03 03:00:00,0.0,0.0,0.0,8.0,3.4000000000000004
2022-11-03 04:00:00,0.0,0.0,0.0,7.800000000000001,3.3000000000000003
2022-11-03 05:00:00,0.0,0.0,0.0,7.5,3.1
2022-11-03 06:00:00,0.0,0.0,0.0,7.300000000000001,3.0
2022-11-03 07:00:00,109.0,488.0,40.0,9.1,4.0
2022-11-03 08:00:00,306.0,750.0,64.0,10.6,4.7
2022-11-03 09:00:00,483.0,854.0,78.0,12.4,4.9
2022-11-03 10:00:00,615.0,907.0,87.0,13.9,4.800000000000001
2022-11-03 11:00:00,688.0,932.0,91.0,15.2,4.4
2022-11-03 12:00:00,695.0,934.0,91.0,16.0,4.0
2022-11-03 13:00:00,636.0,924.0,84.0,16.5,3.8
2022-11-03 14:00:00,516.0,883.0,75.0,16.5,3.7
2022-11-03 15:00:00,346.0,795.0,63.0,16.0,3.7
2022-11-03 16:00:00,149.0,595.0,43.0,14.8,3.2
2022-11-03 17:00:00,0.0,0.0,0.0,11.8,2.3000000000000003
2022-11-03 18:00:00,0.0,0.0,0.0,10.8,2.6
2022-11-03 19:00:00,0.0,0.0,0.0,10.0,2.8000000000000003
2022-11-03 20:00:00,0.0,0.0,0.0,9.3,3.1
2022-11-03 21:00:00,0.0,0.0,0.0,8.700000000000001,3.2
2022-11-03 22:00:00,0.0,0.0,0.0,8.200000000000001,3.2
2022-11-03 23:00:00,0.0,0.0,0.0,7.9,3.1
2022-11-04 00:00:00,0.0,0.0,0.0,7.6,3.0
2022-11-04 01:00:00,0.0,0.0,0.0,7.4,2.7
2022-11-04 02:00:00,0.0,0.0,0.0,7.300000000000001,2.6
2022-11-04 03:00:00,0.0,0.0,0.0,7.300000000000001,2.5
2022-11-04 04:00:00,0.0,0.0,0.0,7.2,2.3000000000000003
2022-11-04 05:00:00,0.0,0.0,0.0,7.1000000000000005,2.0
2022-11-04 06:00:00,0.0,0.0,0.0,7.300000000000001,1.8
2022-11-04 07:00:00,109.0,548.0,33.0,10.5,2.0
2022-11-04 08:00:00,303.0,782.0,53.0,13.6,2.5
2022-11-04 09:00:00,345.0,167.0,267.0,16.3,2.1
2022-11-04 10:00:00,610.0,932.0,71.0,18.0,1.0
2022-11-04 11:00:00,682.0,952.0,75.0,19.3,0.8
2022-11-04 12:00:00,688.0,951.0,77.0,20.3,1.5
2022-11-04 13:00:00,628.0,923.0,79.0,20.700000000000003,2.1
2022-11-04 14:00:00,507.0,876.0,73.0,20.6,2.5
2022-11-04 15:00:00,339.0,784.0,63.0,19.700000000000003,2.7
2022-11-04 16:00:00,128.0,287.0,78.0,17.5,2.6
2022-11-04 17:00:00,0.0,0.0,0.0,14.7,2.4000000000000004
2022-11-04 18:00:00,0.0,0.0,0.0,13.8,1.9
2022-11-04 19:00:00,0.0,0.0,0.0,13.3,1.3
2022-11-04 20:00:00,0.0,0.0,0.0,13.0,0.8
2022-11-04 21:00:00,0.0,0.0,0.0,12.4,0.6000000000000001
2022-11-04 22:00:00,0.0,0.0,0.0,11.7,0.8
2022-11-04 23:00:00,0.0,0.0,0.0,11.0,1.0
2022-11-05 00:00:00,0.0,0.0,0.0,10.6,1.3
2022-11-05 01:00:00,0.0,0.0,0.0,10.3,1.5
2022-11-05 02:00:00,0.0,0.0,0.0,10.2,1.4
2022-11-05 03:00:00,0.0,0.0,0.0,10.2,1.2000000000000002
2022-11-05 04:00:00,0.0,0.0,0.0,10.3,1.1
2022-11-05 05:00:00,0.0,0.0,0.0,10.4,1.0
2022-11-05 06:00:00,0.0,0.0,0.0,10.5,0.8
2022-11-05 07:00:00,105.0,518.0,36.0,12.6,0.6000000000000001
2022-11-05 08:00:00,267.0,479.0,116.0,15.2,0.4
2022-11-05 09:00:00,478.0,867.0,74.0,17.6,1.2000000000000002
2022-11-05 10:00:00,616.0,943.0,74.0,20.0,2.0
2022-11-05 11:00:00,685.0,959.0,78.0,21.700000000000003,2.5
2022-11-05 12:00:00,691.0,960.0,78.0,22.9,3.0
2022-11-05 13:00:00,634.0,946.0,76.0,23.3,3.3000000000000003
2022-11-05 14:00:00,512.0,897.0,71.0,22.700000000000003,3.6
2022-11-05 15:00:00,340.0,799.0,62.0,21.3,3.7
2022-11-05 16:00:00,143.0,584.0,43.0,18.4,2.6
2022-11-05 17:00:00,0.0,0.0,0.0,15.0,1.7000000000000002
2022-11-05 18:00:00,0.0,0.0,0.0,13.8,0.9
2022-11-05 19:00:00,0.0,0.0,0.0,13.1,0.3
2022-11-05 20:00:00,0.0,0.0,0.0,12.7,0.4
2022-11-05 21:00:00,0.0,0.0,0.0,12.4,0.6000000000000001
2022-11-05 22:00:00,0.0,0.0,0.0,12.1,0.8
2022-11-05 23:00:00,0.0,0.0,0.0,11.8,1.0
2022-11-06 00:00:00,0.0,0.0,0.0,11.7,0.9
2022-11-06 01:00:00,0.0,0.0,0.0,11.8,0.7000000000000001
2022-11-06 02:00:00,0.0,0.0,0.0,11.7,0.6000000000000001
2022-11-06 03:00:00,0.0,0.0,0.0,11.6,0.7000000000000001
2022-11-06 04:00:00,0.0,0.0,0.0,11.6,0.6000000000000001
2022-11-06 05:00:00,0.0,0.0,0.0,11.7,0.4
2022-11-06 06:00:00,0.0,0.0,0.0,11.6,0.4
2022-11-06 07:00:00,93.0,436.0,36.0,13.0,0.8
2022-11-06 08:00:00,278.0,695.0,61.0,15.3,0.5
2022-11-06 09:00:00,448.0,805.0,76.0,17.6,1.1
2022-11-06 10:00:00,579.0,872.0,82.0,19.3,1.9
2022-11-06 11:00:00,648.0,890.0,88.0,20.3,2.5
2022-11-06 12:00:00,654.0,885.0,92.0,20.8,3.1
2022-11-06 13:00:00,598.0,870.0,88.0,20.8,3.4000000000000004
2022-11-06 14:00:00,481.0,821.0,81.0,20.3,3.6
2022-11-06 15:00:00,318.0,723.0,68.0,19.200000000000003,3.6
2022-11-06 16:00:00,129.0,486.0,47.0,17.3,3.3000000000000003
2022-11-06 17:00:00,0.0,0.0,0.0,14.9,2.6
2022-11-06 18:00:00,0.0,0.0,0.0,13.9,1.9
2022-11-06 19:00:00,0.0,0.0,0.0,13.6,1.6
2022-11-06 20:00:00,0.0,0.0,0.0,13.4,1.4
2022-11-06 21:00:00,0.0,0.0,0.0,13.4,1.2000000000000002
2022-11-06 22:00:00,0.0,0.0,0.0,13.3,1.1
2022-11-06 23:00:00,0.0,0.0,0.0,13.2,1.0
2022-11-07 00:00:00,0.0,0.0,0.0,13.1,0.9
2022-11-07 01:00:00,0.0,0.0,0.0,13.0,0.9
2022-11-07 02:00:00,0.0,0.0,0.0,12.9,0.9
2022-11-07 03:00:00,0.0,0.0,0.0,12.9,0.9
2022-11-07 04:00:00,0.0,0.0,0.0,12.9,0.9
2022-11-07 05:00:00,0.0,0.0,0.0,12.7,0.9
2022-11-07 06:00:00,0.0,0.0,0.0,12.7,0.8
2022-11-07 07:00:00,20.0,0.0,20.0,13.5,1.6
2022-11-07 08:00:00,10.0,0.0,10.0,14.5,2.4000000000000004
2022-11-07 09:00:00,46.0,0.0,46.0,15.8,3.2
2022-11-07 10:00:00,137.0,0.0,137.0,17.0,4.0
2022-11-07 11:00:00,103.0,1.0,103.0,17.400000000000002,4.7
2022-11-07 12:00:00,19.0,0.0,19.0,16.900000000000002,5.1000000000000005
2022-11-07 13:00:00,12.0,0.0,12.0,16.3,5.300000000000001
2022-11-07 14:00:00,9.0,0.0,9.0,15.8,5.4
2022-11-07 15:00:00,5.0,0.0,5.0,15.2,5.300000000000001
2022-11-07 16:00:00,125.0,464.0,48.0,14.6,4.9
2022-11-07 17:00:00,0.0,0.0,0.0,13.9,4.2
2022-11-07 18:00:00,0.0,0.0,0.0,13.5,3.6
2022-11-07 19:00:00,0.0,0.0,0.0,12.8,2.6
2022-11-07 20:00:00,0.0,0.0,0.0,12.1,1.4
2022-11-07 21:00:00,0.0,0.0,0.0,11.6,0.8
2022-11-07 22:00:00,0.0,0.0,0.0,11.4,0.5
2022-11-07 23:00:00,0.0,0.0,0.0,11.2,0.5
2022-11-08 00:00:00,0.0,0.0,0.0,10.9,0.8
2022-11-08 01:00:00,0.0,0.0,0.0,10.7,1.0
2022-11-08 02:00:00,0.0,0.0,0.0,10.7,1.2000000000000002
2022-11-08 03:00:00,0.0,0.0,0.0,10.9,1.8
2022-11-08 04:00:00,0.0,0.0,0.0,11.5,2.8000000000000003
2022-11-08 05:00:00,0.0,0.0,0.0,12.5,4.6000000000000005
2022-11-08 06:00:00,0.0,0.0,0.0,13.9,7.1000000000000005
2022-11-08 07:00:00,29.0,1.0,29.0,14.9,8.4
2022-11-08 08:00:00,195.0,137.0,153.0,15.5,8.3
2022-11-08 09:00:00,122.0,0.0,122.0,15.9,8.3
2022-11-08 10:00:00,95.0,0.0,95.0,16.3,8.5
2022-11-08 11:00:00,190.0,0.0,190.0,16.6,8.0
2022-11-08 12:00:00,153.0,0.0,153.0,16.7,7.4
2022-11-08 13:00:00,41.0,0.0,41.0,16.400000000000002,7.6
2022-11-08 14:00:00,19.0,0.0,19.0,15.5,7.9
2022-11-08 15:00:00,25.0,0.0,25.0,14.3,8.0
2022-11-08 16:00:00,3.0,0.0,3.0,13.3,7.5
2022-11-08 17:00:00,0.0,0.0,0.0,12.6,6.6000000000000005
2022-11-08 18:00:00,0.0,0.0,0.0,11.8,5.4
2022-11-08 19:00:00,0.0,0.0,0.0,10.9,3.2
2022-11-08 20:00:00,0.0,0.0,0.0,9.9,2.0
2022-11-08 21:00:00,0.0,0.0,0.0,9.4,1.9
2022-11-08 22:00:00,0.0,0.0,0.0,9.4,2.2
2022-11-08 23:00:00,0.0,0.0,0.0,9.5,2.5
2022-11-09 00:00:00,0.0,0.0,0.0,10.3,3.5
2022-11-09 01:00:00,0.0,0.0,0.0,10.5,3.9
2022-11-09 02:00:00,0.0,0.0,0.0,10.6,4.3
2022-11-09 03:00:00,0.0,0.0,0.0,10.2,4.1000000000000005
2022-11-09 04:00:00,0.0,0.0,0.0,9.3,3.1
2022-11-09 05:00:00,0.0,0.0,0.0,8.5,2.3000000000000003
2022-11-09 06:00:00,0.0,0.0,0.0,8.1,2.0
2022-11-09 07:00:00,90.0,454.0,36.0,9.6,2.3000000000000003
2022-11-09 08:00:00,282.0,742.0,59.0,10.9,2.9000000000000004
2022-11-09 09:00:00,459.0,866.0,69.0,12.2,3.1
2022-11-09 10:00:00,591.0,924.0,75.0,13.7,3.2
2022-11-09 11:00:00,664.0,950.0,77.0,15.0,3.3000000000000003
2022-11-09 12:00:00,671.0,954.0,76.0,15.8,3.3000000000000003
2022-11-09 13:00:00,612.0,937.0,73.0,16.2,3.2
2022-11-09 14:00:00,495.0,895.0,67.0,16.2,3.2
2022-11-09 15:00:00,326.0,800.0,57.0,15.6,3.2
2022-11-09 16:00:00,132.0,581.0,39.0,13.8,2.8000000000000003
2022-11-09 17:00:00,0.0,0.0,0.0,11.2,2.5
2022-11-09 18:00:00,0.0,0.0,0.0,10.4,2.2
2022-11-09 19:00:00,0.0,0.0,0.0,9.8,1.7000000000000002
2022-11-09 20:00:00,0.0,0.0,0.0,9.3,1.4
2022-11-09 21:00:00,0.0,0.0,0.0,8.700000000000001,1.3
2022-11-09 22:00:00,0.0,0.0,0.0,8.1,1.6
2022-11-09 23:00:00,0.0,0.0,0.0,7.300000000000001,1.9
2022-11-10 00:00:00,0.0,0.0,0.0,6.7,2.2
2022-11-10 01:00:00,0.0,0.0,0.0,6.300000000000001,2.3000000000000003
2022-11-10 02:00:00,0.0,0.0,0.0,6.0,2.5
2022-11-10 03:00:00,0.0,0.0,0.0,5.7,2.7
2022-11-10 04:00:00,0.0,0.0,0.0,5.6000000000000005,2.9000000000000004
2022-11-10 05:00:00,0.0,0.0,0.0,5.6000000000000005,3.0
2022-11-10 06:00:00,0.0,0.0,0.0,5.7,3.2
2022-11-10 07:00:00,94.0,544.0,31.0,8.3,3.8
2022-11-10 08:00:00,289.0,798.0,51.0,11.4,3.8
2022-11-10 09:00:00,467.0,906.0,62.0,14.9,3.7
2022-11-10 10:00:00,600.0,958.0,68.0,17.2,2.4000000000000004
2022-11-10 11:00:00,673.0,979.0,72.0,18.5,1.1
2022-11-10 12:00:00,680.0,978.0,74.0,19.3,0.5
2022-11-10 13:00:00,620.0,957.0,73.0,19.5,1.0
2022-11-10 14:00:00,498.0,906.0,69.0,19.200000000000003,1.4
2022-11-10 15:00:00,327.0,806.0,59.0,18.2,1.7000000000000002
2022-11-10 16:00:00,129.0,570.0,40.0,15.8,1.8
2022-11-10 17:00:00,0.0,0.0,0.0,13.0,1.4
2022-11-10 18:00:00,0.0,0.0,0.0,11.7,1.2000000000000002
2022-11-10 19:00:00,0.0,0.0,0.0,10.8,1.2000000000000002
2022-11-10 20:00:00,0.0,0.0,0.0,10.2,1.1
2022-11-10 21:00:00,0.0,0.0,0.0,9.7,1.2000000000000002
2022-11-10 22:00:00,0.0,0.0,0.0,9.1,1.4
2022-11-10 23:00:00,0.0,0.0,0.0,8.4,1.7000000000000002
2022-11-11 00:00:00,0.0,0.0,0.0,7.800000000000001,2.0
2022-11-11 01:00:00,0.0,0.0,0.0,7.4,2.3000000000000003
2022-11-11 02:00:00,0.0,0.0,0.0,7.2,2.6
2022-11-11 03:00:00,0.0,0.0,0.0,7.0,2.9000000000000004
2022-11-11 04:00:00,0.0,0.0,0.0,6.800000000000001,3.0
2022-11-11 05:00:00,0.0,0.0,0.0,6.7,3.1
2022-11-11 06:00:00,0.0,0.0,0.0,6.6000000000000005,3.1
2022-11-11 07:00:00,91.0,507.0,33.0,9.2,3.7
2022-11-11 08:00:00,238.0,404.0,120.0,12.4,4.5
2022-11-11 09:00:00,468.0,896.0,70.0,15.4,4.3
2022-11-11 10:00:00,603.0,955.0,77.0,17.5,3.3000000000000003
2022-11-11 11:00:00,647.0,777.0,173.0,18.7,2.3000000000000003
2022-11-11 12:00:00,562.0,526.0,238.0,19.6,1.4
2022-11-11 13:00:00,595.0,749.0,170.0,20.0,0.9
2022-11-11 14:00:00,355.0,154.0,283.0,19.700000000000003,0.8
2022-11-11 15:00:00,322.0,788.0,62.0,18.8,1.0
2022-11-11 16:00:00,125.0,548.0,41.0,16.400000000000002,1.5
2022-11-11 17:00:00,0.0,0.0,0.0,13.8,1.4
2022-11-11 18:00:00,0.0,0.0,0.0,12.1,1.2000000000000002
2022-11-11 19:00:00,0.0,0.0,0.0,10.9,1.2000000000000002
2022-11-11 20:00:00,0.0,0.0,0.0,10.3,1.3
2022-11-11 21:00:00,0.0,0.0,0.0,9.9,1.5
2022-11-11 22:00:00,0.0,0.0,0.0,9.5,1.6
2022-11-11 23:00:00,0.0,0.0,0.0,9.3,1.6
2022-11-12 00:00:00,0.0,0.0,0.0,9.1,1.7000000000000002
2022-11-12 01:00:00,0.0,0.0,0.0,8.700000000000001,1.7000000000000002
2022-11-12 02:00:00,0.0,0.0,0.0,8.200000000000001,1.8
2022-11-12 03:00:00,0.0,0.0,0.0,7.9,1.9
2022-11-12 04:00:00,0.0,0.0,0.0,7.6,1.9
2022-11-12 05:00:00,0.0,0.0,0.0,7.5,1.9
2022-11-12 06:00:00,0.0,0.0,0.0,7.4,1.9
2022-11-12 07:00:00,82.0,441.0,34.0,9.5,1.9
2022-11-12 08:00:00,273.0,729.0,62.0,13.3,2.8000000000000003
2022-11-12 09:00:00,449.0,847.0,77.0,16.2,1.3
2022-11-12 10:00:00,587.0,938.0,73.0,18.1,1.3
2022-11-12 11:00:00,659.0,956.0,80.0,19.0,1.9
2022-11-12 12:00:00,666.0,952.0,83.0,19.5,2.5
2022-11-12 13:00:00,606.0,929.0,81.0,19.4,3.1
2022-11-12 14:00:00,485.0,875.0,76.0,18.8,3.5
2022-11-12 15:00:00,316.0,770.0,65.0,17.5,3.4000000000000004
2022-11-12 16:00:00,122.0,531.0,41.0,14.9,2.5
2022-11-12 17:00:00,0.0,0.0,0.0,11.4,1.6
2022-11-12 18:00:00,0.0,0.0,0.0,10.4,1.3
2022-11-12 19:00:00,0.0,0.0,0.0,9.9,1.1
2022-11-12 20:00:00,0.0,0.0,0.0,10.0,0.9
2022-11-12 21:00:00,0.0,0.0,0.0,9.9,0.6000000000000001
2022-11-12 22:00:00,0.0,0.0,0.0,9.6,0.2
2022-11-12 23:00:00,0.0,0.0,0.0,9.3,0.3
2022-11-13 00:00:00,0.0,0.0,0.0,8.700000000000001,0.7000000000000001
2022-11-13 01:00:00,0.0,0.0,0.0,8.200000000000001,1.1
2022-11-13 02:00:00,0.0,0.0,0.0,7.800000000000001,1.4
2022-11-13 03:00:00,0.0,0.0,0.0,7.5,1.6
2022-11-13 04:00:00,0.0,0.0,0.0,7.1000000000000005,1.8
2022-11-13 05:00:00,0.0,0.0,0.0,6.7,2.1
2022-11-13 06:00:00,0.0,0.0,0.0,6.300000000000001,2.3000000000000003
2022-11-13 07:00:00,79.0,438.0,32.0,8.4,3.1
2022-11-13 08:00:00,270.0,740.0,58.0,10.9,4.800000000000001
2022-11-13 09:00:00,447.0,860.0,72.0,13.1,5.4
2022-11-13 10:00:00,577.0,908.0,83.0,15.2,5.0
2022-11-13 11:00:00,646.0,925.0,89.0,16.8,4.4
2022-11-13 12:00:00,653.0,927.0,89.0,17.900000000000002,3.6
2022-11-13 13:00:00,598.0,913.0,86.0,18.5,2.9000000000000004
2022-11-13 14:00:00,479.0,862.0,79.0,18.5,2.6
2022-11-13 15:00:00,310.0,759.0,65.0,18.0,2.2
2022-11-13 16:00:00,120.0,525.0,42.0,15.2,1.2000000000000002
2022-11-13 17:00:00,0.0,0.0,0.0,12.2,1.4
2022-11-13 18:00:00,0.0,0.0,0.0,11.1,1.6
2022-11-13 19:00:00,0.0,0.0,0.0,10.2,1.7000000000000002
2022-11-13 20:00:00,0.0,0.0,0.0,9.7,1.7000000000000002
2022-11-13 21:00:00,0.0,0.0,0.0,9.2,1.8
2022-11-13 22:00:00,0.0,0.0,0.0,8.700000000000001,2.0
2022-11-13 23:00:00,0.0,0.0,0.0,8.3,2.1
2022-11-14 00:00:00,0.0,0.0,0.0,8.0,2.1
2022-11-14 01:00:00,0.0,0.0,0.0,7.7,2.1
2022-11-14 02:00:00,0.0,0.0,0.0,7.4,2.2
2022-11-14 03:00:00,0.0,0.0,0.0,7.1000000000000005,2.3000000000000003
2022-11-14 04:00:00,0.0,0.0,0.0,6.800000000000001,2.5
2022-11-14 05:00:00,0.0,0.0,0.0,6.6000000000000005,2.6
2022-11-14 06:00:00,0.0,0.0,0.0,6.4,2.7
2022-11-14 07:00:00,77.0,428.0,32.0,8.9,3.4000000000000004
2022-11-14 08:00:00,265.0,728.0,59.0,12.1,3.9
2022-11-14 09:00:00,441.0,851.0,73.0,15.7,3.1
2022-11-14 10:00:00,574.0,918.0,79.0,18.3,1.5
2022-11-14 11:00:00,647.0,942.0,83.0,19.6,0.8
2022-11-14 12:00:00,654.0,941.0,85.0,20.200000000000003,1.4
2022-11-14 13:00:00,592.0,911.0,83.0,20.3,2.0
2022-11-14 14:00:00,472.0,857.0,78.0,19.9,2.3000000000000003
2022-11-14 15:00:00,305.0,749.0,65.0,18.9,2.4000000000000004
2022-11-14 16:00:00,116.0,501.0,42.0,16.1,1.9
2022-11-14 17:00:00,0.0,0.0,0.0,13.4,1.7000000000000002
2022-11-14 18:00:00,0.0,0.0,0.0,12.1,1.4
2022-11-14 19:00:00,0.0,0.0,0.0,10.9,1.3
2022-11-14 20:00:00,0.0,0.0,0.0,10.4,1.3
2022-11-14 21:00:00,0.0,0.0,0.0,10.1,1.2000000000000002
2022-11-14 22:00:00,0.0,0.0,0.0,9.8,1.2000000000000002
2022-11-14 23:00:00,0.0,0.0,0.0,9.4,1.4
2022-11-15 00:00:00,0.0,0.0,0.0,9.1,1.5
2022-11-15 01:00:00,0.0,0.0,0.0,8.8,1.6
2022-11-15 02:00:00,0.0,0.0,0.0,8.4,1.9
2022-11-15 03:00:00,0.0,0.0,0.0,8.200000000000001,2.1
2022-11-15 04:00:00,0.0,0.0,0.0,8.1,2.2
2022-11-15 05:00:00,0.0,0.0,0.0,7.9,2.4000000000000004
2022-11-15 06:00:00,0.0,0.0,0.0,7.7,2.6
2022-11-15 07:00:00,73.0,400.0,32.0,10.1,3.4000000000000004
2022-11-15 08:00:00,262.0,720.0,60.0,13.2,4.4
2022-11-15 09:00:00,438.0,849.0,74.0,16.1,4.7
2022-11-15 10:00:00,575.0,933.0,75.0,18.1,3.9
2022-11-15 11:00:00,648.0,955.0,80.0,19.4,3.1
2022-11-15 12:00:00,654.0,951.0,82.0,20.200000000000003,2.7
2022-11-15 13:00:00,595.0,928.0,80.0,20.5,2.2
2022-11-15 14:00:00,474.0,871.0,76.0,20.1,1.9
2022-11-15 15:00:00,305.0,759.0,64.0,18.9,1.7000000000000002
2022-11-15 16:00:00,114.0,509.0,41.0,15.8,1.2000000000000002
2022-11-15 17:00:00,0.0,0.0,0.0,12.8,1.6
2022-11-15 18:00:00,0.0,0.0,0.0,12.3,2.6
2022-11-15 19:00:00,0.0,0.0,0.0,11.9,3.4000000000000004
2022-11-15 20:00:00,0.0,0.0,0.0,11.4,3.8
2022-11-15 21:00:00,0.0,0.0,0.0,11.3,4.1000000000000005
2022-11-15 22:00:00,0.0,0.0,0.0,11.2,4.5
2022-11-15 23:00:00,0.0,0.0,0.0,11.1,5.1000000000000005
2022-11-16 00:00:00,0.0,0.0,0.0,10.7,5.5
2022-11-16 01:00:00,0.0,0.0,0.0,10.3,5.800000000000001
2022-11-16 02:00:00,0.0,0.0,0.0,10.1,6.1000000000000005
2022-11-16 03:00:00,0.0,0.0,0.0,10.0,6.300000000000001
2022-11-16 04:00:00,0.0,0.0,0.0,9.8,6.4
2022-11-16 05:00:00,0.0,0.0,0.0,9.7,6.4
2022-11-16 06:00:00,0.0,0.0,0.0,9.6,6.2
2022-11-16 07:00:00,76.0,492.0,28.0,10.6,6.5
2022-11-16 08:00:00,270.0,789.0,52.0,13.1,7.2
2022-11-16 09:00:00,448.0,901.0,65.0,15.8,7.6
2022-11-16 10:00:00,580.0,948.0,75.0,17.900000000000002,6.800000000000001
2022-11-16 11:00:00,654.0,971.0,80.0,19.4,5.9
2022-11-16 12:00:00,662.0,971.0,81.0,20.4,5.1000000000000005
2022-11-16 13:00:00,599.0,931.0,86.0,20.8,4.7
2022-11-16 14:00:00,477.0,870.0,81.0,20.6,4.4
2022-11-16 15:00:00,307.0,758.0,68.0,19.8,3.9
2022-11-16 16:00:00,115.0,511.0,42.0,16.7,2.2
2022-11-16 17:00:00,0.0,0.0,0.0,13.3,1.9
2022-11-16 18:00:00,0.0,0.0,0.0,12.1,2.0
2022-11-16 19:00:00,0.0,0.0,0.0,11.3,2.2
2022-11-16 20:00:00,0.0,0.0,0.0,10.5,2.3000000000000003
2022-11-16 21:00:00,0.0,0.0,0.0,10.0,2.5
2022-11-16 22:00:00,0.0,0.0,0.0,9.7,2.7
2022-11-16 23:00:00,0.0,0.0,0.0,9.4,2.8000000000000003
2022-11-17 00:00:00,0.0,0.0,0.0,9.2,2.7
2022-11-17 01:00:00,0.0,0.0,0.0,9.0,2.7
2022-11-17 02:00:00,0.0,0.0,0.0,8.8,2.6
2022-11-17 03:00:00,0.0,0.0,0.0,8.5,2.5
2022-11-17 04:00:00,0.0,0.0,0.0,8.200000000000001,2.4000000000000004
2022-11-17 05:00:00,0.0,0.0,0.0,8.0,2.4000000000000004
2022-11-17 06:00:00,0.0,0.0,0.0,7.800000000000001,2.4000000000000004
2022-11-17 07:00:00,51.0,20.0,49.0,10.2,2.6
2022-11-17 08:00:00,263.0,759.0,56.0,14.4,3.8
2022-11-17 09:00:00,441.0,880.0,71.0,17.400000000000002,3.2
2022-11-17 10:00:00,574.0,934.0,80.0,19.9,2.4000000000000004
2022-11-17 11:00:00,648.0,956.0,86.0,21.6,1.4
2022-11-17 12:00:00,651.0,947.0,88.0,22.4,0.7000000000000001
2022-11-17 13:00:00,593.0,928.0,84.0,22.5,0.6000000000000001
2022-11-17 14:00:00,472.0,870.0,79.0,21.9,0.9
2022-11-17 15:00:00,303.0,756.0,67.0,19.8,1.3
2022-11-17 16:00:00,112.0,500.0,42.0,16.8,1.6
2022-11-17 17:00:00,0.0,0.0,0.0,14.7,1.5
2022-11-17 18:00:00,0.0,0.0,0.0,13.5,1.3
2022-11-17 19:00:00,0.0,0.0,0.0,12.7,1.2000000000000002
2022-11-17 20:00:00,0.0,0.0,0.0,12.6,1.1
2022-11-17 21:00:00,0.0,0.0,0.0,12.3,1.1
2022-11-17 22:00:00,0.0,0.0,0.0,11.8,1.2000000000000002
2022-11-17 23:00:00,0.0,0.0,0.0,11.4,1.2000000000000002
2022-11-18 00:00:00,0.0,0.0,0.0,11.1,1.3
2022-11-18 01:00:00,0.0,0.0,0.0,10.7,1.4
2022-11-18 02:00:00,0.0,0.0,0.0,10.2,1.5
2022-11-18 03:00:00,0.0,0.0,0.0,9.8,1.6
2022-11-18 04:00:00,0.0,0.0,0.0,9.5,1.6
2022-11-18 05:00:00,0.0,0.0,0.0,9.2,1.7000000000000002
2022-11-18 06:00:00,0.0,0.0,0.0,8.9,1.7000000000000002
2022-11-18 07:00:00,62.0,362.0,29.0,10.3,1.7000000000000002
2022-11-18 08:00:00,243.0,677.0,61.0,13.4,2.5
2022-11-18 09:00:00,414.0,802.0,78.0,16.0,2.1
2022-11-18 10:00:00,549.0,894.0,79.0,18.5,1.6
2022-11-18 11:00:00,617.0,909.0,86.0,20.0,1.4
2022-11-18 12:00:00,604.0,717.0,179.0,21.0,1.2000000000000002
2022-11-18 13:00:00,567.0,882.0,86.0,21.3,0.9
2022-11-18 14:00:00,451.0,827.0,79.0,21.0,0.6000000000000001
2022-11-18 15:00:00,290.0,722.0,65.0,19.9,0.4
2022-11-18 16:00:00,106.0,475.0,40.0,16.7,0.6000000000000001
2022-11-18 17:00:00,0.0,0.0,0.0,13.3,0.7000000000000001
2022-11-18 18:00:00,0.0,0.0,0.0,11.8,1.2000000000000002
2022-11-18 19:00:00,0.0,0.0,0.0,11.2,1.7000000000000002
2022-11-18 20:00:00,0.0,0.0,0.0,10.8,2.0
2022-11-18 21:00:00,0.0,0.0,0.0,10.5,2.1
2022-11-18 22:00:00,0.0,0.0,0.0,10.3,2.4000000000000004
2022-11-18 23:00:00,0.0,0.0,0.0,10.2,2.9000000000000004
2022-11-19 00:00:00,0.0,0.0,0.0,10.1,3.3000000000000003
2022-11-19 01:00:00,0.0,0.0,0.0,9.6,3.3000000000000003
2022-11-19 02:00:00,0.0,0.0,0.0,9.2,3.3000000000000003
2022-11-19 03:00:00,0.0,0.0,0.0,9.1,3.5
2022-11-19 04:00:00,0.0,0.0,0.0,9.1,3.9
2022-11-19 05:00:00,0.0,0.0,0.0,9.1,4.4
2022-11-19 06:00:00,0.0,0.0,0.0,9.0,4.800000000000001
2022-11-19 07:00:00,67.0,452.0,27.0,10.1,5.6000000000000005
2022-11-19 08:00:00,260.0,782.0,52.0,12.5,6.7
2022-11-19 09:00:00,440.0,905.0,65.0,15.3,7.4
2022-11-19 10:00:00,574.0,960.0,73.0,17.5,6.5
2022-11-19 11:00:00,649.0,984.0,77.0,18.8,5.6000000000000005
2022-11-19 12:00:00,658.0,987.0,77.0,19.6,4.9
2022-11-19 13:00:00,599.0,963.0,77.0,19.9,4.5
2022-11-19 14:00:00,473.0,899.0,71.0,19.700000000000003,4.2
2022-11-19 15:00:00,303.0,787.0,61.0,18.7,3.9
2022-11-19 16:00:00,113.0,540.0,39.0,15.7,2.6
2022-11-19 17:00:00,0.0,0.0,0.0,12.4,2.4000000000000004
2022-11-19 18:00:00,0.0,0.0,0.0,11.4,2.7
2022-11-19 19:00:00,0.0,0.0,0.0,10.7,3.2
2022-11-19 20:00:00,0.0,0.0,0.0,10.1,3.6
2022-11-19 21:00:00,0.0,0.0,0.0,9.7,3.9
2022-11-19 22:00:00,0.0,0.0,0.0,9.4,3.9
2022-11-19 23:00:00,0.0,0.0,0.0,9.1,3.9
2022-11-20 00:00:00,0.0,0.0,0.0,9.0,3.8
2022-11-20 01:00:00,0.0,0.0,0.0,8.9,3.7
2022-11-20 02:00:00,0.0,0.0,0.0,8.8,3.7
2022-11-20 03:00:00,0.0,0.0,0.0,8.700000000000001,3.6
2022-11-20 04:00:00,0.0,0.0,0.0,8.6,3.6
2022-11-20 05:00:00,0.0,0.0,0.0,8.5,3.6
2022-11-20 06:00:00,0.0,0.0,0.0,8.4,3.7
2022-11-20 07:00:00,64.0,442.0,26.0,10.4,4.3
2022-11-20 08:00:00,252.0,763.0,52.0,13.7,5.0
2022-11-20 09:00:00,430.0,888.0,65.0,17.1,4.4
2022-11-20 10:00:00,565.0,954.0,70.0,20.1,3.1
2022-11-20 11:00:00,640.0,979.0,74.0,22.1,1.9
2022-11-20 12:00:00,649.0,981.0,75.0,23.0,1.0
2022-11-20 13:00:00,589.0,951.0,76.0,23.200000000000003,0.5
2022-11-20 14:00:00,470.0,899.0,71.0,22.700000000000003,0.4
2022-11-20 15:00:00,301.0,790.0,60.0,21.4,0.7000000000000001
2022-11-20 16:00:00,110.0,536.0,38.0,17.1,1.0
2022-11-20 17:00:00,0.0,0.0,0.0,13.6,1.3
2022-11-20 18:00:00,0.0,0.0,0.0,12.4,1.6
2022-11-20 19:00:00,0.0,0.0,0.0,11.7,1.9
2022-11-20 20:00:00,0.0,0.0,0.0,11.1,2.3000000000000003
2022-11-20 21:00:00,0.0,0.0,0.0,10.6,2.6
2022-11-20 22:00:00,0.0,0.0,0.0,10.1,2.8000000000000003
2022-11-20 23:00:00,0.0,0.0,0.0,9.8,3.0
2022-11-21 00:00:00,0.0,0.0,0.0,9.5,3.1
2022-11-21 01:00:00,0.0,0.0,0.0,9.2,3.2
2022-11-21 02:00:00,0.0,0.0,0.0,9.0,3.3000000000000003
2022-11-21 03:00:00,0.0,0.0,0.0,8.9,3.3000000000000003
2022-11-21 04:00:00,0.0,0.0,0.0,8.8,3.2
2022-11-21 05:00:00,0.0,0.0,0.0,8.6,3.2
2022-11-21 06:00:00,0.0,0.0,0.0,8.5,3.2
2022-11-21 07:00:00,58.0,381.0,27.0,10.3,3.4000000000000004
2022-11-21 08:00:00,242.0,711.0,58.0,13.9,4.4
2022-11-21 09:00:00,291.0,104.0,249.0,16.5,3.8
2022-11-21 10:00:00,550.0,902.0,85.0,19.1,2.6
2022-11-21 11:00:00,490.0,402.0,259.0,20.4,1.6
2022-11-21 12:00:00,360.0,132.0,284.0,21.1,1.1
2022-11-21 13:00:00,544.0,668.0,185.0,21.5,0.6000000000000001
2022-11-21 14:00:00,427.0,592.0,165.0,21.3,0.3
2022-11-21 15:00:00,273.0,492.0,123.0,19.8,0.5
2022-11-21 16:00:00,86.0,106.0,72.0,17.0,0.7000000000000001
2022-11-21 17:00:00,0.0,0.0,0.0,14.9,1.0
2022-11-21 18:00:00,0.0,0.0,0.0,13.8,1.1
2022-11-21 19:00:00,0.0,0.0,0.0,13.2,1.2000000000000002
2022-11-21 20:00:00,0.0,0.0,0.0,12.9,1.4
2022-11-21 21:00:00,0.0,0.0,0.0,12.7,1.5
2022-11-21 22:00:00,0.0,0.0,0.0,12.5,1.6
2022-11-21 23:00:00,0.0,0.0,0.0,12.3,1.6
2022-11-22 00:00:00,0.0,0.0,0.0,12.0,1.6
2022-11-22 01:00:00,0.0,0.0,0.0,11.5,1.6
2022-11-22 02:00:00,0.0,0.0,0.0,11.2,1.6
2022-11-22 03:00:00,0.0,0.0,0.0,10.9,1.6
2022-11-22 04:00:00,0.0,0.0,0.0,10.7,1.7000000000000002
2022-11-22 05:00:00,0.0,0.0,0.0,10.6,1.7000000000000002
2022-11-22 06:00:00,0.0,0.0,0.0,10.1,1.8
2022-11-22 07:00:00,43.0,15.0,42.0,11.3,1.9
2022-11-22 08:00:00,194.0,282.0,121.0,15.1,3.1
2022-11-22 09:00:00,406.0,810.0,79.0,17.8,2.5
2022-11-22 10:00:00,549.0,935.0,70.0,20.3,1.3
2022-11-22 11:00:00,623.0,958.0,76.0,21.6,0.3
2022-11-22 12:00:00,632.0,958.0,77.0,22.200000000000003,0.7000000000000001
2022-11-22 13:00:00,575.0,933.0,77.0,22.3,1.1
2022-11-22 14:00:00,458.0,878.0,71.0,21.9,1.3
2022-11-22 15:00:00,292.0,767.0,60.0,20.700000000000003,1.4
2022-11-22 16:00:00,105.0,510.0,37.0,17.5,1.7000000000000002
2022-11-22 17:00:00,0.0,0.0,0.0,15.0,1.6
2022-11-22 18:00:00,0.0,0.0,0.0,13.5,1.4
2022-11-22 19:00:00,0.0,0.0,0.0,12.6,1.3
2022-11-22 20:00:00,0.0,0.0,0.0,12.2,1.2000000000000002
2022-11-22 21:00:00,0.0,0.0,0.0,11.9,1.2000000000000002
2022-11-22 22:00:00,0.0,0.0,0.0,11.7,1.2000000000000002
2022-11-22 23:00:00,0.0,0.0,0.0,11.6,1.2000000000000002
2022-11-23 00:00:00,0.0,0.0,0.0,11.0,1.2000000000000002
2022-11-23 01:00:00,0.0,0.0,0.0,10.3,1.4
2022-11-23 02:00:00,0.0,0.0,0.0,9.7,1.6
2022-11-23 03:00:00,0.0,0.0,0.0,9.4,1.8
2022-11-23 04:00:00,0.0,0.0,0.0,9.1,1.9
2022-11-23 05:00:00,0.0,0.0,0.0,8.9,1.9
2022-11-23 06:00:00,0.0,0.0,0.0,8.8,1.8
2022-11-23 07:00:00,53.0,383.0,24.0,10.6,1.8
2022-11-23 08:00:00,232.0,715.0,51.0,14.8,2.7
2022-11-23 09:00:00,402.0,839.0,66.0,17.400000000000002,1.9
2022-11-23 10:00:00,535.0,911.0,71.0,20.0,1.3
2022-11-23 11:00:00,606.0,933.0,75.0,21.8,1.1
2022-11-23 12:00:00,613.0,930.0,77.0,22.8,1.0
2022-11-23 13:00:00,558.0,913.0,73.0,23.1,0.8
2022-11-23 14:00:00,446.0,865.0,67.0,22.700000000000003,0.6000000000000001
2022-11-23 15:00:00,284.0,756.0,57.0,21.4,0.4
2022-11-23 16:00:00,101.0,503.0,35.0,17.900000000000002,0.8
2022-11-23 17:00:00,0.0,0.0,0.0,15.4,0.7000000000000001
2022-11-23 18:00:00,0.0,0.0,0.0,14.0,0.9
2022-11-23 19:00:00,0.0,0.0,0.0,13.0,1.2000000000000002
2022-11-23 20:00:00,0.0,0.0,0.0,12.6,1.2000000000000002
2022-11-23 21:00:00,0.0,0.0,0.0,12.3,1.1
2022-11-23 22:00:00,0.0,0.0,0.0,11.9,1.2000000000000002
2022-11-23 23:00:00,0.0,0.0,0.0,11.8,1.4
2022-11-24 00:00:00,0.0,0.0,0.0,11.8,1.8
2022-11-24 01:00:00,0.0,0.0,0.0,11.7,2.1
2022-11-24 02:00:00,0.0,0.0,0.0,11.7,2.5
2022-11-24 03:00:00,0.0,0.0,0.0,11.8,2.9000000000000004
2022-11-24 04:00:00,0.0,0.0,0.0,11.5,2.9000000000000004
2022-11-24 05:00:00,0.0,0.0,0.0,11.2,3.1
2022-11-24 06:00:00,0.0,0.0,0.0,10.9,3.3000000000000003
2022-11-24 07:00:00,54.0,434.0,23.0,12.3,3.5
2022-11-24 08:00:00,236.0,759.0,47.0,15.3,4.2
2022-11-24 09:00:00,411.0,884.0,59.0,18.1,5.2
2022-11-24 10:00:00,543.0,945.0,65.0,20.200000000000003,5.7
2022-11-24 11:00:00,618.0,973.0,68.0,21.5,5.5
2022-11-24 12:00:00,628.0,978.0,68.0,22.200000000000003,5.300000000000001
2022-11-24 13:00:00,571.0,946.0,71.0,22.3,5.2
2022-11-24 14:00:00,459.0,906.0,65.0,21.8,5.1000000000000005
2022-11-24 15:00:00,294.0,805.0,54.0,20.8,4.4
2022-11-24 16:00:00,106.0,560.0,34.0,17.400000000000002,2.5
2022-11-24 17:00:00,0.0,0.0,0.0,14.3,2.1
2022-11-24 18:00:00,0.0,0.0,0.0,13.2,2.1
2022-11-24 19:00:00,0.0,0.0,0.0,12.4,2.1
2022-11-24 20:00:00,0.0,0.0,0.0,11.7,2.1
2022-11-24 21:00:00,0.0,0.0,0.0,11.2,2.1
2022-11-24 22:00:00,0.0,0.0,0.0,10.8,2.1
2022-11-24 23:00:00,0.0,0.0,0.0,10.5,2.0
2022-11-25 00:00:00,0.0,0.0,0.0,10.2,1.9
2022-11-25 01:00:00,0.0,0.0,0.0,10.0,1.9
2022-11-25 02:00:00,0.0,0.0,0.0,9.8,2.0
2022-11-25 03:00:00,0.0,0.0,0.0,9.5,2.1
2022-11-25 04:00:00,0.0,0.0,0.0,9.3,2.3000000000000003
2022-11-25 05:00:00,0.0,0.0,0.0,9.0,2.4000000000000004
2022-11-25 06:00:00,0.0,0.0,0.0,8.700000000000001,2.5
2022-11-25 07:00:00,53.0,438.0,22.0,10.6,2.9000000000000004
2022-11-25 08:00:00,235.0,766.0,46.0,14.6,4.0
2022-11-25 09:00:00,410.0,890.0,59.0,17.6,3.4000000000000004
2022-11-25 10:00:00,541.0,934.0,72.0,20.3,2.2
2022-11-25 11:00:00,616.0,956.0,78.0,21.8,1.3
2022-11-25 12:00:00,622.0,948.0,80.0,22.1,0.9
2022-11-25 13:00:00,567.0,932.0,76.0,21.8,1.3
2022-11-25 14:00:00,451.0,879.0,70.0,21.3,1.8
2022-11-25 15:00:00,285.0,763.0,58.0,20.0,2.0
2022-11-25 16:00:00,101.0,510.0,36.0,16.7,1.7000000000000002
2022-11-25 17:00:00,0.0,0.0,0.0,14.4,1.7000000000000002
2022-11-25 18:00:00,0.0,0.0,0.0,13.6,1.7000000000000002
2022-11-25 19:00:00,0.0,0.0,0.0,13.2,1.6
2022-11-25 20:00:00,0.0,0.0,0.0,13.0,1.3
2022-11-25 21:00:00,0.0,0.0,0.0,12.8,1.1
2022-11-25 22:00:00,0.0,0.0,0.0,12.5,1.0
2022-11-25 23:00:00,0.0,0.0,0.0,12.2,1.0
2022-11-26 00:00:00,0.0,0.0,0.0,11.6,1.1
2022-11-26 01:00:00,0.0,0.0,0.0,11.1,1.2000000000000002
2022-11-26 02:00:00,0.0,0.0,0.0,10.7,1.2000000000000002
2022-11-26 03:00:00,0.0,0.0,0.0,10.5,1.2000000000000002
2022-11-26 04:00:00,0.0,0.0,0.0,10.2,1.2000000000000002
2022-11-26 05:00:00,0.0,0.0,0.0,10.0,1.2000000000000002
2022-11-26 06:00:00,0.0,0.0,0.0,9.8,1.2000000000000002
2022-11-26 07:00:00,43.0,307.0,23.0,10.8,1.2000000000000002
2022-11-26 08:00:00,216.0,667.0,54.0,14.3,1.8
2022-11-26 09:00:00,385.0,804.0,71.0,16.900000000000002,1.4
2022-11-26 10:00:00,522.0,903.0,71.0,19.4,0.5
2022-11-26 11:00:00,594.0,926.0,76.0,21.1,1.3
2022-11-26 12:00:00,604.0,926.0,78.0,21.9,2.0
2022-11-26 13:00:00,549.0,906.0,73.0,22.0,2.4000000000000004
2022-11-26 14:00:00,436.0,852.0,68.0,21.5,2.4000000000000004
2022-11-26 15:00:00,275.0,736.0,57.0,20.1,2.2
2022-11-26 16:00:00,95.0,477.0,35.0,16.5,1.8
2022-11-26 17:00:00,0.0,0.0,0.0,14.6,1.3
2022-11-26 18:00:00,0.0,0.0,0.0,13.9,0.7000000000000001
2022-11-26 19:00:00,0.0,0.0,0.0,12.9,0.9
2022-11-26 20:00:00,0.0,0.0,0.0,12.3,1.0
2022-11-26 21:00:00,0.0,0.0,0.0,11.7,1.0
2022-11-26 22:00:00,0.0,0.0,0.0,10.9,1.2000000000000002
2022-11-26 23:00:00,0.0,0.0,0.0,10.4,1.3
2022-11-27 00:00:00,0.0,0.0,0.0,10.0,1.5
2022-11-27 01:00:00,0.0,0.0,0.0,9.9,1.6
2022-11-27 02:00:00,0.0,0.0,0.0,9.7,1.8
2022-11-27 03:00:00,0.0,0.0,0.0,9.7,2.0
2022-11-27 04:00:00,0.0,0.0,0.0,9.5,2.2
2022-11-27 05:00:00,0.0,0.0,0.0,9.1,2.3000000000000003
2022-11-27 06:00:00,0.0,0.0,0.0,8.700000000000001,2.3000000000000003
2022-11-27 07:00:00,44.0,351.0,22.0,10.3,2.8000000000000003
2022-11-27 08:00:00,220.0,709.0,50.0,13.9,3.7
2022-11-27 09:00:00,393.0,846.0,65.0,17.2,2.8000000000000003
2022-11-27 10:00:00,525.0,911.0,73.0,19.9,2.0
2022-11-27 11:00:00,597.0,932.0,78.0,21.0,1.8
2022-11-27 12:00:00,607.0,930.0,81.0,21.5,2.1
2022-11-27 13:00:00,548.0,889.0,83.0,21.4,2.3000000000000003
2022-11-27 14:00:00,434.0,829.0,77.0,20.8,2.5
2022-11-27 15:00:00,271.0,701.0,65.0,19.4,2.4000000000000004
2022-11-27 16:00:00,92.0,431.0,38.0,15.8,1.7000000000000002
2022-11-27 17:00:00,0.0,0.0,0.0,13.3,1.2000000000000002
2022-11-27 18:00:00,0.0,0.0,0.0,13.0,0.7000000000000001
2022-11-27 19:00:00,0.0,0.0,0.0,12.8,0.2
2022-11-27 20:00:00,0.0,0.0,0.0,12.4,0.6000000000000001
2022-11-27 21:00:00,0.0,0.0,0.0,11.9,1.0
2022-11-27 22:00:00,0.0,0.0,0.0,11.6,1.2000000000000002
2022-11-27 23:00:00,0.0,0.0,0.0,11.4,1.2000000000000002
2022-11-28 00:00:00,0.0,0.0,0.0,11.3,1.2000000000000002
2022-11-28 01:00:00,0.0,0.0,0.0,11.3,1.2000000000000002
2022-11-28 02:00:00,0.0,0.0,0.0,11.4,1.1
2022-11-28 03:00:00,0.0,0.0,0.0,11.5,1.1
2022-11-28 04:00:00,0.0,0.0,0.0,11.4,1.1
2022-11-28 05:00:00,0.0,0.0,0.0,11.3,1.0
2022-11-28 06:00:00,0.0,0.0,0.0,11.2,0.9
2022-11-28 07:00:00,26.0,1.0,26.0,11.6,1.0
2022-11-28 08:00:00,118.0,18.0,114.0,12.2,1.2000000000000002
2022-11-28 09:00:00,186.0,40.0,170.0,13.4,1.2000000000000002
2022-11-28 10:00:00,175.0,14.0,169.0,14.8,1.5
2022-11-28 11:00:00,312.0,41.0,290.0,16.1,2.2
2022-11-28 12:00:00,125.0,0.0,125.0,16.8,2.7
2022-11-28 13:00:00,22.0,0.0,22.0,17.0,3.2
2022-11-28 14:00:00,103.0,0.0,103.0,16.6,3.5
2022-11-28 15:00:00,177.0,34.0,167.0,15.6,3.6
2022-11-28 16:00:00,10.0,0.0,10.0,13.6,3.2
2022-11-28 17:00:00,0.0,0.0,0.0,11.6,2.4000000000000004
2022-11-28 18:00:00,0.0,0.0,0.0,11.0,2.1
2022-11-28 19:00:00,0.0,0.0,0.0,11.5,2.0
2022-11-28 20:00:00,0.0,0.0,0.0,11.3,1.3
2022-11-28 21:00:00,0.0,0.0,0.0,11.2,1.0
2022-11-28 22:00:00,0.0,0.0,0.0,10.8,0.9
2022-11-28 23:00:00,0.0,0.0,0.0,10.5,1.0
2022-11-29 00:00:00,0.0,0.0,0.0,9.8,1.1
2022-11-29 01:00:00,0.0,0.0,0.0,9.6,1.5
2022-11-29 02:00:00,0.0,0.0,0.0,9.0,1.6
2022-11-29 03:00:00,0.0,0.0,0.0,8.4,1.5
2022-11-29 04:00:00,0.0,0.0,0.0,7.7,1.5
2022-11-29 05:00:00,0.0,0.0,0.0,7.300000000000001,1.4
2022-11-29 06:00:00,0.0,0.0,0.0,7.300000000000001,1.3
2022-11-29 07:00:00,37.0,237.0,23.0,8.4,1.3
2022-11-29 08:00:00,130.0,16.0,126.0,11.0,2.3000000000000003
2022-11-29 09:00:00,375.0,777.0,78.0,13.3,2.4000000000000004
2022-11-29 10:00:00,510.0,880.0,79.0,15.2,2.2
2022-11-29 11:00:00,350.0,65.0,314.0,16.5,2.0
2022-11-29 12:00:00,258.0,8.0,253.0,17.3,1.9
2022-11-29 13:00:00,84.0,0.0,84.0,17.6,1.9
2022-11-29 14:00:00,425.0,809.0,80.0,17.400000000000002,1.8
2022-11-29 15:00:00,268.0,692.0,66.0,16.6,1.7000000000000002
2022-11-29 16:00:00,91.0,423.0,39.0,14.2,1.5
2022-11-29 17:00:00,0.0,0.0,0.0,12.3,1.2000000000000002
2022-11-29 18:00:00,0.0,0.0,0.0,11.6,0.9
2022-11-29 19:00:00,0.0,0.0,0.0,10.9,0.6000000000000001
2022-11-29 20:00:00,0.0,0.0,0.0,10.3,0.3
2022-11-29 21:00:00,0.0,0.0,0.0,9.8,0.2
2022-11-29 22:00:00,0.0,0.0,0.0,9.4,0.6000000000000001
2022-11-29 23:00:00,0.0,0.0,0.0,9.0,0.9
2022-11-30 00:00:00,0.0,0.0,0.0,8.8,1.0
2022-11-30 01:00:00,0.0,0.0,0.0,8.6,1.2000000000000002
2022-11-30 02:00:00,0.0,0.0,0.0,8.6,1.2000000000000002
2022-11-30 03:00:00,0.0,0.0,0.0,8.700000000000001,1.3
2022-11-30 04:00:00,0.0,0.0,0.0,8.8,1.2000000000000002
2022-11-30 05:00:00,0.0,0.0,0.0,9.0,1.2000000000000002
2022-11-30 06:00:00,0.0,0.0,0.0,9.2,1.2000000000000002
2022-11-30 07:00:00,32.0,163.0,23.0,9.8,1.1
2022-11-30 08:00:00,195.0,560.0,66.0,11.6,2.0
2022-11-30 09:00:00,365.0,748.0,82.0,13.1,2.5
2022-11-30 10:00:00,501.0,860.0,82.0,14.7,3.0
2022-11-30 11:00:00,578.0,898.0,85.0,15.6,3.3000000000000003
2022-11-30 12:00:00,588.0,903.0,84.0,16.1,3.5
2022-11-30 13:00:00,535.0,872.0,84.0,16.1,3.7
2022-11-30 14:00:00,424.0,819.0,76.0,15.5,3.7
2022-11-30 15:00:00,267.0,703.0,63.0,14.4,3.5
2022-11-30 16:00:00,91.0,434.0,38.0,12.2,2.5
2022-11-30 17:00:00,0.0,0.0,0.0,9.7,1.6
2022-11-30 18:00:00,0.0,0.0,0.0,8.9,1.4
2022-11-30 19:00:00,0.0,0.0,0.0,8.700000000000001,1.3
2022-11-30 20:00:00,0.0,0.0,0.0,9.1,1.2000000000000002
2022-11-30 21:00:00,0.0,0.0,0.0,9.4,1.2000000000000002
2022-11-30 22:00:00,0.0,0.0,0.0,9.5,1.3
2022-11-30 23:00:00,0.0,0.0,0.0,9.6,1.4
2022-12-01 00:00:00,0.0,0.0,0.0,9.4,1.4
2022-12-01 01:00:00,0.0,0.0,0.0,9.2,1.3
2022-12-01 02:00:00,0.0,0.0,0.0,9.1,1.4
2022-12-01 03:00:00,0.0,0.0,0.0,9.0,1.3
2022-12-01 04:00:00,0.0,0.0,0.0,9.1,1.3
2022-12-01 05:00:00,0.0,0.0,0.0,9.4,1.3
2022-12-01 06:00:00,0.0,0.0,0.0,9.5,1.2000000000000002
2022-12-01 07:00:00,12.0,0.0,12.0,9.9,1.4
2022-12-01 08:00:00,83.0,7.0,81.0,10.9,2.2
2022-12-01 09:00:00,195.0,51.0,176.0,11.5,2.2
2022-12-01 10:00:00,99.0,1.0,99.0,12.4,2.4000000000000004
2022-12-01 11:00:00,45.0,0.0,45.0,13.2,2.7
2022-12-01 12:00:00,142.0,0.0,142.0,13.1,2.9000000000000004
2022-12-01 13:00:00,55.0,0.0,55.0,13.2,3.1
2022-12-01 14:00:00,169.0,19.0,161.0,13.2,3.2
2022-12-01 15:00:00,77.0,3.0,76.0,12.6,3.2
2022-12-01 16:00:00,38.0,2.0,37.0,11.6,2.7
2022-12-01 17:00:00,0.0,0.0,0.0,11.0,2.5
2022-12-01 18:00:00,0.0,0.0,0.0,10.9,2.7
2022-12-01 19:00:00,0.0,0.0,0.0,10.7,2.6
2022-12-01 20:00:00,0.0,0.0,0.0,10.7,2.6
2022-12-01 21:00:00,0.0,0.0,0.0,10.7,2.6
2022-12-01 22:00:00,0.0,0.0,0.0,10.7,2.7
2022-12-01 23:00:00,0.0,0.0,0.0,10.7,2.8000000000000003
2022-12-02 00:00:00,0.0,0.0,0.0,10.8,2.8000000000000003
2022-12-02 01:00:00,0.0,0.0,0.0,10.8,2.6
2022-12-02 02:00:00,0.0,0.0,0.0,10.7,2.2
2022-12-02 03:00:00,0.0,0.0,0.0,10.7,2.1
2022-12-02 04:00:00,0.0,0.0,0.0,10.6,1.9
2022-12-02 05:00:00,0.0,0.0,0.0,10.5,1.9
2022-12-02 06:00:00,0.0,0.0,0.0,10.5,2.2
2022-12-02 07:00:00,8.0,0.0,8.0,10.7,2.8000000000000003
2022-12-02 08:00:00,29.0,0.0,29.0,11.1,3.2
2022-12-02 09:00:00,113.0,1.0,113.0,11.6,3.3000000000000003
2022-12-02 10:00:00,292.0,115.0,237.0,12.1,3.3000000000000003
2022-12-02 11:00:00,403.0,247.0,268.0,12.6,3.0
2022-12-02 12:00:00,420.0,293.0,258.0,13.0,2.7
2022-12-02 13:00:00,288.0,70.0,252.0,13.5,2.2
2022-12-02 14:00:00,212.0,59.0,187.0,13.9,1.6
2022-12-02 15:00:00,48.0,1.0,48.0,14.2,0.9
2022-12-02 16:00:00,17.0,0.0,17.0,13.6,0.4
2022-12-02 17:00:00,0.0,0.0,0.0,13.1,0.2
2022-12-02 18:00:00,0.0,0.0,0.0,12.6,0.6000000000000001
2022-12-02 19:00:00,0.0,0.0,0.0,12.1,1.0
2022-12-02 20:00:00,0.0,0.0,0.0,11.7,1.2000000000000002
2022-12-02 21:00:00,0.0,0.0,0.0,11.6,1.3
2022-12-02 22:00:00,0.0,0.0,0.0,11.4,1.3
2022-12-02 23:00:00,0.0,0.0,0.0,11.3,1.2000000000000002
2022-12-03 00:00:00,0.0,0.0,0.0,11.2,1.1
2022-12-03 01:00:00,0.0,0.0,0.0,11.2,1.1
2022-12-03 02:00:00,0.0,0.0,0.0,11.3,1.1
2022-12-03 03:00:00,0.0,0.0,0.0,11.2,1.2000000000000002
2022-12-03 04:00:00,0.0,0.0,0.0,11.0,1.3
2022-12-03 05:00:00,0.0,0.0,0.0,10.8,1.4
2022-12-03 06:00:00,0.0,0.0,0.0,10.7,1.3
2022-12-03 07:00:00,20.0,2.0,20.0,11.6,1.3
2022-12-03 08:00:00,186.0,589.0,55.0,14.5,1.8
2022-12-03 09:00:00,297.0,389.0,153.0,16.8,1.2000000000000002
2022-12-03 10:00:00,478.0,820.0,85.0,19.0,1.3
2022-12-03 11:00:00,552.0,851.0,91.0,20.200000000000003,1.7000000000000002
2022-12-03 12:00:00,564.0,852.0,93.0,20.700000000000003,2.1
2022-12-03 13:00:00,514.0,829.0,90.0,20.6,2.4000000000000004
2022-12-03 14:00:00,407.0,771.0,82.0,20.0,2.5
2022-12-03 15:00:00,255.0,651.0,67.0,18.8,2.4000000000000004
2022-12-03 16:00:00,85.0,383.0,38.0,15.9,1.4
2022-12-03 17:00:00,0.0,0.0,0.0,13.6,1.2000000000000002
2022-12-03 18:00:00,0.0,0.0,0.0,13.2,1.0
2022-12-03 19:00:00,0.0,0.0,0.0,13.2,0.6000000000000001
2022-12-03 20:00:00,0.0,0.0,0.0,12.9,0.2
2022-12-03 21:00:00,0.0,0.0,0.0,12.5,0.4
2022-12-03 22:00:00,0.0,0.0,0.0,12.0,0.6000000000000001
2022-12-03 23:00:00,0.0,0.0,0.0,11.8,0.6000000000000001
2022-12-04 00:00:00,0.0,0.0,0.0,11.7,0.4
2022-12-04 01:00:00,0.0,0.0,0.0,11.8,0.4
2022-12-04 02:00:00,0.0,0.0,0.0,11.8,0.4
2022-12-04 03:00:00,0.0,0.0,0.0,11.6,0.5
2022-12-04 04:00:00,0.0,0.0,0.0,11.7,0.6000000000000001
2022-12-04 05:00:00,0.0,0.0,0.0,11.9,0.6000000000000001
2022-12-04 06:00:00,0.0,0.0,0.0,12.2,0.4
2022-12-04 07:00:00,10.0,0.0,10.0,12.6,0.3
2022-12-04 08:00:00,128.0,82.0,110.0,13.4,0.2
2022-12-04 09:00:00,259.0,222.0,177.0,14.3,0.5
2022-12-04 10:00:00,242.0,27.0,229.0,15.0,1.2000000000000002
2022-12-04 11:00:00,184.0,1.0,184.0,15.4,1.8
2022-12-04 12:00:00,59.0,0.0,59.0,15.5,2.4000000000000004
2022-12-04 13:00:00,185.0,1.0,184.0,15.6,2.7
2022-12-04 14:00:00,93.0,0.0,93.0,15.7,2.4000000000000004
2022-12-04 15:00:00,10.0,0.0,10.0,15.5,1.4
2022-12-04 16:00:00,86.0,393.0,39.0,13.7,0.9
2022-12-04 17:00:00,0.0,0.0,0.0,12.2,1.0
2022-12-04 18:00:00,0.0,0.0,0.0,12.2,1.2000000000000002
2022-12-04 19:00:00,0.0,0.0,0.0,12.1,1.6
2022-12-04 20:00:00,0.0,0.0,0.0,11.8,1.5
2022-12-04 21:00:00,0.0,0.0,0.0,11.5,1.3
2022-12-04 22:00:00,0.0,0.0,0.0,11.0,1.3
2022-12-04 23:00:00,0.0,0.0,0.0,10.7,1.3
2022-12-05 00:00:00,0.0,0.0,0.0,10.7,1.3
2022-12-05 01:00:00,0.0,0.0,0.0,10.6,1.3
2022-12-05 02:00:00,0.0,0.0,0.0,10.4,1.3
2022-12-05 03:00:00,0.0,0.0,0.0,10.4,1.3
2022-12-05 04:00:00,0.0,0.0,0.0,10.3,1.3
2022-12-05 05:00:00,0.0,0.0,0.0,10.2,1.4
2022-12-05 06:00:00,0.0,0.0,0.0,10.1,1.5
2022-12-05 07:00:00,20.0,3.0,20.0,10.5,1.3
2022-12-05 08:00:00,153.0,201.0,109.0,11.7,1.8
2022-12-05 09:00:00,238.0,152.0,183.0,12.6,2.3000000000000003
2022-12-05 10:00:00,486.0,860.0,77.0,14.0,2.4000000000000004
2022-12-05 11:00:00,562.0,895.0,81.0,15.2,2.6
2022-12-05 12:00:00,578.0,902.0,83.0,15.8,3.0
2022-12-05 13:00:00,530.0,886.0,79.0,16.0,3.3000000000000003
2022-12-05 14:00:00,418.0,824.0,73.0,15.7,3.4000000000000004
2022-12-05 15:00:00,217.0,314.0,127.0,14.9,3.3000000000000003
2022-12-05 16:00:00,71.0,51.0,65.0,12.8,2.3000000000000003
2022-12-05 17:00:00,0.0,0.0,0.0,11.2,2.0
2022-12-05 18:00:00,0.0,0.0,0.0,10.7,1.9
2022-12-05 19:00:00,0.0,0.0,0.0,10.2,1.7000000000000002
2022-12-05 20:00:00,0.0,0.0,0.0,10.0,1.5
2022-12-05 21:00:00,0.0,0.0,0.0,9.9,1.3
2022-12-05 22:00:00,0.0,0.0,0.0,9.8,0.9
2022-12-05 23:00:00,0.0,0.0,0.0,9.6,0.6000000000000001
2022-12-06 00:00:00,0.0,0.0,0.0,9.2,0.3
2022-12-06 01:00:00,0.0,0.0,0.0,8.8,0.3
2022-12-06 02:00:00,0.0,0.0,0.0,8.5,0.5
2022-12-06 03:00:00,0.0,0.0,0.0,8.4,0.6000000000000001
2022-12-06 04:00:00,0.0,0.0,0.0,8.5,0.7000000000000001
2022-12-06 05:00:00,0.0,0.0,0.0,8.6,0.7000000000000001
2022-12-06 06:00:00,0.0,0.0,0.0,8.6,0.6000000000000001
2022-12-06 07:00:00,13.0,0.0,13.0,8.9,0.6000000000000001
2022-12-06 08:00:00,179.0,575.0,56.0,10.1,0.9
2022-12-06 09:00:00,286.0,337.0,164.0,11.7,0.8
2022-12-06 10:00:00,452.0,605.0,166.0,13.0,0.8
2022-12-06 11:00:00,363.0,182.0,266.0,13.9,1.1
2022-12-06 12:00:00,478.0,502.0,203.0,14.8,1.5
2022-12-06 13:00:00,389.0,311.0,232.0,15.1,1.8
2022-12-06 14:00:00,240.0,78.0,207.0,14.9,2.1
2022-12-06 15:00:00,183.0,142.0,142.0,14.1,2.3000000000000003
2022-12-06 16:00:00,90.0,439.0,36.0,11.6,1.5
2022-12-06 17:00:00,0.0,0.0,0.0,9.5,1.4
2022-12-06 18:00:00,0.0,0.0,0.0,8.9,1.3
2022-12-06 19:00:00,0.0,0.0,0.0,8.8,1.2000000000000002
2022-12-06 20:00:00,0.0,0.0,0.0,9.0,1.2000000000000002
2022-12-06 21:00:00,0.0,0.0,0.0,9.1,1.1
2022-12-06 22:00:00,0.0,0.0,0.0,9.1,1.0
2022-12-06 23:00:00,0.0,0.0,0.0,9.1,0.9
2022-12-07 00:00:00,0.0,0.0,0.0,8.9,0.9
2022-12-07 01:00:00,0.0,0.0,0.0,8.8,0.8
2022-12-07 02:00:00,0.0,0.0,0.0,8.8,0.7000000000000001
2022-12-07 03:00:00,0.0,0.0,0.0,8.8,0.6000000000000001
2022-12-07 04:00:00,0.0,0.0,0.0,8.6,0.3
2022-12-07 05:00:00,0.0,0.0,0.0,8.3,0.1
2022-12-07 06:00:00,0.0,0.0,0.0,8.200000000000001,0.1
2022-12-07 07:00:00,22.0,133.0,17.0,8.5,0.2
2022-12-07 08:00:00,178.0,565.0,59.0,9.7,0.2
2022-12-07 09:00:00,350.0,780.0,69.0,11.2,0.7000000000000001
2022-12-07 10:00:00,484.0,870.0,75.0,12.9,1.2000000000000002
2022-12-07 11:00:00,561.0,904.0,79.0,14.0,1.8
2022-12-07 12:00:00,577.0,910.0,80.0,14.5,2.1
2022-12-07 13:00:00,528.0,890.0,77.0,14.7,2.4000000000000004
2022-12-07 14:00:00,420.0,836.0,71.0,14.4,2.6
2022-12-07 15:00:00,265.0,721.0,59.0,13.6,2.7
2022-12-07 16:00:00,90.0,459.0,35.0,11.2,2.0
2022-12-07 17:00:00,0.0,0.0,0.0,9.0,1.6
2022-12-07 18:00:00,0.0,0.0,0.0,8.3,1.4
2022-12-07 19:00:00,0.0,0.0,0.0,8.200000000000001,1.3
2022-12-07 20:00:00,0.0,0.0,0.0,8.5,1.2000000000000002
2022-12-07 21:00:00,0.0,0.0,0.0,8.700000000000001,1.0
2022-12-07 22:00:00,0.0,0.0,0.0,8.700000000000001,0.7000000000000001
2022-12-07 23:00:00,0.0,0.0,0.0,8.6,0.4
2022-12-08 00:00:00,0.0,0.0,0.0,8.1,0.6000000000000001
2022-12-08 01:00:00,0.0,0.0,0.0,7.800000000000001,0.7000000000000001
2022-12-08 02:00:00,0.0,0.0,0.0,7.9,0.7000000000000001
2022-12-08 03:00:00,0.0,0.0,0.0,7.7,0.9
2022-12-08 04:00:00,0.0,0.0,0.0,7.4,1.2000000000000002
2022-12-08 05:00:00,0.0,0.0,0.0,7.1000000000000005,1.3
2022-12-08 06:00:00,0.0,0.0,0.0,6.7,1.4
2022-12-08 07:00:00,22.0,184.0,15.0,7.2,1.6
2022-12-08 08:00:00,183.0,627.0,52.0,9.7,2.5
2022-12-08 09:00:00,355.0,801.0,68.0,12.0,2.1
2022-12-08 10:00:00,492.0,899.0,71.0,14.0,1.0
2022-12-08 11:00:00,568.0,926.0,75.0,15.4,0.6000000000000001
2022-12-08 12:00:00,584.0,930.0,77.0,16.1,1.8
2022-12-08 13:00:00,535.0,909.0,76.0,16.3,2.5
2022-12-08 14:00:00,424.0,848.0,70.0,15.9,2.8000000000000003
2022-12-08 15:00:00,268.0,732.0,59.0,14.9,2.8000000000000003
2022-12-08 16:00:00,92.0,467.0,35.0,12.0,2.1
2022-12-08 17:00:00,0.0,0.0,0.0,9.9,1.9
2022-12-08 18:00:00,0.0,0.0,0.0,9.4,1.7000000000000002
2022-12-08 19:00:00,0.0,0.0,0.0,9.3,1.6
2022-12-08 20:00:00,0.0,0.0,0.0,9.5,1.4
2022-12-08 21:00:00,0.0,0.0,0.0,9.4,1.3
2022-12-08 22:00:00,0.0,0.0,0.0,9.2,1.1
2022-12-08 23:00:00,0.0,0.0,0.0,8.9,0.9
2022-12-09 00:00:00,0.0,0.0,0.0,8.6,0.8
2022-12-09 01:00:00,0.0,0.0,0.0,7.9,0.9
2022-12-09 02:00:00,0.0,0.0,0.0,7.5,1.0
2022-12-09 03:00:00,0.0,0.0,0.0,7.300000000000001,1.0
2022-12-09 04:00:00,0.0,0.0,0.0,7.1000000000000005,1.0
2022-12-09 05:00:00,0.0,0.0,0.0,6.7,0.9
2022-12-09 06:00:00,0.0,0.0,0.0,6.300000000000001,1.0
2022-12-09 07:00:00,11.0,0.0,11.0,7.0,1.0
2022-12-09 08:00:00,181.0,649.0,47.0,9.9,1.5
2022-12-09 09:00:00,351.0,810.0,63.0,12.5,0.6000000000000001
2022-12-09 10:00:00,489.0,903.0,67.0,14.8,1.1
2022-12-09 11:00:00,566.0,928.0,74.0,16.2,2.0
2022-12-09 12:00:00,579.0,925.0,76.0,16.7,2.7
2022-12-09 13:00:00,529.0,896.0,77.0,16.7,2.9000000000000004
2022-12-09 14:00:00,422.0,844.0,70.0,16.2,2.9000000000000004
2022-12-09 15:00:00,266.0,730.0,58.0,15.3,2.6
2022-12-09 16:00:00,92.0,473.0,34.0,12.1,1.5
2022-12-09 17:00:00,0.0,0.0,0.0,10.2,1.3
2022-12-09 18:00:00,0.0,0.0,0.0,9.9,1.0
2022-12-09 19:00:00,0.0,0.0,0.0,9.7,0.7000000000000001
2022-12-09 20:00:00,0.0,0.0,0.0,9.7,0.5
2022-12-09 21:00:00,0.0,0.0,0.0,9.3,0.2
2022-12-09 22:00:00,0.0,0.0,0.0,8.9,0.1
2022-12-09 23:00:00,0.0,0.0,0.0,8.8,0.2
2022-12-10 00:00:00,0.0,0.0,0.0,8.700000000000001,0.3
2022-12-10 01:00:00,0.0,0.0,0.0,8.700000000000001,0.3
2022-12-10 02:00:00,0.0,0.0,0.0,8.8,0.4
2022-12-10 03:00:00,0.0,0.0,0.0,8.9,0.4
2022-12-10 04:00:00,0.0,0.0,0.0,9.0,0.5
2022-12-10 05:00:00,0.0,0.0,0.0,9.0,0.5
2022-12-10 06:00:00,0.0,0.0,0.0,9.0,0.6000000000000001
2022-12-10 07:00:00,18.0,105.0,15.0,9.3,0.6000000000000001
2022-12-10 08:00:00,95.0,21.0,91.0,10.6,0.6000000000000001
2022-12-10 09:00:00,177.0,13.0,172.0,11.9,0.5
2022-12-10 10:00:00,348.0,169.0,270.0,13.1,1.4
2022-12-10 11:00:00,372.0,109.0,314.0,14.2,2.3000000000000003
2022-12-10 12:00:00,277.0,24.0,265.0,14.9,3.0
2022-12-10 13:00:00,312.0,58.0,282.0,15.0,3.3000000000000003
2022-12-10 14:00:00,288.0,219.0,197.0,14.6,3.4000000000000004
2022-12-10 15:00:00,22.0,0.0,22.0,13.7,3.3000000000000003
2022-12-10 16:00:00,3.0,0.0,3.0,12.0,2.3000000000000003
2022-12-10 17:00:00,0.0,0.0,0.0,10.8,1.7000000000000002
2022-12-10 18:00:00,0.0,0.0,0.0,10.8,1.9
2022-12-10 19:00:00,0.0,0.0,0.0,10.9,2.4000000000000004
2022-12-10 20:00:00,0.0,0.0,0.0,11.2,3.0
2022-12-10 21:00:00,0.0,0.0,0.0,11.5,3.6
2022-12-10 22:00:00,0.0,0.0,0.0,11.7,4.1000000000000005
2022-12-10 23:00:00,0.0,0.0,0.0,11.8,4.7
2022-12-11 00:00:00,0.0,0.0,0.0,11.9,5.300000000000001
2022-12-11 01:00:00,0.0,0.0,0.0,11.9,6.1000000000000005
2022-12-11 02:00:00,0.0,0.0,0.0,12.0,6.6000000000000005
2022-12-11 03:00:00,0.0,0.0,0.0,12.1,6.800000000000001
2022-12-11 04:00:00,0.0,0.0,0.0,12.2,6.6000000000000005
2022-12-11 05:00:00,0.0,0.0,0.0,12.3,5.9
2022-12-11 06:00:00,0.0,0.0,0.0,12.1,5.2
2022-12-11 07:00:00,5.0,0.0,5.0,11.9,5.1000000000000005
2022-12-11 08:00:00,141.0,205.0,100.0,12.0,5.0
2022-12-11 09:00:00,6.0,0.0,6.0,12.0,5.300000000000001
2022-12-11 10:00:00,62.0,0.0,62.0,11.8,5.5
2022-12-11 11:00:00,162.0,5.0,159.0,12.0,5.6000000000000005
2022-12-11 12:00:00,331.0,56.0,301.0,12.5,5.6000000000000005
2022-12-11 13:00:00,9.0,0.0,9.0,12.7,5.6000000000000005
2022-12-11 14:00:00,278.0,158.0,212.0,12.4,5.6000000000000005
2022-12-11 15:00:00,116.0,15.0,112.0,11.6,5.2
2022-12-11 16:00:00,92.0,463.0,36.0,9.8,3.5
2022-12-11 17:00:00,0.0,0.0,0.0,7.9,2.6
2022-12-11 18:00:00,0.0,0.0,0.0,7.1000000000000005,2.6
2022-12-11 19:00:00,0.0,0.0,0.0,6.6000000000000005,2.5
2022-12-11 20:00:00,0.0,0.0,0.0,6.1000000000000005,2.4000000000000004
2022-12-11 21:00:00,0.0,0.0,0.0,5.800000000000001,2.3000000000000003
2022-12-11 22:00:00,0.0,0.0,0.0,5.800000000000001,2.1
2022-12-11 23:00:00,0.0,0.0,0.0,5.7,2.0
2022-12-12 00:00:00,0.0,0.0,0.0,5.6000000000000005,2.0
2022-12-12 01:00:00,0.0,0.0,0.0,5.7,1.8
2022-12-12 02:00:00,0.0,0.0,0.0,5.9,1.6
2022-12-12 03:00:00,0.0,0.0,0.0,6.1000000000000005,1.3
2022-12-12 04:00:00,0.0,0.0,0.0,6.0,1.2000000000000002
2022-12-12 05:00:00,0.0,0.0,0.0,6.1000000000000005,1.4
2022-12-12 06:00:00,0.0,0.0,0.0,6.1000000000000005,1.9
2022-12-12 07:00:00,5.0,0.0,5.0,6.2,2.1
2022-12-12 08:00:00,14.0,0.0,14.0,6.7,2.0
2022-12-12 09:00:00,310.0,555.0,116.0,7.300000000000001,2.1
2022-12-12 10:00:00,344.0,143.0,278.0,7.6,2.0
2022-12-12 11:00:00,357.0,79.0,315.0,8.1,2.3000000000000003
2022-12-12 12:00:00,344.0,63.0,310.0,9.1,2.5
2022-12-12 13:00:00,28.0,0.0,28.0,9.8,2.7
2022-12-12 14:00:00,301.0,133.0,246.0,10.1,2.7
2022-12-12 15:00:00,264.0,698.0,64.0,10.0,2.4000000000000004
2022-12-12 16:00:00,93.0,451.0,37.0,8.3,1.4
2022-12-12 17:00:00,0.0,0.0,0.0,7.5,1.2000000000000002
2022-12-12 18:00:00,0.0,0.0,0.0,7.1000000000000005,1.2000000000000002
2022-12-12 19:00:00,0.0,0.0,0.0,6.800000000000001,1.3
2022-12-12 20:00:00,0.0,0.0,0.0,6.2,1.5
2022-12-12 21:00:00,0.0,0.0,0.0,5.6000000000000005,1.6
2022-12-12 22:00:00,0.0,0.0,0.0,5.1000000000000005,1.6
2022-12-12 23:00:00,0.0,0.0,0.0,4.6000000000000005,1.7000000000000002
2022-12-13 00:00:00,0.0,0.0,0.0,4.2,1.7000000000000002
2022-12-13 01:00:00,0.0,0.0,0.0,3.8,1.8
2022-12-13 02:00:00,0.0,0.0,0.0,3.4000000000000004,1.8
2022-12-13 03:00:00,0.0,0.0,0.0,3.1,1.8
2022-12-13 04:00:00,0.0,0.0,0.0,2.7,1.9
2022-12-13 05:00:00,0.0,0.0,0.0,2.4000000000000004,1.9
2022-12-13 06:00:00,0.0,0.0,0.0,2.3000000000000003,1.9
2022-12-13 07:00:00,17.0,191.0,13.0,3.3000000000000003,1.7000000000000002
2022-12-13 08:00:00,176.0,652.0,47.0,6.5,2.6
2022-12-13 09:00:00,346.0,815.0,63.0,8.8,2.6
2022-12-13 10:00:00,482.0,898.0,70.0,10.9,2.2
2022-12-13 11:00:00,563.0,931.0,74.0,12.3,1.8
2022-12-13 12:00:00,581.0,939.0,75.0,13.2,1.4
2022-12-13 13:00:00,533.0,909.0,77.0,13.6,0.9
2022-12-13 14:00:00,427.0,857.0,71.0,13.6,0.3
2022-12-13 15:00:00,271.0,739.0,59.0,12.8,0.7000000000000001
2022-12-13 16:00:00,95.0,480.0,36.0,10.6,1.2000000000000002
2022-12-13 17:00:00,0.0,0.0,0.0,9.2,1.4
2022-12-13 18:00:00,0.0,0.0,0.0,8.6,1.4
2022-12-13 19:00:00,0.0,0.0,0.0,8.1,1.4
2022-12-13 20:00:00,0.0,0.0,0.0,7.7,1.3
2022-12-13 21:00:00,0.0,0.0,0.0,7.1000000000000005,1.2000000000000002
2022-12-13 22:00:00,0.0,0.0,0.0,6.9,1.0
2022-12-13 23:00:00,0.0,0.0,0.0,6.6000000000000005,1.0
2022-12-14 00:00:00,0.0,0.0,0.0,5.800000000000001,1.2000000000000002
2022-12-14 01:00:00,0.0,0.0,0.0,5.0,1.5
2022-12-14 02:00:00,0.0,0.0,0.0,4.5,1.6
2022-12-14 03:00:00,0.0,0.0,0.0,4.2,1.6
2022-12-14 04:00:00,0.0,0.0,0.0,4.0,1.6
2022-12-14 05:00:00,0.0,0.0,0.0,3.9,1.6
2022-12-14 06:00:00,0.0,0.0,0.0,3.6,1.7000000000000002
2022-12-14 07:00:00,16.0,164.0,12.0,4.800000000000001,1.7000000000000002
2022-12-14 08:00:00,170.0,627.0,47.0,8.3,2.6
2022-12-14 09:00:00,341.0,802.0,64.0,10.9,2.4000000000000004
2022-12-14 10:00:00,477.0,887.0,71.0,13.1,2.1
2022-12-14 11:00:00,559.0,924.0,75.0,14.4,1.4
2022-12-14 12:00:00,577.0,930.0,77.0,15.1,0.3
2022-12-14 13:00:00,528.0,890.0,82.0,15.5,0.9
2022-12-14 14:00:00,420.0,828.0,76.0,15.3,1.4
2022-12-14 15:00:00,267.0,710.0,63.0,14.2,1.8
2022-12-14 16:00:00,93.0,441.0,39.0,11.6,1.8
2022-12-14 17:00:00,0.0,0.0,0.0,9.7,1.6
2022-12-14 18:00:00,0.0,0.0,0.0,8.700000000000001,1.3
2022-12-14 19:00:00,0.0,0.0,0.0,7.9,1.1
2022-12-14 20:00:00,0.0,0.0,0.0,7.6,1.1
2022-12-14 21:00:00,0.0,0.0,0.0,7.300000000000001,1.1
2022-12-14 22:00:00,0.0,0.0,0.0,7.0,1.2000000000000002
2022-12-14 23:00:00,0.0,0.0,0.0,6.5,1.4
2022-12-15 00:00:00,0.0,0.0,0.0,6.0,1.5
2022-12-15 01:00:00,0.0,0.0,0.0,5.800000000000001,1.5
2022-12-15 02:00:00,0.0,0.0,0.0,6.0,1.5
2022-12-15 03:00:00,0.0,0.0,0.0,6.300000000000001,1.5
2022-12-15 04:00:00,0.0,0.0,0.0,6.2,1.6
2022-12-15 05:00:00,0.0,0.0,0.0,6.1000000000000005,1.6
2022-12-15 06:00:00,0.0,0.0,0.0,6.0,1.7000000000000002
2022-12-15 07:00:00,14.0,133.0,11.0,6.9,1.8
2022-12-15 08:00:00,131.0,162.0,100.0,10.0,2.6
2022-12-15 09:00:00,331.0,773.0,65.0,12.5,2.4000000000000004
2022-12-15 10:00:00,444.0,630.0,156.0,14.9,1.8
2022-12-15 11:00:00,537.0,861.0,87.0,16.0,1.1
2022-12-15 12:00:00,302.0,81.0,258.0,16.3,0.8
2022-12-15 13:00:00,214.0,18.0,205.0,16.1,0.7000000000000001
2022-12-15 14:00:00,189.0,25.0,178.0,15.9,0.4
2022-12-15 15:00:00,132.0,22.0,126.0,14.4,1.2000000000000002
2022-12-15 16:00:00,26.0,0.0,26.0,12.3,1.1
2022-12-15 17:00:00,0.0,0.0,0.0,11.2,0.8
2022-12-15 18:00:00,0.0,0.0,0.0,10.3,0.6000000000000001
2022-12-15 19:00:00,0.0,0.0,0.0,9.9,0.7000000000000001
2022-12-15 20:00:00,0.0,0.0,0.0,9.8,0.8
2022-12-15 21:00:00,0.0,0.0,0.0,9.6,0.9
2022-12-15 22:00:00,0.0,0.0,0.0,9.5,1.2000000000000002
2022-12-15 23:00:00,0.0,0.0,0.0,9.3,1.7000000000000002
2022-12-16 00:00:00,0.0,0.0,0.0,9.2,2.2
2022-12-16 01:00:00,0.0,0.0,0.0,9.1,2.6
2022-12-16 02:00:00,0.0,0.0,0.0,9.0,2.9000000000000004
2022-12-16 03:00:00,0.0,0.0,0.0,9.0,3.1
2022-12-16 04:00:00,0.0,0.0,0.0,8.8,3.2
2022-12-16 05:00:00,0.0,0.0,0.0,8.700000000000001,3.3000000000000003
2022-12-16 06:00:00,0.0,0.0,0.0,8.5,3.3000000000000003
2022-12-16 07:00:00,6.0,0.0,6.0,8.700000000000001,3.4000000000000004
2022-12-16 08:00:00,88.0,15.0,85.0,9.9,3.8
2022-12-16 09:00:00,256.0,255.0,169.0,11.6,4.2
2022-12-16 10:00:00,346.0,320.0,200.0,13.9,4.7
2022-12-16 11:00:00,361.0,179.0,268.0,15.8,4.2
2022-12-16 12:00:00,457.0,416.0,233.0,17.0,3.1
2022-12-16 13:00:00,380.0,255.0,252.0,17.5,2.4000000000000004
2022-12-16 14:00:00,378.0,523.0,161.0,17.400000000000002,1.8
2022-12-16 15:00:00,218.0,264.0,142.0,16.2,1.0
2022-12-16 16:00:00,77.0,49.0,71.0,12.8,0.7000000000000001
2022-12-16 17:00:00,0.0,0.0,0.0,10.2,1.3
2022-12-16 18:00:00,0.0,0.0,0.0,9.0,1.9
2022-12-16 19:00:00,0.0,0.0,0.0,8.200000000000001,2.6
2022-12-16 20:00:00,0.0,0.0,0.0,7.6,3.2
2022-12-16 21:00:00,0.0,0.0,0.0,7.2,3.5
2022-12-16 22:00:00,0.0,0.0,0.0,7.0,3.7
2022-12-16 23:00:00,0.0,0.0,0.0,6.7,3.6
2022-12-17 00:00:00,0.0,0.0,0.0,6.4,3.6
2022-12-17 01:00:00,0.0,0.0,0.0,6.1000000000000005,3.5
2022-12-17 02:00:00,0.0,0.0,0.0,5.9,3.6
2022-12-17 03:00:00,0.0,0.0,0.0,5.9,3.7
2022-12-17 04:00:00,0.0,0.0,0.0,5.800000000000001,3.8
2022-12-17 05:00:00,0.0,0.0,0.0,5.7,3.8
2022-12-17 06:00:00,0.0,0.0,0.0,5.6000000000000005,3.8
2022-12-17 07:00:00,0.0,0.0,0.0,6.5,4.1000000000000005
2022-12-17 08:00:00,130.0,171.0,97.0,9.0,4.9
2022-12-17 09:00:00,266.0,305.0,162.0,11.7,4.6000000000000005
2022-12-17 10:00:00,382.0,454.0,177.0,14.4,3.5
2022-12-17 11:00:00,408.0,283.0,261.0,15.9,1.9
2022-12-17 12:00:00,479.0,488.0,217.0,16.7,1.0
2022-12-17 13:00:00,521.0,715.0,163.0,16.8,0.5
2022-12-17 14:00:00,359.0,449.0,172.0,16.1,0.2
2022-12-17 15:00:00,86.0,6.0,84.0,14.3,0.4
2022-12-17 16:00:00,50.0,5.0,49.0,12.3,0.6000000000000001
2022-12-17 17:00:00,0.0,0.0,0.0,10.9,0.7000000000000001
2022-12-17 18:00:00,0.0,0.0,0.0,10.2,0.9
2022-12-17 19:00:00,0.0,0.0,0.0,9.8,1.3
2022-12-17 20:00:00,0.0,0.0,0.0,9.5,1.6
2022-12-17 21:00:00,0.0,0.0,0.0,9.3,1.8
2022-12-17 22:00:00,0.0,0.0,0.0,9.1,1.8
2022-12-17 23:00:00,0.0,0.0,0.0,8.9,1.7000000000000002
2022-12-18 00:00:00,0.0,0.0,0.0,8.6,1.6
2022-12-18 01:00:00,0.0,0.0,0.0,8.200000000000001,1.5
2022-12-18 02:00:00,0.0,0.0,0.0,7.800000000000001,1.5
2022-12-18 03:00:00,0.0,0.0,0.0,7.300000000000001,1.6
2022-12-18 04:00:00,0.0,0.0,0.0,6.7,1.8
2022-12-18 05:00:00,0.0,0.0,0.0,6.1000000000000005,1.9
2022-12-18 06:00:00,0.0,0.0,0.0,5.7,2.0
2022-12-18 07:00:00,0.0,0.0,0.0,6.4,1.9
2022-12-18 08:00:00,113.0,29.0,107.0,10.1,2.5
2022-12-18 09:00:00,337.0,794.0,67.0,12.7,1.9
2022-12-18 10:00:00,479.0,902.0,71.0,15.3,0.3
2022-12-18 11:00:00,563.0,937.0,76.0,16.5,1.3
2022-12-18 12:00:00,585.0,945.0,78.0,17.0,1.8
2022-12-18 13:00:00,539.0,920.0,78.0,17.0,2.1
2022-12-18 14:00:00,434.0,870.0,72.0,16.5,2.2
2022-12-18 15:00:00,280.0,760.0,60.0,15.3,2.0
2022-12-18 16:00:00,101.0,500.0,37.0,11.5,1.6
2022-12-18 17:00:00,0.0,0.0,0.0,9.7,1.5
2022-12-18 18:00:00,0.0,0.0,0.0,9.3,1.4
2022-12-18 19:00:00,0.0,0.0,0.0,9.2,1.2000000000000002
2022-12-18 20:00:00,0.0,0.0,0.0,9.3,1.0
2022-12-18 21:00:00,0.0,0.0,0.0,9.0,1.0
2022-12-18 22:00:00,0.0,0.0,0.0,8.4,1.2000000000000002
2022-12-18 23:00:00,0.0,0.0,0.0,7.800000000000001,1.5
2022-12-19 00:00:00,0.0,0.0,0.0,7.7,1.5
2022-12-19 01:00:00,0.0,0.0,0.0,7.7,1.4
2022-12-19 02:00:00,0.0,0.0,0.0,7.4,1.4
2022-12-19 03:00:00,0.0,0.0,0.0,6.7,1.6
2022-12-19 04:00:00,0.0,0.0,0.0,5.800000000000001,1.8
2022-12-19 05:00:00,0.0,0.0,0.0,5.0,2.0
2022-12-19 06:00:00,0.0,0.0,0.0,4.5,2.1
2022-12-19 07:00:00,0.0,0.0,0.0,5.300000000000001,2.1
2022-12-19 08:00:00,164.0,627.0,47.0,9.1,3.0
2022-12-19 09:00:00,338.0,807.0,66.0,11.7,2.6
2022-12-19 10:00:00,474.0,889.0,73.0,14.8,1.6
2022-12-19 11:00:00,558.0,925.0,78.0,16.400000000000002,0.9
2022-12-19 12:00:00,580.0,935.0,79.0,17.3,0.4
2022-12-19 13:00:00,537.0,920.0,76.0,17.8,0.3
2022-12-19 14:00:00,433.0,867.0,71.0,17.6,0.5
2022-12-19 15:00:00,280.0,757.0,60.0,16.5,0.8
2022-12-19 16:00:00,103.0,504.0,37.0,13.8,1.0
2022-12-19 17:00:00,0.0,0.0,0.0,11.5,1.0
2022-12-19 18:00:00,0.0,0.0,0.0,10.1,1.0
2022-12-19 19:00:00,0.0,0.0,0.0,9.3,1.1
2022-12-19 20:00:00,0.0,0.0,0.0,9.1,1.4
2022-12-19 21:00:00,0.0,0.0,0.0,8.8,1.6
2022-12-19 22:00:00,0.0,0.0,0.0,8.9,1.6
2022-12-19 23:00:00,0.0,0.0,0.0,9.0,1.5
2022-12-20 00:00:00,0.0,0.0,0.0,9.2,1.3
2022-12-20 01:00:00,0.0,0.0,0.0,9.3,1.1
2022-12-20 02:00:00,0.0,0.0,0.0,9.3,1.0
2022-12-20 03:00:00,0.0,0.0,0.0,9.2,1.0
2022-12-20 04:00:00,0.0,0.0,0.0,9.0,0.9
2022-12-20 05:00:00,0.0,0.0,0.0,9.0,0.9
2022-12-20 06:00:00,0.0,0.0,0.0,9.0,1.0
2022-12-20 07:00:00,0.0,0.0,0.0,9.4,1.0
2022-12-20 08:00:00,119.0,99.0,101.0,11.3,1.1
2022-12-20 09:00:00,326.0,767.0,68.0,13.9,1.3
2022-12-20 10:00:00,466.0,880.0,70.0,16.8,0.3
2022-12-20 11:00:00,549.0,915.0,75.0,18.5,1.3
2022-12-20 12:00:00,570.0,921.0,77.0,19.200000000000003,2.0
2022-12-20 13:00:00,524.0,889.0,78.0,19.3,2.4000000000000004
2022-12-20 14:00:00,422.0,839.0,71.0,18.9,2.5
2022-12-20 15:00:00,273.0,732.0,59.0,17.5,2.1
2022-12-20 16:00:00,99.0,482.0,37.0,14.4,1.7000000000000002
2022-12-20 17:00:00,0.0,0.0,0.0,12.8,1.4
2022-12-20 18:00:00,0.0,0.0,0.0,11.4,1.1
2022-12-20 19:00:00,0.0,0.0,0.0,10.3,1.2000000000000002
2022-12-20 20:00:00,0.0,0.0,0.0,9.7,1.3
2022-12-20 21:00:00,0.0,0.0,0.0,9.3,1.5
2022-12-20 22:00:00,0.0,0.0,0.0,9.0,1.8
2022-12-20 23:00:00,0.0,0.0,0.0,8.700000000000001,2.2
2022-12-21 00:00:00,0.0,0.0,0.0,8.5,2.6
2022-12-21 01:00:00,0.0,0.0,0.0,8.4,2.7
2022-12-21 02:00:00,0.0,0.0,0.0,8.4,2.7
2022-12-21 03:00:00,0.0,0.0,0.0,8.3,2.9000000000000004
2022-12-21 04:00:00,0.0,0.0,0.0,8.4,3.1
2022-12-21 05:00:00,0.0,0.0,0.0,8.4,3.1
2022-12-21 06:00:00,0.0,0.0,0.0,8.1,2.9000000000000004
2022-12-21 07:00:00,0.0,0.0,0.0,9.2,3.0
2022-12-21 08:00:00,159.0,637.0,42.0,13.0,3.9
2022-12-21 09:00:00,331.0,818.0,56.0,15.9,3.4000000000000004
2022-12-21 10:00:00,468.0,902.0,63.0,19.0,2.6
2022-12-21 11:00:00,552.0,937.0,67.0,21.1,1.5
2022-12-21 12:00:00,574.0,944.0,68.0,22.1,1.0
2022-12-21 13:00:00,532.0,922.0,69.0,22.0,1.6
2022-12-21 14:00:00,427.0,865.0,65.0,21.4,2.0
2022-12-21 15:00:00,276.0,754.0,55.0,19.700000000000003,1.8
2022-12-21 16:00:00,103.0,515.0,35.0,16.5,1.7000000000000002
2022-12-21 17:00:00,0.0,0.0,0.0,14.8,1.7000000000000002
2022-12-21 18:00:00,0.0,0.0,0.0,13.8,1.6
2022-12-21 19:00:00,0.0,0.0,0.0,12.9,1.4
2022-12-21 20:00:00,0.0,0.0,0.0,12.4,1.4
2022-12-21 21:00:00,0.0,0.0,0.0,11.8,1.5
2022-12-21 22:00:00,0.0,0.0,0.0,11.2,1.7000000000000002
2022-12-21 23:00:00,0.0,0.0,0.0,10.7,1.8
2022-12-22 00:00:00,0.0,0.0,0.0,10.3,2.0
2022-12-22 01:00:00,0.0,0.0,0.0,10.1,2.5
2022-12-22 02:00:00,0.0,0.0,0.0,9.7,3.1
2022-12-22 03:00:00,0.0,0.0,0.0,9.5,3.4000000000000004
2022-12-22 04:00:00,0.0,0.0,0.0,9.5,3.1
2022-12-22 05:00:00,0.0,0.0,0.0,9.6,2.3000000000000003
2022-12-22 06:00:00,0.0,0.0,0.0,9.8,1.9
2022-12-22 07:00:00,0.0,0.0,0.0,10.7,1.7000000000000002
2022-12-22 08:00:00,114.0,92.0,97.0,13.8,2.2
2022-12-22 09:00:00,270.0,414.0,131.0,16.0,2.2
2022-12-22 10:00:00,328.0,278.0,203.0,18.2,1.8
2022-12-22 11:00:00,339.0,149.0,262.0,19.200000000000003,1.4
2022-12-22 12:00:00,406.0,292.0,250.0,19.3,1.3
2022-12-22 13:00:00,468.0,573.0,180.0,19.3,1.2000000000000002
2022-12-22 14:00:00,262.0,132.0,207.0,19.200000000000003,1.2000000000000002
2022-12-22 15:00:00,167.0,70.0,146.0,17.900000000000002,0.8
2022-12-22 16:00:00,74.0,28.0,70.0,15.6,0.9
2022-12-22 17:00:00,0.0,0.0,0.0,14.4,1.0
2022-12-22 18:00:00,0.0,0.0,0.0,13.8,1.0
2022-12-22 19:00:00,0.0,0.0,0.0,13.8,0.9
2022-12-22 20:00:00,0.0,0.0,0.0,13.7,0.8
2022-12-22 21:00:00,0.0,0.0,0.0,13.4,0.9
2022-12-22 22:00:00,0.0,0.0,0.0,13.4,0.6000000000000001
2022-12-22 23:00:00,0.0,0.0,0.0,13.3,0.4
2022-12-23 00:00:00,0.0,0.0,0.0,12.8,0.6000000000000001
2022-12-23 01:00:00,0.0,0.0,0.0,12.3,0.7000000000000001
2022-12-23 02:00:00,0.0,0.0,0.0,11.6,0.9
2022-12-23 03:00:00,0.0,0.0,0.0,11.1,1.0
2022-12-23 04:00:00,0.0,0.0,0.0,10.6,1.0
2022-12-23 05:00:00,0.0,0.0,0.0,10.1,1.2000000000000002
2022-12-23 06:00:00,0.0,0.0,0.0,9.6,1.4
2022-12-23 07:00:00,0.0,0.0,0.0,10.1,1.4
2022-12-23 08:00:00,146.0,544.0,47.0,13.0,2.3000000000000003
2022-12-23 09:00:00,311.0,729.0,68.0,15.5,1.8
2022-12-23 10:00:00,451.0,851.0,70.0,18.3,1.0
2022-12-23 11:00:00,534.0,887.0,75.0,20.0,1.0
2022-12-23 12:00:00,526.0,671.0,166.0,21.0,1.4
2022-12-23 13:00:00,489.0,648.0,163.0,21.0,1.7000000000000002
2022-12-23 14:00:00,395.0,588.0,147.0,20.4,1.6
2022-12-23 15:00:00,260.0,509.0,110.0,19.0,1.3
2022-12-23 16:00:00,104.0,500.0,36.0,15.5,0.8
2022-12-23 17:00:00,0.0,0.0,0.0,13.2,0.9
2022-12-23 18:00:00,0.0,0.0,0.0,12.3,1.2000000000000002
2022-12-23 19:00:00,0.0,0.0,0.0,11.9,1.4
2022-12-23 20:00:00,0.0,0.0,0.0,11.7,1.5
2022-12-23 21:00:00,0.0,0.0,0.0,11.6,1.7000000000000002
2022-12-23 22:00:00,0.0,0.0,0.0,11.4,1.9
2022-12-23 23:00:00,0.0,0.0,0.0,11.2,1.9
2022-12-24 00:00:00,0.0,0.0,0.0,10.9,1.8
2022-12-24 01:00:00,0.0,0.0,0.0,10.7,1.8
2022-12-24 02:00:00,0.0,0.0,0.0,10.5,1.7000000000000002
2022-12-24 03:00:00,0.0,0.0,0.0,10.2,1.9
2022-12-24 04:00:00,0.0,0.0,0.0,9.9,2.2
2022-12-24 05:00:00,0.0,0.0,0.0,9.9,2.7
2022-12-24 06:00:00,0.0,0.0,0.0,10.0,3.3000000000000003
2022-12-24 07:00:00,0.0,0.0,0.0,11.4,3.9
2022-12-24 08:00:00,154.0,633.0,40.0,14.6,4.5
2022-12-24 09:00:00,325.0,810.0,55.0,17.6,3.5
2022-12-24 10:00:00,461.0,886.0,64.0,21.1,2.7
2022-12-24 11:00:00,546.0,922.0,69.0,23.4,1.5
2022-12-24 12:00:00,569.0,929.0,71.0,24.3,0.6000000000000001
2022-12-24 13:00:00,528.0,912.0,68.0,24.4,0.3
2022-12-24 14:00:00,429.0,865.0,63.0,23.9,0.7000000000000001
2022-12-24 15:00:00,281.0,765.0,54.0,22.1,0.9
2022-12-24 16:00:00,108.0,535.0,35.0,17.900000000000002,1.0
2022-12-24 17:00:00,0.0,0.0,0.0,15.5,1.3
2022-12-24 18:00:00,0.0,0.0,0.0,14.7,1.7000000000000002
2022-12-24 19:00:00,0.0,0.0,0.0,14.4,2.1
2022-12-24 20:00:00,0.0,0.0,0.0,14.0,2.5
2022-12-24 21:00:00,0.0,0.0,0.0,13.8,2.7
2022-12-24 22:00:00,0.0,0.0,0.0,14.1,2.8000000000000003
2022-12-24 23:00:00,0.0,0.0,0.0,14.0,2.6
2022-12-25 00:00:00,0.0,0.0,0.0,13.6,2.4000000000000004
2022-12-25 01:00:00,0.0,0.0,0.0,13.2,2.4000000000000004
2022-12-25 02:00:00,0.0,0.0,0.0,12.9,2.5
2022-12-25 03:00:00,0.0,0.0,0.0,12.9,2.7
2022-12-25 04:00:00,0.0,0.0,0.0,12.8,2.8000000000000003
2022-12-25 05:00:00,0.0,0.0,0.0,12.8,2.9000000000000004
2022-12-25 06:00:00,0.0,0.0,0.0,12.8,3.0
2022-12-25 07:00:00,0.0,0.0,0.0,13.8,3.0
2022-12-25 08:00:00,114.0,97.0,97.0,16.5,3.3000000000000003
2022-12-25 09:00:00,267.0,407.0,132.0,18.7,3.3000000000000003
2022-12-25 10:00:00,463.0,885.0,67.0,21.0,2.7
2022-12-25 11:00:00,478.0,576.0,180.0,23.6,1.8
2022-12-25 12:00:00,571.0,922.0,76.0,25.0,1.0
2022-12-25 13:00:00,512.0,575.0,221.0,25.3,0.9
2022-12-25 14:00:00,427.0,837.0,73.0,24.5,1.1
2022-12-25 15:00:00,280.0,733.0,61.0,22.1,1.0
2022-12-25 16:00:00,108.0,501.0,38.0,18.7,1.2000000000000002
2022-12-25 17:00:00,0.0,0.0,0.0,16.5,1.4
2022-12-25 18:00:00,0.0,0.0,0.0,15.3,1.4
2022-12-25 19:00:00,0.0,0.0,0.0,14.7,1.5
2022-12-25 20:00:00,0.0,0.0,0.0,14.4,1.7000000000000002
2022-12-25 21:00:00,0.0,0.0,0.0,14.0,2.0
2022-12-25 22:00:00,0.0,0.0,0.0,13.7,2.1
2022-12-25 23:00:00,0.0,0.0,0.0,13.4,2.0
2022-12-26 00:00:00,0.0,0.0,0.0,13.3,2.0
2022-12-26 01:00:00,0.0,0.0,0.0,13.2,2.0
2022-12-26 02:00:00,0.0,0.0,0.0,13.1,2.0
2022-12-26 03:00:00,0.0,0.0,0.0,12.9,1.9
2022-12-26 04:00:00,0.0,0.0,0.0,12.8,1.8
2022-12-26 05:00:00,0.0,0.0,0.0,12.8,1.7000000000000002
2022-12-26 06:00:00,0.0,0.0,0.0,12.9,1.7000000000000002
2022-12-26 07:00:00,0.0,0.0,0.0,13.7,1.7000000000000002
2022-12-26 08:00:00,123.0,182.0,90.0,17.900000000000002,2.0
2022-12-26 09:00:00,260.0,364.0,139.0,21.1,2.7
2022-12-26 10:00:00,298.0,191.0,213.0,23.6,2.1
2022-12-26 11:00:00,409.0,347.0,229.0,25.3,1.8
2022-12-26 12:00:00,399.0,262.0,258.0,25.700000000000003,1.6
2022-12-26 13:00:00,497.0,637.0,175.0,25.1,1.5
2022-12-26 14:00:00,347.0,386.0,182.0,24.1,1.4
2022-12-26 15:00:00,198.0,139.0,156.0,22.200000000000003,0.9
2022-12-26 16:00:00,65.0,9.0,64.0,19.9,0.7000000000000001
2022-12-26 17:00:00,0.0,0.0,0.0,18.8,0.6000000000000001
2022-12-26 18:00:00,0.0,0.0,0.0,18.2,0.1
2022-12-26 19:00:00,0.0,0.0,0.0,17.400000000000002,0.5
2022-12-26 20:00:00,0.0,0.0,0.0,16.900000000000002,0.4
2022-12-26 21:00:00,0.0,0.0,0.0,16.2,0.6000000000000001
2022-12-26 22:00:00,0.0,0.0,0.0,15.4,0.9
2022-12-26 23:00:00,0.0,0.0,0.0,14.8,1.1
2022-12-27 00:00:00,0.0,0.0,0.0,13.9,1.3
2022-12-27 01:00:00,0.0,0.0,0.0,13.1,1.6
2022-12-27 02:00:00,0.0,0.0,0.0,12.7,1.6
2022-12-27 03:00:00,0.0,0.0,0.0,12.4,1.2000000000000002
2022-12-27 04:00:00,0.0,0.0,0.0,12.6,0.9
2022-12-27 05:00:00,0.0,0.0,0.0,12.6,0.8
2022-12-27 06:00:00,0.0,0.0,0.0,12.4,0.9
2022-12-27 07:00:00,0.0,0.0,0.0,12.2,1.2000000000000002
2022-12-27 08:00:00,91.0,32.0,85.0,13.1,1.5
2022-12-27 09:00:00,161.0,37.0,149.0,14.7,1.9
2022-12-27 10:00:00,249.0,77.0,214.0,15.7,2.0
2022-12-27 11:00:00,165.0,6.0,162.0,15.5,2.7
2022-12-27 12:00:00,173.0,7.0,169.0,14.9,1.6
2022-12-27 13:00:00,151.0,6.0,148.0,14.4,1.6
2022-12-27 14:00:00,20.0,0.0,20.0,14.1,1.6
2022-12-27 15:00:00,16.0,0.0,16.0,13.6,1.8
2022-12-27 16:00:00,16.0,0.0,16.0,12.7,1.5
2022-12-27 17:00:00,0.0,0.0,0.0,12.1,1.3
2022-12-27 18:00:00,0.0,0.0,0.0,11.8,1.3
2022-12-27 19:00:00,0.0,0.0,0.0,11.7,1.3
2022-12-27 20:00:00,0.0,0.0,0.0,11.7,1.1
2022-12-27 21:00:00,0.0,0.0,0.0,11.6,0.9
2022-12-27 22:00:00,0.0,0.0,0.0,11.5,0.5
2022-12-27 23:00:00,0.0,0.0,0.0,11.5,0.3
2022-12-28 00:00:00,0.0,0.0,0.0,11.3,0.2
2022-12-28 01:00:00,0.0,0.0,0.0,11.2,0.4
2022-12-28 02:00:00,0.0,0.0,0.0,10.7,0.8
2022-12-28 03:00:00,0.0,0.0,0.0,10.1,1.3
2022-12-28 04:00:00,0.0,0.0,0.0,9.3,1.4
2022-12-28 05:00:00,0.0,0.0,0.0,8.700000000000001,1.3
2022-12-28 06:00:00,0.0,0.0,0.0,8.3,1.4
2022-12-28 07:00:00,0.0,0.0,0.0,8.8,1.8
2022-12-28 08:00:00,149.0,595.0,44.0,10.2,2.5
2022-12-28 09:00:00,326.0,807.0,60.0,11.7,2.5
2022-12-28 10:00:00,469.0,906.0,64.0,13.7,1.6
2022-12-28 11:00:00,367.0,107.0,311.0,15.6,1.2000000000000002
2022-12-28 12:00:00,181.0,1.0,181.0,16.8,2.0
2022-12-28 13:00:00,544.0,930.0,71.0,17.0,2.1
2022-12-28 14:00:00,444.0,880.0,67.0,16.6,2.2
2022-12-28 15:00:00,269.0,497.0,118.0,15.4,2.4000000000000004
2022-12-28 16:00:00,91.0,88.0,78.0,12.1,1.7000000000000002
2022-12-28 17:00:00,0.0,0.0,0.0,9.9,1.3
2022-12-28 18:00:00,0.0,0.0,0.0,9.5,0.9
2022-12-28 19:00:00,0.0,0.0,0.0,9.5,0.3
2022-12-28 20:00:00,0.0,0.0,0.0,9.6,0.4
2022-12-28 21:00:00,0.0,0.0,0.0,9.1,0.8
2022-12-28 22:00:00,0.0,0.0,0.0,8.8,1.0
2022-12-28 23:00:00,0.0,0.0,0.0,8.8,1.1
2022-12-29 00:00:00,0.0,0.0,0.0,8.700000000000001,1.2000000000000002
2022-12-29 01:00:00,0.0,0.0,0.0,8.8,1.2000000000000002
2022-12-29 02:00:00,0.0,0.0,0.0,9.0,1.2000000000000002
2022-12-29 03:00:00,0.0,0.0,0.0,9.4,0.9
2022-12-29 04:00:00,0.0,0.0,0.0,9.5,0.9
2022-12-29 05:00:00,0.0,0.0,0.0,9.2,1.1
2022-12-29 06:00:00,0.0,0.0,0.0,9.2,1.1
2022-12-29 07:00:00,0.0,0.0,0.0,9.5,0.9
2022-12-29 08:00:00,59.0,4.0,58.0,10.4,1.4
2022-12-29 09:00:00,183.0,88.0,154.0,11.5,2.1
2022-12-29 10:00:00,129.0,8.0,125.0,12.5,2.4000000000000004
2022-12-29 11:00:00,92.0,1.0,91.0,13.3,2.4000000000000004
2022-12-29 12:00:00,143.0,0.0,143.0,13.3,2.2
2022-12-29 13:00:00,54.0,0.0,54.0,13.2,2.2
2022-12-29 14:00:00,118.0,0.0,118.0,13.0,2.2
2022-12-29 15:00:00,10.0,0.0,10.0,12.6,2.0
2022-12-29 16:00:00,5.0,0.0,5.0,11.7,1.2000000000000002
2022-12-29 17:00:00,0.0,0.0,0.0,11.0,0.9
2022-12-29 18:00:00,0.0,0.0,0.0,10.7,0.7000000000000001
2022-12-29 19:00:00,0.0,0.0,0.0,10.6,0.6000000000000001
2022-12-29 20:00:00,0.0,0.0,0.0,10.5,0.5
2022-12-29 21:00:00,0.0,0.0,0.0,10.3,0.6000000000000001
2022-12-29 22:00:00,0.0,0.0,0.0,10.2,0.7000000000000001
2022-12-29 23:00:00,0.0,0.0,0.0,10.3,0.7000000000000001
2022-12-30 00:00:00,0.0,0.0,0.0,10.3,0.7000000000000001
2022-12-30 01:00:00,0.0,0.0,0.0,10.1,0.8
2022-12-30 02:00:00,0.0,0.0,0.0,10.1,0.8
2022-12-30 03:00:00,0.0,0.0,0.0,10.0,0.7000000000000001
2022-12-30 04:00:00,0.0,0.0,0.0,9.9,0.7000000000000001
2022-12-30 05:00:00,0.0,0.0,0.0,9.8,0.8
2022-12-30 06:00:00,0.0,0.0,0.0,9.7,0.7000000000000001
2022-12-30 07:00:00,0.0,0.0,0.0,10.1,0.8
2022-12-30 08:00:00,130.0,405.0,59.0,11.0,1.0
2022-12-30 09:00:00,293.0,627.0,87.0,11.8,0.9
2022-12-30 10:00:00,429.0,734.0,101.0,12.6,1.0
2022-12-30 11:00:00,112.0,0.0,112.0,13.4,1.1
2022-12-30 12:00:00,126.0,0.0,125.0,13.7,1.4
2022-12-30 13:00:00,204.0,3.0,202.0,13.8,1.5
2022-12-30 14:00:00,70.0,0.0,70.0,13.8,1.6
2022-12-30 15:00:00,62.0,0.0,62.0,13.4,1.5
2022-12-30 16:00:00,15.0,0.0,15.0,12.5,1.0
2022-12-30 17:00:00,0.0,0.0,0.0,11.7,0.7000000000000001
2022-12-30 18:00:00,0.0,0.0,0.0,11.5,0.5
2022-12-30 19:00:00,0.0,0.0,0.0,11.3,0.3
2022-12-30 20:00:00,0.0,0.0,0.0,11.3,0.5
2022-12-30 21:00:00,0.0,0.0,0.0,11.3,0.7000000000000001
2022-12-30 22:00:00,0.0,0.0,0.0,11.2,0.8
2022-12-30 23:00:00,0.0,0.0,0.0,11.2,0.8
2022-12-31 00:00:00,0.0,0.0,0.0,11.2,0.8
2022-12-31 01:00:00,0.0,0.0,0.0,11.3,0.8
2022-12-31 02:00:00,0.0,0.0,0.0,11.3,0.8
2022-12-31 03:00:00,0.0,0.0,0.0,11.4,0.8
2022-12-31 04:00:00,0.0,0.0,0.0,11.4,0.7000000000000001
2022-12-31 05:00:00,0.0,0.0,0.0,11.3,0.7000000000000001
2022-12-31 06:00:00,0.0,0.0,0.0,11.1,0.9
2022-12-31 07:00:00,0.0,0.0,0.0,11.5,1.2000000000000002
2022-12-31 08:00:00,14.0,0.0,14.0,12.6,2.2
2022-12-31 09:00:00,114.0,14.0,109.0,13.1,2.6
2022-12-31 10:00:00,154.0,10.0,149.0,13.3,3.1
2022-12-31 11:00:00,125.0,2.0,124.0,13.5,3.7
2022-12-31 12:00:00,123.0,2.0,122.0,13.4,4.2
2022-12-31 13:00:00,143.0,4.0,141.0,13.3,4.4
2022-12-31 14:00:00,70.0,0.0,70.0,13.2,4.5
2022-12-31 15:00:00,28.0,0.0,28.0,12.9,4.6000000000000005
2022-12-31 16:00:00,119.0,494.0,44.0,10.9,2.5
2022-12-31 17:00:00,0.0,0.0,0.0,8.9,2.2
2022-12-31 18:00:00,0.0,0.0,0.0,7.9,2.2
2022-12-31 19:00:00,0.0,0.0,0.0,7.2,2.6
2022-12-31 20:00:00,0.0,0.0,0.0,6.4,2.8000000000000003
2022-12-31 21:00:00,0.0,0.0,0.0,5.7,2.7
2022-12-31 22:00:00,0.0,0.0,0.0,5.1000000000000005,2.7
2022-12-31 23:00:00,0.0,0.0,0.0,4.6000000000000005,2.8000000000000003
