episode,steps,cumulative_steps,total_return,coordinator_return,mean_local_return,sum_local_return,minimum_local_return,maximum_local_return,local_update_count,coordinator_update_count,terminated_early,mg1_return,mg2_return,mg3_return,mg4_return,mg5_return,moving_average_return,moving_average_coordinator_return,moving_average_local_return,cumulative_local_updates,cumulative_coordinator_updates
101,24,24,-7242.499379025381,-2587.0312618780417,-931.0936234294679,-4655.468117147339,-1242.8563571087209,-446.2862069094069,120,24,False,-1093.721468045957,-1242.8563571087209,-810.9674902623339,-446.2862069094069,-1061.6365948209207,-7242.499379025381,-2587.0312618780417,-931.0936234294679,120,24
102,24,48,-15569.721252399699,-6502.888233808559,-1813.366603718228,-9066.83301859114,-2376.203730836326,-995.3547005521484,120,24,False,-2376.203730836326,-2183.716541355024,-1499.7603346061394,-995.3547005521484,-2011.7977112415012,-11406.11031571254,-4544.959747843301,-1372.230113573848,240,48
103,24,72,-16407.468283716127,-7465.750812498981,-1788.3434942434294,-8941.717471217147,-2165.34296053517,-1126.0531609349111,120,24,False,-2012.8144610122154,-2165.34296053517,-1546.8217632393882,-1126.0531609349111,-2090.685125495464,-13073.2296383804,-5518.556769395193,-1510.9345737970418,360,72
104,24,96,-11403.24612990905,-5019.009815719973,-1276.8472628378156,-6384.236314189078,-1656.9893113039388,-535.6879421974061,120,24,False,-1656.9893113039388,-1617.983302683726,-1083.7275606693229,-535.6879421974061,-1489.848197334684,-12655.733761262563,-5393.670030976388,-1452.4127460572354,480,96
105,24,120,-8304.930804011936,-3266.2084526243916,-1007.744470277509,-5038.722351387545,-1273.7501783816936,-501.8310040357654,120,24,False,-1273.7501783816936,-1194.1736968404925,-864.4407040621309,-501.8310040357654,-1204.5267680674629,-11785.573169812438,-4968.177715305989,-1363.4790909012902,600,120
106,24,144,-8955.113057527424,-3743.7937547981787,-1042.2638605458492,-5211.3193027292455,-1343.5251576091196,-451.8273892581185,120,24,False,-1343.5251576091196,-1324.106557349242,-892.5888774666251,-451.8273892581185,-1199.2713210461409,-11313.829817764936,-4764.11372188802,-1309.9432191753833,720,144
107,24,168,-26040.747819351025,-12348.725340883118,-2738.404495693582,-13692.022478467909,-3857.4921894125505,-1587.9227194572684,120,24,False,-3857.4921894125505,-2899.5309721354133,-2238.9873255108105,-1587.9227194572684,-3108.0892719518656,-13417.67524656295,-5847.629667458749,-1514.0091158208402,840,168
108,24,192,-16172.090419000713,-7698.541514321619,-1694.7097809358188,-8473.548904679094,-2367.4765075126616,-732.457712148707,120,24,False,-2367.4765075126616,-1918.170027722996,-1440.6763802829198,-732.457712148707,-2014.7682770118097,-13761.977143117669,-6078.9936483166075,-1536.5966989602125,960,192
109,24,216,-19917.718498916314,-9678.011954143707,-2047.941308954522,-10239.706544772609,-2614.694523419722,-1264.0080376444366,120,24,False,-2614.694523419722,-2183.722073025213,-1765.4527047625807,-1264.0080376444366,-2411.8292059206565,-14445.948404873074,-6478.884571186285,-1593.412766737358,1080,216
110,24,240,-13271.586767442699,-6298.69042417078,-1394.579268654384,-6972.896343271919,-1702.7767632174211,-878.7370832950279,120,24,False,-1702.7767632174211,-1550.5036229912648,-1176.6629369560492,-878.7370832950279,-1664.215936812156,-14328.512241130036,-6460.865156484735,-1573.5294169290605,1200,240
111,24,264,-29619.6965180126,-10214.811670285435,-3880.976969545433,-19404.884847727164,-11257.670999637743,-1468.1579958519992,120,24,False,-11257.670999637743,-2296.2657707315625,-1851.7111716586016,-1468.1579958519992,-2531.0789098472546,-15718.619902664817,-6802.133021375708,-1783.297376257822,1320,264
112,24,288,-15651.507091994434,-7459.982505963575,-1638.3049172061717,-8191.524586030859,-2132.127907761419,-974.3419423963736,120,24,False,-2132.127907761419,-1775.6894161446012,-1383.783796920463,-974.3419423963736,-1925.5815228080023,-15713.027168442284,-6856.9538117580305,-1771.214671336851,1440,288
113,24,312,-16872.637355735,-7927.114717987568,-1789.104527549487,-8945.522637747436,-2404.45981884219,-951.1640623531458,120,24,False,-2404.45981884219,-1879.068397442871,-1515.9176611398138,-951.1640623531458,-2194.912697969416,-15802.227952080186,-6939.273881467995,-1772.5908141224386,1560,312
114,24,336,-11557.434081656016,-5195.892420966262,-1272.3083321379509,-6361.541660689754,-1832.7281247472824,-520.7302919041321,120,24,False,-1832.7281247472824,-1394.8205482846997,-1088.012219051705,-520.7302919041321,-1525.250476701934,-15499.028389907031,-6814.7466342893,-1736.8563511235463,1680,336
115,24,360,-12351.308324478108,-5703.779656812272,-1329.5057335331674,-6647.528667665837,-1833.7318352083246,-687.1071948816394,120,24,False,-1833.7318352083246,-1392.033295709883,-1127.0995210435312,-687.1071948816394,-1607.5568208224588,-15289.180385545102,-6740.682169124165,-1709.6996432841877,1800,360
116,24,384,-13945.711752443563,-6411.635230539913,-1506.8153043807301,-7534.07652190365,-2078.6104095119335,-775.3843471343944,120,24,False,-2078.6104095119335,-1648.514803178136,-1298.173972061818,-775.3843471343944,-1733.3929900173682,-15205.213595976256,-6720.116735462649,-1697.0193721027217,1920,384
117,24,408,-14795.670602374918,-7029.766020302034,-1553.1809164145766,-7765.904582072883,-1935.614567643322,-1002.5499530527369,120,24,False,-1935.614567643322,-1683.501326834567,-1329.3866816001234,-1002.5499530527369,-1814.8520529421337,-15181.122831646766,-6738.33139927673,-1688.5582864740074,2040,408
118,24,432,-20766.8955951409,-10000.204268156247,-2153.338265396931,-10766.691326984655,-2511.8521282291667,-1661.6004096598076,120,24,False,-2426.980738136339,-2302.7840207870104,-1863.4740301723318,-1661.6004096598076,-2511.8521282291667,-15491.443540729773,-6919.546558658925,-1714.3793964141698,2160,432
119,24,456,-14666.34213458433,-6984.123555835304,-1536.4437157498055,-7682.218578749027,-2221.5829065359226,-659.6938687950205,120,24,False,-2221.5829065359226,-1652.6627850214907,-1302.816709267965,-659.6938687950205,-1845.4623091286285,-15448.017150932645,-6922.9453479839985,-1705.0143605897297,2280,456
120,24,480,-15710.528535925325,-7474.984168694049,-1647.108873446255,-8235.544367231276,-2342.3888430295647,-778.4125389496219,120,24,False,-2342.3888430295647,-1763.130388802312,-1406.3557622859962,-778.4125389496219,-1945.2568341637811,-15461.142720182277,-6950.5472890195,-1702.119086232556,2400,480
121,24,504,-11215.747579686782,-5110.298691811216,-1221.0897775751132,-6105.4488878755665,-1443.5071393255475,-878.4434849734192,120,24,False,-1412.843438517861,-1315.3935273331101,-1055.2612977256292,-878.4434849734192,-1443.5071393255475,-15659.80513021535,-7076.710660516159,-1716.618893939838,2520,504
122,24,528,-17244.804769467257,-8195.020030120655,-1809.9569478693206,-9049.784739346604,-2247.413720941445,-1168.7401575885776,120,24,False,-2247.413720941445,-1951.4545161460715,-1568.811204986629,-1168.7401575885776,-2113.3651396838823,-15743.559306068728,-7161.317250331764,-1716.4484111473926,2640,528
123,24,552,-12324.973111635807,-5835.278887740771,-1297.9388447790072,-6489.694223895036,-1626.8969788188842,-851.3836876836538,120,24,False,-1626.8969788188842,-1360.1258548509677,-1130.7705482944318,-851.3836876836538,-1520.5171542470976,-15539.434547464716,-7079.793654093854,-1691.9281786741715,2760,552
124,24,576,-13896.739956985217,-6518.943381095333,-1475.559315177977,-7377.7965758898845,-2006.320281534008,-776.2073485348935,120,24,False,-2006.320281534008,-1580.068804421794,-1268.0460767284108,-776.2073485348935,-1747.1540646707783,-15664.109238818524,-7154.790332362621,-1701.8637812911795,2880,576
125,24,600,-27345.871252637306,-13488.340727564977,-2771.5061050144654,-13857.530525072327,-3818.484118482218,-1400.7765879459791,120,24,False,-3818.484118482218,-2976.751019975678,-2363.1535932360703,-1400.7765879459791,-3298.3652054323825,-16616.156261249787,-7665.896946109649,-1790.0518630280271,3000,600
126,24,624,-13631.25355675827,-6469.373839601358,-1432.3759434313827,-7161.879717156913,-1765.7747992281033,-890.4073218015745,120,24,False,-1765.7747992281033,-1562.3908652624996,-1238.71605585065,-890.4073218015745,-1704.5906750140855,-16849.96328621133,-7802.175950349808,-1809.5574671723039,3120,624
127,24,648,-14161.708802485571,-6710.09687773977,-1490.32238494916,-7451.611924745801,-1740.9042078452771,-1243.3490000066015,120,24,False,-1577.4623689169407,-1592.72143401111,-1297.1749139658712,-1243.3490000066015,-1740.9042078452771,-16256.011335368055,-7520.244527192641,-1747.153361635083,3240,648
128,24,672,-15557.118850497896,-7176.146091633459,-1676.1945517728877,-8380.972758864438,-2036.5061997631822,-1151.566138713683,120,24,False,-2036.5061997631822,-1759.2075405912087,-1453.0468163608627,-1151.566138713683,-1980.6460634355,-16225.262756942913,-7494.124756058234,-1746.2276001769364,3360,672
129,24,696,-8515.00053385416,-3513.401726625088,-1000.3197614458143,-5001.598807229071,-1338.5454773019294,-595.9502708998236,120,24,False,-1338.5454773019294,-1056.3325428025262,-856.6713340430648,-595.9502708998236,-1154.0991821817272,-15655.126858689808,-7185.894244682301,-1693.8465228015007,3480,696
130,24,720,-7656.0163906415,-3142.166857232349,-902.7699066818302,-4513.849533409151,-1258.5432530747537,-483.71386386488786,120,24,False,-1258.5432530747537,-952.5823732071509,-781.9904835550341,-483.71386386488786,-1037.0195597073246,-15374.348339849748,-7028.06806633538,-1669.2560547028734,3600,720
131,24,744,-11927.629537098914,-5348.8781140463525,-1315.7502846105122,-6578.75142305256,-1543.9427927890763,-941.203719086451,120,24,False,-1528.907670098859,-1419.4352584591707,-1145.2619826190034,-941.203719086451,-1543.9427927890763,-14489.744990804063,-6784.771388523428,-1540.9947204561272,3720,744
132,24,768,-16936.254042121618,-7858.0257208831645,-1815.6456642476903,-9078.228321238452,-2128.192654403507,-1297.9841020027782,120,24,False,-2101.1460565381467,-2013.353692679607,-1537.5518156144137,-1297.9841020027782,-2128.192654403507,-14553.982338310423,-6804.673549269408,-1549.8617578082035,3840,768
133,24,792,-21500.96997595758,-10124.788512507044,-2275.236292690107,-11376.181463450535,-2677.9638848904447,-1639.380334937452,120,24,False,-2677.9638848904447,-2393.3891960675764,-1988.4892870695599,-1639.380334937452,-2676.9587604855033,-14785.398969321555,-6914.5572389953795,-1574.1683460652343,3960,792
134,24,816,-14341.851869632217,-6744.132792177829,-1519.5438154908777,-7597.719077454389,-1825.6680166145377,-1004.1331727926844,120,24,False,-1825.6680166145377,-1658.0910322930654,-1307.0872612261041,-1004.1331727926844,-1802.7395945279973,-14924.619858720363,-6991.96925755596,-1586.5301202328806,4080,816
135,24,840,-20068.004243297546,-9573.254113665726,-2098.950025926364,-10494.75012963182,-2494.630785228807,-1470.5964377509604,120,24,False,-2494.630785228807,-2244.009448418339,-1797.402859344608,-1470.5964377509604,-2488.110598889107,-15310.454654661333,-7185.442980398632,-1625.0023348525403,4200,840
136,24,864,-14117.903918020107,-6498.189989550197,-1523.942785693982,-7619.71392846991,-1873.3818467560966,-988.8867746872605,120,24,False,-1873.3818467560966,-1645.4208636552933,-1314.5230816733208,-988.8867746872605,-1797.5013616979388,-15319.064262940165,-7189.770718349146,-1625.8587089182026,4320,864
137,24,888,-7580.298217996382,-2988.4956405276885,-918.3605154937386,-4591.802577468693,-1076.2813296536606,-701.7257555685072,120,24,False,-1028.8181325871378,-981.6259094837504,-803.3514501756365,-701.7257555685072,-1076.2813296536606,-14958.295643721236,-6987.707199360429,-1594.117688872161,4440,888
138,24,912,-13281.971389680923,-6083.378882679653,-1439.7185014002541,-7198.592507001271,-1755.275407429565,-953.4123384988005,120,24,False,-1721.24286315063,-1536.1471123183744,-1232.5147856039007,-953.4123384988005,-1755.275407429565,-14584.04943344824,-6791.8659300866,-1558.4367006723273,4560,912
139,24,936,-15406.015316110217,-6969.340071468062,-1687.3350489284308,-8436.675244642154,-1995.3178936567292,-1453.7636361102718,120,24,False,-1602.505249961942,-1820.5230443378766,-1453.7636361102718,-1564.5654205753347,-1995.3178936567292,-14621.03309252453,-6791.1267558682375,-1565.9812673312586,4680,936
140,24,960,-15902.280033012357,-7189.91211112223,-1742.4735843780254,-8712.367921890127,-2035.6525036739567,-1512.0641186668004,120,24,False,-1664.5287329559208,-1832.5439767396176,-1512.0641186668004,-1667.5785898538315,-2035.6525036739567,-14630.620667378878,-6776.873152989645,-1570.7495028778471,4800,960
141,24,984,-13473.93524951491,-6111.061007465433,-1472.5748484098954,-7362.874242049477,-1728.3709985781654,-1275.5627729377813,120,24,False,-1394.7531432219403,-1546.1858542406587,-1275.5627729377813,-1418.0014730709318,-1728.3709985781654,-14743.53005087029,-6826.911268772356,-1583.3237564195863,4920,984
142,24,1008,-13195.014312719057,-5971.739571496315,-1444.6549482445485,-7223.274741222742,-1724.4049245223123,-1235.3901204644224,120,24,False,-1382.3936380903583,-1525.607077601352,-1235.3901204644224,-1355.4789805442967,-1724.4049245223123,-14541.04052803288,-6715.74724584114,-1565.0586564383477,5040,1008
143,24,1032,-10782.824743358524,-4767.919562863003,-1202.9810360991044,-6014.905180495522,-1432.7327140376415,-1031.5064602844104,120,24,False,-1141.8230558855105,-1261.180115955155,-1031.5064602844104,-1147.6628343328048,-1432.7327140376415,-14463.933109619014,-6662.379279597252,-1560.3107660043522,5160,1032
144,24,1056,-13880.000134438698,-6363.658948355581,-1503.2682372166232,-7516.341186083117,-1771.1788791190213,-1293.8099572355409,120,24,False,-1416.7198473883739,-1590.8437514842365,-1293.8099572355409,-1443.788750855944,-1771.1788791190213,-14463.096118491687,-6654.615057960264,-1561.6962121062847,5280,1056
145,24,1080,-10399.226711747648,-4278.783632369976,-1224.0886158755343,-6120.443079377672,-1430.012741663821,-1067.5342077043654,120,24,False,-1145.7346621186575,-1283.0177592545094,-1067.5342077043654,-1194.1437086363183,-1430.012741663821,-13615.763891447205,-6194.137203200515,-1484.325337649338,5400,1080
146,24,1104,-14405.507278828172,-6381.545030854668,-1604.792449594701,-8023.962247973505,-1889.9965416132811,-1395.4589138520842,120,24,False,-1488.5428398580457,-1675.7514078102076,-1395.4589138520842,-1574.212544839887,-1889.9965416132811,-13654.4765775507,-6189.745762763179,-1492.946162957504,5520,1104
147,24,1128,-13378.85905223378,-6034.164636341662,-1468.9388831784236,-7344.694415892118,-1727.9746859539923,-1281.5243032532449,120,24,False,-1366.8110391388866,-1550.4577671748652,-1281.5243032532449,-1417.9266203711275,-1727.9746859539923,-13615.334090038112,-6155.9491506932745,-1491.876987868967,5640,1128
148,24,1152,-15952.512594097738,-6957.454010354249,-1799.0117167486976,-8995.058583743488,-2123.2025343161235,-1558.91686451483,120,24,False,-1651.5425508119818,-1897.6575524074844,-1558.91686451483,-1763.739081693069,-2123.2025343161235,-13635.103777218104,-6145.014546629313,-1498.0178461177577,5760,1152
149,24,1176,-21465.68776434395,-9920.528897469496,-2309.031773374891,-11545.158866874455,-2720.972155288539,-1994.0083221687469,120,24,False,-2144.23096483286,-2425.7739603641025,-1994.0083221687469,-2260.1734642202055,-2720.972155288539,-14282.638138742594,-6465.370905171535,-1563.4534467142116,5880,1176
150,24,1200,-14252.478983293127,-6254.000779487675,-1599.6956407610905,-7998.478203805453,-1859.8312654368676,-1400.3230394350671,120,24,False,-1508.180250517981,-1677.2061052992128,-1400.3230394350671,-1552.9375431163242,-1859.8312654368676,-14612.461268375171,-6620.962601284302,-1598.2997334181746,6000,1200
151,24,1224,-7972.341910336304,-2740.740375715278,-1046.3203069242052,-5231.601534621026,-1238.8615861091691,-906.7545076589626,120,24,False,-970.6337826669594,-1108.8562470935162,-906.7545076589626,-1006.4954110924187,-1238.8615861091691,-14414.696887037042,-6490.555714367747,-1584.8282345338591,6120,1224
152,24,1248,-9305.11812927472,-3769.4076560517638,-1107.1420946445915,-5535.710473222957,-1275.4814985517635,-969.5755760593878,120,24,False,-1045.2958688075435,-1170.265534749891,-969.5755760593878,-1075.0919950543714,-1275.4814985517635,-14033.140091394696,-6286.124811126176,-1549.4030560537042,6240,1248
153,24,1272,-6119.110049292376,-1694.7448751607212,-884.873034826331,-4424.365174131655,-1029.7571802878708,-753.8325864390665,120,24,False,-851.1260972944384,-940.8868673214258,-753.8325864390665,-848.7624427888531,-1029.7571802878708,-13264.047095061436,-5864.62262925886,-1479.8848931605155,6360,1272
154,24,1296,-10653.691532901596,-4392.581565531682,-1252.2219934739828,-6261.109967369914,-1489.6333903652644,-1082.159166381758,120,24,False,-1141.6844675710881,-1330.7298521841442,-1082.159166381758,-1216.903090867659,-1489.6333903652644,-13079.639078224907,-5747.045067926552,-1466.5188020596709,6480,1296
155,24,1320,-7756.232617243381,-2851.733556409865,-980.8998121667033,-4904.4990608335165,-1147.3776619448292,-842.0572014645381,120,24,False,-938.7877745866734,-1039.8280405092241,-842.0572014645381,-936.4483823282513,-1147.3776619448292,-12464.050496922198,-5410.969040063759,-1410.6162913716876,6600,1320
156,24,1344,-14056.152630767712,-6040.283920671368,-1603.173742019269,-8015.868710096344,-1887.7187335110523,-1389.790566924936,120,24,False,-1478.2380841110853,-1685.239797543492,-1389.790566924936,-1574.8815280057786,-1887.7187335110523,-12460.96293255958,-5388.073736619818,-1414.5778391879521,6720,1344
157,24,1368,-10400.838778578749,-4334.023995767317,-1213.3629565622864,-6066.8147828114315,-1447.2018264083683,-1036.0923538156849,120,24,False,-1121.9361722374326,-1280.247730580288,-1036.0923538156849,-1181.3366997696576,-1447.2018264083683,-12601.989960588695,-5455.3501543818,-1429.3279612413794,6840,1368
158,24,1392,-12963.216059275685,-5544.419453085683,-1483.7593212380004,-7418.796606190002,-1774.2150580564446,-1262.9995166229571,120,24,False,-1352.4738665918792,-1568.9451648241593,-1262.9995166229571,-1460.163000094561,-1774.2150580564446,-12586.052194068432,-5428.4021829021,-1431.5300022332667,6960,1392
159,24,1416,-12828.807063364238,-5625.321698382291,-1440.6970729963896,-7203.485364981948,-1693.6520602497321,-1242.5859687236034,120,24,False,-1343.130020538358,-1511.9262167170336,-1242.5859687236034,-1412.1910987532212,-1693.6520602497321,-12457.191781431135,-5361.201264247813,-1419.198103436665,7080,1416
160,24,1440,-8427.827679131606,-3241.2932227412366,-1037.3068912780736,-5186.534456390368,-1218.2746075965995,-898.7384717476856,120,24,False,-949.0884571452505,-1113.0201404627846,-898.7384717476856,-1007.4127794380478,-1218.2746075965995,-12083.469163737098,-5163.770319828763,-1383.9397687816672,7200,1440
161,24,1464,-20798.889594358305,-9542.1473311336,-2251.348452644941,-11256.742263224705,-2660.316313451835,-1944.1475810234867,120,24,False,-2071.2140074350864,-2375.358808915719,-1944.1475810234867,-2205.705552398578,-2660.316313451835,-12449.71688097927,-5335.324636012172,-1422.8784489934194,7320,1464
162,24,1488,-19177.571403591333,-8725.737733614518,-2090.366733995363,-10451.833669976815,-2464.536341109621,-1789.8918591024258,120,24,False,-1950.230635309501,-2207.3128819338717,-1789.8918591024258,-2039.8619525213953,-2464.536341109621,-12748.844735522884,-5473.024544118081,-1455.1640382809603,7440,1488
163,24,1512,-9331.307821335635,-3649.8328182693404,-1136.295000613259,-5681.475003066294,-1366.1485038981814,-965.4481828850652,120,24,False,-1029.5897618697147,-1206.8889292900017,-965.4481828850652,-1113.3996251233316,-1366.1485038981814,-12676.268889421739,-5417.120206888399,-1451.829736506668,7560,1512
164,24,1536,-12201.320796575834,-5246.155716713067,-1391.0330159725534,-6955.165079862767,-1651.329089024584,-1187.8688944453065,120,24,False,-1292.3560247334613,-1480.9866646375738,-1187.8688944453065,-1342.624407021841,-1651.329089024584,-12592.334922528595,-5361.245045306272,-1446.2179754444646,7680,1536
165,24,1560,-13019.638291519965,-5654.730701738958,-1472.9815179562013,-7364.907589781006,-1713.2816671903108,-1280.7955844270384,120,24,False,-1363.4509658727243,-1560.1053732789303,-1280.7955844270384,-1447.2739990120026,-1713.2816671903108,-12723.355501517211,-5430.042398774722,-1458.6626205484977,7800,1560
166,24,1584,-7203.196872970628,-2596.286751612538,-921.382024271618,-4606.91012135809,-1045.0595741506197,-802.114957120247,120,24,False,-859.880717935271,-991.0972641359812,-802.114957120247,-908.7576080159711,-1045.0595741506197,-12363.239981224333,-5240.779484812615,-1424.4920992823438,7920,1584
167,24,1608,-10488.767748287199,-4254.895219523019,-1246.774505752836,-6233.87252876418,-1463.9547288941983,-1081.249271597099,120,24,False,-1143.3940507882792,-1326.0214857103724,-1081.249271597099,-1219.2529917742304,-1463.9547288941983,-12218.735416027006,-5151.816013971684,-1413.3838804110642,8040,1608
168,24,1632,-14865.221282892624,-6592.691193425785,-1654.5060178933677,-8272.530089466838,-1955.308102684409,-1420.153343561689,120,24,False,-1517.4689589162388,-1766.5811280631542,-1420.153343561689,-1613.0185562413474,-1955.308102684409,-12164.370850466748,-5133.577873125259,-1406.1585954682978,8160,1632
169,24,1656,-16776.534506373075,-7469.03049360039,-1861.500802554537,-9307.504012772684,-2179.384593010067,-1612.75040964287,120,24,False,-1723.7196136751081,-1973.9492285086455,-1612.75040964287,-1817.7001679359935,-2179.384593010067,-11929.913187568207,-5011.002952931804,-1383.78204692728,8280,1656
170,24,1680,-12930.46988061687,-5615.380776597292,-1463.0178208039156,-7315.0891040195775,-1725.7451814305734,-1243.2821419916609,120,24,False,-1371.9257601383795,-1562.6861139705038,-1243.2821419916609,-1411.4499064884603,-1725.7451814305734,-11863.812732434391,-4979.071952787285,-1376.9481559294213,8400,1680
171,24,1704,-11151.90894798157,-4741.1919725815,-1282.1433950800142,-6410.7169754000715,-1471.9436604760756,-1122.7807589025028,120,24,False,-1198.6676832555283,-1355.7751958240976,-1122.7807589025028,-1261.549676941867,-1471.9436604760756,-12022.791084316657,-5079.094532630596,-1388.7393103372115,8520,1704
172,24,1728,-15203.313743053284,-6749.442330679645,-1690.774282474728,-8453.871412373639,-1979.0027635460306,-1463.4437888887867,120,24,False,-1573.1596045770084,-1792.6395901946607,-1463.4437888887867,-1645.6256651671522,-1979.0027635460306,-12317.700865005585,-5228.096266361991,-1417.9209197287184,8640,1728
173,24,1752,-21105.665525122065,-9564.329008247607,-2308.2673033748915,-11541.336516874459,-2733.4169980045535,-1988.7452761081768,120,24,False,-2129.174171238559,-2441.1148857144995,-1988.7452761081768,-2248.8851858086696,-2733.4169980045535,-13067.02863879707,-5621.5754730163335,-1489.0906331561464,8760,1752
174,24,1776,-11164.068338661109,-4678.44172298326,-1297.12532313557,-6485.626615677849,-1505.5785657115343,-1120.5199921067183,120,24,False,-1219.654992915806,-1384.9313142497454,-1120.5199921067183,-1254.9417506940447,-1505.5785657115343,-13092.547479085042,-5635.868480888914,-1491.3357996392258,8880,1776
175,24,1800,-17330.047983006392,-7820.74349913521,-1901.8608967742362,-9509.304483871181,-2234.197153038342,-1631.312413093355,120,24,False,-1770.79167343933,-2013.080968188075,-1631.312413093355,-1859.9222761120789,-2234.197153038342,-13571.238247373196,-5884.3189780251805,-1537.3838538696025,9000,1800
176,24,1824,-18076.944172058313,-8186.467440065727,-1978.095346398517,-9890.476731992585,-2339.711654116234,-1701.6261570864729,120,24,False,-1823.0122829421507,-2095.7198010593106,-1701.6261570864729,-1930.4068367884172,-2339.711654116234,-13772.277824437726,-5991.628153994899,-1556.1299340885648,9120,1824
177,24,1848,-10148.697850714507,-4196.042728431868,-1190.5310244565276,-5952.655122282638,-1390.657170710847,-1034.2896349462128,120,24,False,-1103.363907582763,-1262.7564162375054,-1034.2896349462128,-1161.5879928053096,-1390.657170710847,-13759.67077804451,-5984.729090628126,-1554.9883374832768,9240,1848
178,24,1872,-19010.77336392861,-8473.117518238476,-2107.531169138026,-10537.655845690131,-2464.386412114549,-1817.889986330489,120,24,False,-1943.7341050837665,-2241.6586907737874,-1817.889986330489,-2069.98665138754,-2464.386412114549,-14062.048643277158,-6131.163993885766,-1586.1769298782783,9360,1872
179,24,1896,-20506.22460647391,-9395.349139400787,-2222.175093414625,-11110.875467073123,-2607.3610632062278,-1930.4891369097754,120,24,False,-2052.826281180296,-2344.3962488206175,-1930.4891369097754,-2175.8027369562055,-2607.3610632062278,-14445.919520432642,-6319.665365936691,-1625.2508308991899,9480,1896
180,24,1920,-11616.99929018422,-4963.10372197612,-1330.7791136416201,-6653.8955682081005,-1582.5626491647029,-1152.7585726495188,120,24,False,-1220.0287259495778,-1418.2388123642188,-1152.7585726495188,-1280.3068080800817,-1582.5626491647029,-14605.378100985274,-6405.755890898436,-1639.9244420173673,9600,1920
181,24,1944,-12964.872999887051,-5601.477346110971,-1472.679130755216,-7363.39565377608,-1711.6385729134392,-1263.2767076950288,120,24,False,-1370.3305189602959,-1560.1447518014756,-1263.2767076950288,-1458.00510240584,-1711.6385729134392,-14213.677271261706,-6208.722391647304,-1600.9909759228813,9720,1944
182,24,1968,-24713.343857034313,-11496.09105366898,-2643.4505606730663,-13217.25280336533,-3120.465596859611,-2266.9508506344573,120,24,False,-2432.877623013223,-2805.264105596867,-2266.9508506344573,-2591.6946272611726,-3120.465596859611,-14490.465893933859,-6347.240057650027,-1628.6451672567664,9840,1968
183,24,1992,-20619.314024614243,-9458.575186801188,-2232.147767562611,-11160.738837813054,-2633.2526678910053,-1926.708296581338,120,24,False,-2037.6028751235367,-2381.719098006713,-1926.708296581338,-2181.455900210461,-2633.2526678910053,-15054.866204097789,-6637.6771760766205,-1683.437805604234,9960,1992
184,24,2016,-7062.415474640387,-2410.15392604706,-930.4523097186654,-4652.2615485933275,-1079.0827542708892,-798.905437147316,120,24,False,-881.4123329311299,-981.3860431474673,-798.905437147316,-911.474981096525,-1079.0827542708892,-14797.920938001014,-6495.877086543319,-1660.4087702915397,10080,2016
185,24,2040,-13728.611571825057,-5929.484727009434,-1559.8253689631244,-7799.1268448156225,-1833.362169635573,-1342.8615824038723,120,24,False,-1440.3346269477377,-1654.6979170446778,-1342.8615824038723,-1527.8705487837617,-1833.362169635573,-14833.36960201627,-6509.614787806842,-1664.750962841886,10200,2040
186,24,2064,-10755.799026119172,-4530.506506381258,-1245.0585039475827,-6225.292519737914,-1456.6011621188336,-1068.728872441707,120,24,False,-1147.842603329306,-1327.307109647302,-1068.728872441707,-1224.8127722007646,-1456.6011621188336,-15010.999709673697,-6606.325775545278,-1680.934786825684,10320,2064
187,24,2088,-11354.80671584234,-4768.243815394331,-1317.3125800896016,-6586.562900448008,-1517.2164281605494,-1128.1922909257023,120,24,False,-1228.3517779834342,-1417.7012604944566,-1128.1922909257023,-1295.1011428838654,-1517.2164281605494,-15054.301658051456,-6631.993205338845,-1684.461690542522,10440,2088
188,24,2112,-13524.979329253998,-5924.5857403942455,-1520.0787177719508,-7600.393588859753,-1776.9616515233936,-1312.5056740255725,120,24,False,-1402.1405335189984,-1622.0994207167657,-1312.5056740255725,-1486.686309075023,-1776.9616515233936,-14987.289560369527,-6598.587932687267,-1677.7403255364516,10560,2112
189,24,2136,-17321.682719758057,-7788.674872673704,-1906.6015694168705,-9533.007847084353,-2291.001046158793,-1628.92828169468,120,24,False,-1715.3097326964453,-2068.0305291475743,-1628.92828169468,-1829.7382573868606,-2291.001046158793,-15014.546971038775,-6614.5701516409345,-1679.995363879568,10680,2136
190,24,2160,-11215.455136916906,-4661.650950633907,-1310.7608372565999,-6553.804186283,-1554.2739331850394,-1123.8033919604668,120,24,False,-1212.710615508139,-1387.0007329343653,-1123.8033919604668,-1276.0155126949899,-1554.2739331850394,-14928.796233853773,-6566.883660342764,-1672.3825147022023,10800,2160
191,24,2184,-18797.61000955802,-8539.559176231542,-2051.6101666652953,-10258.050833326477,-2432.13780186961,-1763.29850061428,120,24,False,-1866.9877012989489,-2197.250239576405,-1763.29850061428,-1998.3765899672321,-2432.13780186961,-15311.081286932598,-6756.802020525266,-1710.8558532814664,10920,2184
192,24,2208,-25773.43075966332,-12036.054496479428,-2747.4752526367784,-13737.37626318389,-3275.8274415758992,-2358.7478681712873,120,24,False,-2531.3602721268926,-2942.881807802324,-2358.7478681712873,-2628.5588735074875,-3275.8274415758992,-15839.587137763101,-7021.132628815256,-1763.6909017895687,11040,2208
193,24,2232,-18553.054312145192,-8414.217043852308,-2027.7674536585764,-10138.837268292882,-2391.8021907755265,-1766.4240326063143,120,24,False,-1861.1796370119043,-2148.3503662966323,-1766.4240326063143,-1971.081041602503,-2391.8021907755265,-15711.956577114255,-6963.627030595491,-1749.6659093037529,11160,2232
194,24,2256,-7864.478072203251,-3039.5466763077666,-964.9862791790969,-4824.9313958954845,-1141.4370821760524,-848.2321157742184,120,24,False,-876.8612272188836,-1015.4782293534812,-848.2321157742184,-942.9227413728486,-1141.4370821760524,-15546.97706379136,-6881.682278261716,-1733.0589571059293,11280,2256
195,24,2280,-9953.55307396756,-3790.621661242454,-1232.586282545021,-6162.9314127251055,-1447.1988099273044,-1056.98408584499,120,24,False,-1110.785239650904,-1327.3759470411164,-1056.98408584499,-1220.5873302607908,-1447.1988099273044,-15178.152318339422,-6680.176186367078,-1699.5952263944687,11400,2280
196,24,2304,-8615.610867118101,-3389.6230445617152,-1045.1975645112773,-5225.987822556386,-1230.4803319690911,-917.6871192343589,120,24,False,-947.1917343557094,-1108.8131789502454,-917.6871192343589,-1021.8154580469818,-1230.4803319690911,-14705.08565309241,-6440.3339665918775,-1652.9503373001066,11520,2304
197,24,2328,-13132.929310828255,-5723.171631741865,-1481.951535817278,-7409.7576790863895,-1731.7261838105494,-1270.2657805660774,120,24,False,-1365.881693090316,-1581.2585891743058,-1270.2657805660774,-1460.6254324451397,-1731.7261838105494,-14854.297226098099,-6516.690411757377,-1667.5213628681443,11640,2328
198,24,2352,-19971.71992398667,-9079.037362932311,-2178.536512210872,-10892.68256105436,-2579.7470993096,-1848.1869350052225,120,24,False,-2014.2239708511054,-2338.854018729923,-1848.1869350052225,-2111.6705371585103,-2579.7470993096,-14902.344554101004,-6546.986403992069,-1671.0716300217864,11760,2352
199,24,2376,-12697.18719783931,-5474.918128609492,-1444.4538138459636,-7222.269069229818,-1703.2223994624196,-1265.6189187503055,120,24,False,-1313.0269644911416,-1528.35864897309,-1265.6189187503055,-1412.0421375528608,-1703.2223994624196,-14511.892683669274,-6350.964853452504,-1632.1855660433534,11880,2376
200,24,2400,-12900.55555254712,-5538.12486281049,-1472.486137947326,-7362.43068973663,-1725.270585552276,-1282.8196062636089,120,24,False,-1337.0228247421828,-1590.0340105592338,-1282.8196062636089,-1427.2836626193277,-1725.270585552276,-14576.070496787415,-6379.715910494224,-1639.2709172586387,12000,2400
201,24,2424,-12676.547403469203,-5371.058339332412,-1461.0978128273582,-7305.489064136791,-1731.6473637456259,-1273.2584686798327,120,24,False,-1327.9422943558218,-1554.167147758012,-1273.2584686798327,-1418.4737895974984,-1731.6473637456259,-14561.654216966523,-6368.194960155296,-1638.6918513622459,12120,2424
202,24,2448,-9613.31741416064,-3908.245319787621,-1141.014418874604,-5705.072094373019,-1350.532512831193,-969.0151014099812,120,24,False,-1042.1515125012818,-1221.4877739916044,-969.0151014099812,-1121.8851936389594,-1350.532512831193,-13806.65289482284,-5988.802673461227,-1563.5700442723228,12240,2448
203,24,2472,-21061.362241234845,-9636.701175684802,-2284.9322131100084,-11424.661065550043,-2694.258508584531,-1976.8967381449484,120,24,False,-2100.368290329324,-2437.8453716766116,-1976.8967381449484,-2215.2921568146276,-2694.258508584531,-13828.75530565387,-5997.708972905408,-1566.2092665496928,12360,2472
204,24,2496,-28612.051912454965,-13455.070560400169,-3031.396270410959,-15156.981352054796,-3596.4805683624713,-2609.457526197156,120,24,False,-2779.9570877050746,-3219.11266118046,-2609.457526197156,-2951.9735086096334,-3596.4805683624713,-14906.2371275446,-6549.954804623063,-1671.2564645843074,12480,2496
205,24,2520,-14020.691721310599,-6147.260523592034,-1574.6862395437133,-7873.431197718566,-1825.4943220606315,-1387.244253745922,120,24,False,-1453.9549701194246,-1669.0794997293467,-1387.244253745922,-1537.6581520632417,-1825.4943220606315,-14920.841135018874,-6560.843594452193,-1671.999508113337,12600,2520
206,24,2544,-13939.8180296985,-6093.32835245177,-1569.297935449346,-7846.489677246729,-1842.4276713315296,-1348.6091168171902,120,24,False,-1429.4300897086844,-1683.9477776121837,-1348.6091168171902,-1542.075021777141,-1842.4276713315296,-15080.042085197842,-6638.984686755719,-1688.2114796884248,12720,2544
207,24,2568,-8783.924110779573,-3386.79518403984,-1079.4257853479467,-5397.128926739733,-1258.5100888656502,-937.7054650718221,120,24,False,-990.1432032193604,-1152.0120420716028,-937.7054650718221,-1058.758127511297,-1258.5100888656502,-14951.497954944705,-6569.912255187995,-1676.317139951342,12840,2568
208,24,2592,-15551.780663953708,-6955.669497997439,-1719.222233191254,-8596.11116595627,-2023.1075670840273,-1481.2023709364187,120,24,False,-1584.5781143357024,-1821.1460100544941,-1481.2023709364187,-1686.0771035456273,-2023.1075670840273,-15052.838021679689,-6621.466443068154,-1686.2743157223072,12960,2592
209,24,2616,-17338.77805991623,-7776.784129449832,-1912.3987860932789,-9561.993930466395,-2259.5206724142186,-1640.0350798074173,120,24,False,-1755.175364752221,-2033.4214027148116,-1640.0350798074173,-1873.8414107777267,-2259.5206724142186,-15053.692788687598,-6620.871905906961,-1686.5641765561274,13080,2616
210,24,2640,-16959.241382403332,-7559.618542785786,-1879.9245679235094,-9399.622839617547,-2206.6067327040005,-1627.300666125192,120,24,False,-1727.056815575274,-1992.6694497736053,-1627.300666125192,-1845.9891754394748,-2206.6067327040005,-15340.882100961919,-6765.770285514556,-1715.022363089473,13200,2640
211,24,2664,-19435.93087310408,-8822.792929248271,-2122.6275887711613,-10613.137943855807,-2482.6200351042507,-1837.072856993211,120,24,False,-1963.6161446918672,-2250.938885770574,-1837.072856993211,-2078.890021295904,-2482.6200351042507,-15372.798144139224,-6779.93197316539,-1718.5732341947664,13320,2664
212,24,2688,-12564.328843317991,-5362.7019276369865,-1440.325383136201,-7201.626915681005,-1696.9784079167139,-1236.6721417914678,120,24,False,-1337.800636519959,-1512.5027231131753,-1236.6721417914678,-1417.6730063396888,-1696.9784079167139,-14712.343048321956,-6446.264344723268,-1653.2157407197374,13440,2688
213,24,2712,-11448.035028539172,-4857.562473875663,-1318.0945109327017,-6590.472554663508,-1563.383646711114,-1130.5415745123476,120,24,False,-1206.4861922841897,-1412.72626228773,-1130.5415745123476,-1277.3348788681271,-1563.383646711114,-14357.092084141657,-6268.431616224435,-1617.7320935834437,13560,2712
214,24,2736,-17200.193942966667,-7773.506272356356,-1885.3375341220622,-9426.68767061031,-2238.538767255373,-1640.5818811042166,120,24,False,-1708.4970919179075,-1986.8562245153569,-1640.5818811042166,-1852.2137058174562,-2238.538767255373,-14823.877877679828,-6505.129596026865,-1663.7496563305917,13680,2736
215,24,2760,-8094.7106004889465,-3070.1228500754705,-1004.9175500826952,-5024.587750413476,-1171.6438317332324,-898.5267767983322,120,24,False,-912.6523463568318,-1065.4519227127314,-898.5267767983322,-976.3128728123484,-1171.6438317332324,-14730.935754005895,-6469.104655468516,-1652.366219707476,13800,2760
216,24,2784,-14892.68649070399,-6571.732871551487,-1664.1907238305007,-8320.953619152504,-1970.2672165146341,-1441.337271607192,120,24,False,-1493.8323309718246,-1788.552710285579,-1441.337271607192,-1626.9640897732736,-1970.2672165146341,-15044.789535185191,-6628.210146818004,-1683.315877673437,13920,2784
217,24,2808,-7347.493702173611,-2651.601167833014,-939.1785068681195,-4695.892534340597,-1119.1593163191058,-816.2357364589992,120,24,False,-853.9368905015273,-999.6673764904309,-816.2357364589992,-906.8932145705342,-1119.1593163191058,-14755.517754752456,-6474.631623622562,-1656.177226225979,14040,2808
218,24,2832,-20500.15424507972,-9405.418027976712,-2218.9472434206023,-11094.73621710301,-2633.993654144291,-1922.0366980768385,120,24,False,-2040.4840035947643,-2331.0404178210056,-1922.0366980768385,-2167.1814434661114,-2633.993654144291,-14781.939470807109,-6490.950656874782,-1658.1977627864658,14160,2832
219,24,2856,-6557.765319328564,-2133.5505192141522,-884.8429600228825,-4424.214800114412,-1048.9128130412546,-768.7420048390222,120,24,False,-805.6372474132445,-943.6093487862169,-768.7420048390222,-857.3133860346741,-1048.9128130412546,-14474.968376881574,-6323.8822764050165,-1630.2172200953114,14280,2856
220,24,2880,-10616.300537472122,-4227.904279070578,-1277.6792516803084,-6388.396258401543,-1491.0511675230998,-1106.9157555494608,120,24,False,-1188.8428474935893,-1345.7951982628804,-1106.9157555494608,-1255.7912895725121,-1491.0511675230998,-14360.755626127822,-6258.37124721802,-1620.4768757819606,14400,2880
221,24,2904,-15884.755070534446,-7097.520948186937,-1757.4468244695017,-8787.234122347509,-2116.0601862163776,-1487.1812345669164,120,24,False,-1602.84946586835,-1864.2356029987163,-1487.1812345669164,-1716.9076326971494,-2116.0601862163776,-14521.166009481085,-6344.694377660746,-1635.2943263640677,14520,2904
222,24,2928,-18199.229123862737,-8249.744393612544,-1989.8969460500389,-9949.484730250195,-2449.079242201332,-1697.9405318412996,120,24,False,-1772.7301472927127,-2116.0218993787166,-1697.9405318412996,-1913.7129095361338,-2449.079242201332,-14950.461594966187,-6561.769331351992,-1677.7384527228394,14640,2928
223,24,2952,-17601.556088915844,-7909.806197992981,-1938.3499781845724,-9691.749890922862,-2254.1020892401098,-1707.0021157901945,120,24,False,-1739.822433867364,-2102.367643865042,-1707.0021157901945,-1888.4556081601525,-2254.1020892401098,-14777.47128735024,-6475.424582467401,-1660.4093409765676,14760,2952
224,24,2976,-18683.684138976816,-8420.329344172564,-2052.670958960851,-10263.354794804254,-2480.0554109718514,-1727.5163355474856,120,24,False,-1864.1267458400414,-2185.0769983786176,-1727.5163355474856,-2006.579304066257,-2480.0554109718514,-14281.052898676333,-6223.687521656021,-1611.4730754040622,14880,2976
225,24,3000,-17505.62253936265,-7879.228234950119,-1925.278860882506,-9626.39430441253,-2299.4669489773173,-1643.0914399512894,120,24,False,-1755.1174452763212,-2051.1082999360606,-1643.0914399512894,-1877.6101702715423,-2299.4669489773173,-14455.299439578934,-6310.285907223925,-1629.0027064710018,15000,3000
226,24,3024,-16787.876023182136,-7493.9437385395795,-1858.7864569285114,-9293.932284642557,-2218.947773438533,-1582.6190493641475,120,24,False,-1701.1094961483368,-1965.8871853919456,-1582.6190493641475,-1825.3687802995926,-2218.947773438533,-14597.702339253117,-6380.316676528315,-1643.47713254496,15120,3024
227,24,3048,-7888.197146332283,-3028.03476514892,-972.0324762366727,-4860.162381183363,-1128.7173765028995,-804.4021820723842,120,24,False,-886.6790920490831,-1074.238422639241,-804.4021820723842,-966.1253079197561,-1128.7173765028995,-14552.915991030754,-6362.37865558377,-1638.1074670893968,15240,3048
228,24,3072,-20454.620456704157,-9363.144655768194,-2218.2951601871923,-11091.475800935961,-2613.4500559001026,-1906.3280495537797,120,24,False,-2025.5469838856088,-2357.301745804319,-1906.3280495537797,-2188.84896579215,-2613.4500559001026,-14798.057980668276,-6482.752413472307,-1663.0611134391936,15360,3072
229,24,3096,-14232.105175379991,-6203.870168073252,-1605.647001461348,-8028.23500730674,-1921.0896847433762,-1354.9754482625528,120,24,False,-1462.2629268875803,-1728.6084564417094,-1354.9754482625528,-1561.2984909715215,-1921.0896847433762,-14642.724336441464,-6404.106715403477,-1647.7235242075972,15480,3096
230,24,3120,-8791.689499895487,-3474.574927695145,-1063.4229144400683,-5317.114572200342,-1261.6715600261975,-915.0292490978206,120,24,False,-948.9382448309858,-1154.6472541573476,-915.0292490978206,-1036.8282640879904,-1261.6715600261975,-14234.346742316071,-6199.854534648945,-1606.8984415334248,15600,3120
231,24,3144,-11965.299527718413,-5093.370834895443,-1374.385738564594,-6871.92869282297,-1645.7368278915305,-1165.0267790248529,120,24,False,-1257.4264947160982,-1472.9400635880515,-1165.0267790248529,-1330.7985276024363,-1645.7368278915305,-13860.815175046786,-6013.383429931304,-1569.4863490230966,15720,3144
232,24,3168,-10515.949148724532,-4379.6379811695215,-1227.2622335110023,-6136.311167555012,-1440.8128400088337,-1016.9610968401272,120,24,False,-1125.6006059523222,-1341.9957091289557,-1016.9610968401272,-1210.9409156247739,-1440.8128400088337,-13758.396190317115,-5964.230232607932,-1558.8331915418364,15840,3168
233,24,3192,-10732.532243015121,-4395.714856920899,-1267.363477218844,-6336.817386094221,-1510.30012716785,-1050.9222452659442,120,24,False,-1163.050112820397,-1357.1664974556663,-1050.9222452659442,-1255.3784033843638,-1510.30012716785,-13722.621051040911,-5941.1378517601925,-1556.2966398561437,15960,3192
234,24,3216,-9826.687571199789,-3673.350321473312,-1230.6674499452954,-6153.337249726477,-1495.164855703975,-1040.9147336696753,120,24,False,-1119.8431237487982,-1307.2840493096764,-1040.9147336696753,-1190.130487294352,-1495.164855703975,-13353.945732452568,-5736.13005421604,-1523.5631356473054,16080,3216
235,24,3240,-16227.30109802851,-7229.327070699834,-1799.5948054657354,-8997.974027328677,-2204.182693736005,-1491.774069170358,120,24,False,-1624.6621287584417,-1922.7795465468914,-1491.774069170358,-1754.575589116982,-2204.182693736005,-13760.575257329547,-5944.090265247259,-1563.2969984164574,16200,3240
236,24,3264,-8749.484405885436,-3363.121446625147,-1077.2725918520578,-5386.362959260288,-1280.0353657595924,-916.9147760669928,120,24,False,-977.9406044841886,-1157.1355783111185,-916.9147760669928,-1054.3366346383962,-1280.0353657595924,-13453.41515308862,-5783.659694000941,-1533.9510918175351,16320,3264
237,24,3288,-20067.555372508774,-9166.974234333244,-2180.116227635106,-10900.58113817553,-2568.6625147273007,-1867.9140698832587,120,24,False,-1992.0871960203792,-2338.9354542589804,-1867.9140698832587,-2132.981903285612,-2568.6625147273007,-14089.418236605376,-6109.428347325953,-1595.9979778558848,16440,3288
238,24,3312,-19293.87774586556,-8733.856912475283,-2112.0041666780558,-10560.02083339028,-2537.2297142734324,-1790.3405585305543,120,24,False,-1923.3887502651044,-2254.5918729348264,-1790.3405585305543,-2054.4699373863614,-2537.2297142734324,-14029.104411644668,-6075.850291550882,-1590.6508240187572,16560,3312
239,24,3336,-13432.443803737773,-5874.939618871936,-1511.5008369731672,-7557.504184865837,-1823.7871023831412,-1266.7764522525488,120,24,False,-1388.9172837510446,-1608.6904994552858,-1266.7764522525488,-1469.3328470238166,-1823.7871023831412,-14372.838335865128,-6262.919746533772,-1621.9837178662715,16680,3336
240,24,3360,-13400.122818152631,-5822.936997697346,-1515.4371640910572,-7577.185820455286,-1782.0009440808537,-1296.0275338819297,120,24,False,-1392.6283057450485,-1625.254383444124,-1296.0275338819297,-1481.2746533033314,-1782.0009440808537,-14512.029449899153,-6342.671382465111,-1633.8716134868087,16800,3360
241,24,3384,-13387.227924739627,-5819.85580385341,-1513.4744241772435,-7567.372120886217,-1846.3470938258556,-1310.8170102063702,120,24,False,-1368.2892616079357,-1585.2444067217043,-1310.8170102063702,-1456.6743485243512,-1846.3470938258556,-14387.153092609416,-6278.788125248434,-1621.672993472196,16920,3384
242,24,3408,-7652.137616793916,-2827.483413662178,-964.9308406263475,-4824.654203131738,-1136.2542115311999,-813.5951851393904,120,24,False,-885.101373615259,-1033.4112929560947,-813.5951851393904,-956.2921398897934,-1136.2542115311999,-13859.798517255975,-6007.6750762509155,-1570.4246882010113,17040,3408
243,24,3432,-9576.616407122212,-3720.664612299748,-1171.190358964493,-5855.951794822465,-1378.1789517018094,-1031.5028673427087,120,24,False,-1081.765370864228,-1231.6051096636081,-1031.5028673427087,-1132.8994952501102,-1378.1789517018094,-13458.55153316629,-5798.217996966254,-1532.0667072400074,17160,3432
244,24,3456,-9668.8928805689,-3751.7752631135645,-1183.423523491067,-5917.117617455336,-1414.1882673661594,-1003.8689402388148,120,24,False,-1100.5067658965497,-1245.301868115718,-1003.8689402388148,-1153.2517758380939,-1414.1882673661594,-13007.811970245893,-5564.790292913304,-1488.6043354665183,17280,3456
245,24,3480,-8961.382910395912,-3425.8327488624777,-1107.1100323066871,-5535.550161533435,-1347.888083131573,-892.0748292013074,120,24,False,-1018.3981177238943,-1193.0746304415497,-892.0748292013074,-1084.1145010351113,-1347.888083131573,-12580.599988797558,-5342.120518608922,-1447.6958940377272,17400,3480
246,24,3504,-10382.119700401048,-4197.590455480102,-1236.9058489841893,-6184.529244920946,-1489.7815290478463,-1039.9367428014511,120,24,False,-1108.6104124741603,-1338.3578954427262,-1039.9367428014511,-1207.842665154763,-1489.7815290478463,-12260.312172658505,-5177.302854455947,-1416.601863640511,17520,3504
247,24,3528,-14991.609952754694,-6617.137991760441,-1674.8943921988507,-8374.471960994253,-1976.1760967445969,-1417.3622099551244,120,24,False,-1540.162815439145,-1800.686890659445,-1417.3622099551244,-1640.0839481959422,-1976.1760967445969,-12615.482812979626,-5356.758015786524,-1451.7449594386198,17640,3528
248,24,3552,-13406.468750017597,-5629.911377270484,-1555.3114745494227,-7776.557372747114,-1849.6316418551423,-1298.8202341056983,120,24,False,-1449.8569152420043,-1658.0589346499141,-1298.8202341056983,-1520.189646894354,-1849.6316418551423,-12263.075227645297,-5170.096351861638,-1418.5957751567316,17760,3552
249,24,3576,-7620.179110138559,-2624.7416612411907,-999.0874897794736,-4995.437448897368,-1232.985719264313,-825.6519207034721,120,24,False,-942.9896780117217,-1040.7025811983442,-825.6519207034721,-953.1075497195164,-1232.985719264313,-11932.478924383226,-4991.139926520035,-1388.2677995726378,17880,3576
250,24,3600,-19214.470993111034,-8696.445188450689,-2103.6051609320684,-10518.025804660343,-2588.684215338673,-1762.173494837232,120,24,False,-1906.367302106545,-2202.6586384995517,-1762.173494837232,-2058.1421538783407,-2588.684215338673,-12453.617999044003,-5252.233439557813,-1440.2769118972378,18000,3600
251,24,3624,-10020.949902999615,-4050.6939056129286,-1194.0511994773374,-5970.255997386687,-1403.802991409769,-1015.1739319845925,120,24,False,-1091.0580988468876,-1297.349176086893,-1015.1739319845925,-1162.871799058546,-1403.802991409769,-12356.400517808062,-5200.099593093687,-1431.2601849428752,18120,3624
252,24,3648,-6899.183527742621,-2337.170756037298,-912.4025543410646,-4562.012771705323,-1064.94893157494,-778.8476860649953,120,24,False,-834.2303011258612,-995.9190832718282,-778.8476860649953,-888.0667696676979,-1064.94893157494,-12175.562236758968,-5097.976231837076,-1415.517200984378,18240,3648
253,24,3672,-14698.199135142884,-6492.633293482043,-1641.1131683321685,-8205.565841660842,-1978.0231335023764,-1378.8391062370001,120,24,False,-1479.1758844750486,-1773.6799303723517,-1378.8391062370001,-1595.8477870740644,-1978.0231335023764,-12373.845581365355,-5202.822153665133,-1434.2046855400445,18360,3672
254,24,3696,-8001.709292936565,-2959.0343997614564,-1008.5349786350218,-5042.674893175109,-1210.331666347659,-864.6144110531075,120,24,False,-912.595702346639,-1070.3851378502723,-864.6144110531075,-984.747975577431,-1210.331666347659,-12282.596667452195,-5167.10635757954,-1423.0980619745308,18480,3696
255,24,3720,-9570.846705440812,-3865.8629945400044,-1140.9967421801616,-5704.983710900808,-1373.6912748628824,-972.971503294575,120,24,False,-1040.0670377139804,-1199.9805789438503,-972.971503294575,-1118.27331608552,-1373.6912748628824,-11949.773947822809,-4998.933153771549,-1390.1681588102524,18600,3720
256,24,3744,-19905.677667695978,-9091.576131298743,-2162.820307279447,-10814.101536397236,-2591.312589757876,-1849.0471672806896,120,24,False,-1954.946309425712,-2309.0129114968126,-1849.0471672806896,-2109.7825584361453,-2591.312589757876,-12507.583610913334,-5285.355888005228,-1444.4455445816216,18720,3744
257,24,3768,-12431.676655734715,-5272.572674475031,-1431.8207962519368,-7159.103981259685,-1733.8340089770768,-1204.2593818296584,120,24,False,-1291.6941658236271,-1524.999731953948,-1204.2593818296584,-1404.3166926753747,-1733.8340089770768,-12125.789675074633,-5090.635810012317,-1407.030773012463,18840,3768
258,24,3792,-14473.388134123896,-6358.378375476764,-1623.0019517294265,-8115.009758647133,-1975.8885646223648,-1372.4208232585756,120,24,False,-1456.6555585411704,-1720.0972328842522,-1372.4208232585756,-1589.9475793407703,-1975.8885646223648,-11884.765194487549,-4971.861883162392,-1382.5806622650316,18960,3792
259,24,3816,-12435.614369905557,-5266.243879655958,-1433.87409804992,-7169.370490249599,-1789.3914705965299,-1183.9800924231397,120,24,False,-1266.8798162611276,-1540.7573134000788,-1183.9800924231397,-1388.3617975687227,-1789.3914705965299,-11834.92372279594,-4941.427096201593,-1378.6993253188693,19080,3816
260,24,3840,-10317.576060123398,-4184.289093707183,-1226.657393283243,-6133.286966416214,-1494.2229056386252,-1029.1138166676126,120,24,False,-1118.6511887511285,-1311.6464186618136,-1029.1138166676126,-1179.652636697035,-1494.2229056386252,-11680.796384894476,-4859.494701002084,-1364.2603367784786,19200,3840
261,24,3864,-18016.592274070044,-8153.198518802984,-1972.6787510534118,-9863.39375526706,-2417.6905995359075,-1656.0656523052269,120,24,False,-1797.4754004806066,-2079.091426945525,-1656.0656523052269,-1913.0706759997936,-2417.6905995359075,-11912.264602361,-4976.161836749563,-1387.2205531222871,19320,3864
262,24,3888,-11108.564282731597,-4580.293996796625,-1305.6540571869944,-6528.270285934972,-1563.5321115314641,-1101.934773656724,120,24,False,-1198.2206796707317,-1386.0588195955684,-1101.934773656724,-1278.5239014804838,-1563.5321115314641,-12085.085935657882,-5063.802365906285,-1404.2567139503194,19440,3888
263,24,3912,-18052.50831209906,-8158.774753295171,-1978.7467117607775,-9893.733558803888,-2450.5226124190604,-1637.9475174358392,120,24,False,-1784.0251739979378,-2115.6813063648715,-1637.9475174358392,-1905.5569485861802,-2450.5226124190604,-12508.880530906725,-5285.707872956057,-1444.6345315901335,19560,3912
264,24,3936,-11314.347909126704,-4784.851306796954,-1305.8993204659496,-6529.496602329748,-1617.1667292441373,-1099.2016792646357,120,24,False,-1172.3680454094583,-1376.574005191352,-1099.2016792646357,-1264.1861432201656,-1617.1667292441373,-12591.153282334615,-5337.361675140227,-1450.7583214388778,19680,3936
265,24,3960,-9551.275348105908,-3915.0806135765847,-1127.2389469058649,-5636.194734529324,-1367.5317025171507,-958.8560762405469,120,24,False,-1021.4999853994577,-1195.0607111076038,-958.8560762405469,-1093.2462592645643,-1367.5317025171507,-12620.647904220114,-5361.824068375932,-1451.7647671688367,19800,3960
266,24,3984,-8173.533252346967,-3083.9744975718268,-1017.9117509550281,-5089.55875477514,-1221.1436122227315,-848.3293401514168,120,24,False,-933.7014289713178,-1094.1554915829659,-848.3293401514168,-992.2288818467086,-1221.1436122227315,-12510.21858181741,-5306.143270480518,-1440.8150622673784,19920,3984
267,24,4008,-11737.5700277778,-4950.496977688323,-1357.4146100178955,-6787.073050089477,-1658.0849310845101,-1157.9340575927051,120,24,False,-1225.5574151616124,-1429.2186536850659,-1157.9340575927051,-1316.2779925655843,-1658.0849310845101,-12347.516585568566,-5222.811219776912,-1424.9410731583307,20040,4008
268,24,4032,-10407.614325838676,-4301.170960948861,-1221.2886729779634,-6106.443364889817,-1490.4855073966194,-1054.798951447146,120,24,False,-1119.6425999235894,-1253.3572028196083,-1054.798951447146,-1188.1591033028542,-1490.4855073966194,-12197.57386435962,-5156.374198960831,-1408.2399330797575,20160,4032
269,24,4056,-15387.125622301948,-6730.617453009828,-1731.3016338584239,-8656.50816929212,-2143.0513853799994,-1445.9585982711376,120,24,False,-1571.1908722365135,-1818.0001114631289,-1445.9585982711376,-1678.3072019413394,-2143.0513853799994,-12585.92118996779,-5361.667988549262,-1444.8506402837052,20280,4056
270,24,4080,-13720.280425016248,-5880.958586179931,-1567.8643677672635,-7839.3218388363175,-1913.634141658291,-1335.6340641715265,120,24,False,-1427.3294559778956,-1621.8873471674372,-1335.6340641715265,-1540.836829861167,-1913.634141658291,-12311.21166156305,-5220.893658435724,-1418.063600625465,20400,4080
271,24,4104,-10011.849338052723,-4017.331928940945,-1198.9034818223558,-5994.517409111779,-1439.2312354857365,-1018.3113874840681,120,24,False,-1097.6439476349947,-1267.9847371246835,-1018.3113874840681,-1171.3461013822955,-1439.2312354857365,-12310.756633315705,-5219.225559602125,-1418.3062147427158,20520,4104
272,24,4128,-8947.95323024653,-3155.712574167351,-1158.4481312158362,-5792.240656079181,-1449.474130291819,-980.7092128073111,120,24,False,-981.9698259681134,-1224.1055066023234,-980.7092128073111,-1155.9819804096137,-1449.474130291819,-12413.195118440899,-5260.152650508628,-1430.6084935864542,20640,4128
273,24,4152,-12145.229474392334,-5138.214319686065,-1401.4030309412537,-7007.015154706269,-1681.2723509970251,-1182.9659127073198,120,24,False,-1293.294516405817,-1472.1659069341224,-1182.9659127073198,-1377.3164676619836,-1681.2723509970251,-12285.546635403374,-5192.431701818829,-1418.6229867169084,20760,4152
274,24,4176,-12915.134735989237,-5619.4026618298685,-1459.1464148318737,-7295.7320741593685,-1762.312659356127,-1232.0945614210063,120,24,False,-1328.905952182191,-1556.529787915128,-1232.0945614210063,-1415.8891132849164,-1762.312659356127,-12531.217907556007,-5325.45011492225,-1441.1535585267516,20880,4176
275,24,4200,-18587.011845701934,-8439.984292488067,-2029.4055106427738,-10147.02755321387,-2514.6433646533033,-1715.1033707729346,120,24,False,-1807.9642504678043,-2131.6883082988643,-1715.1033707729346,-1977.6282590209635,-2514.6433646533033,-12982.026164569063,-5554.1561798196535,-1485.5739969498816,21000,4200
276,24,4224,-6856.815202681304,-2182.1072557304565,-934.9415893901696,-4674.707946950848,-1151.4244507493167,-779.1150963688818,120,24,False,-868.4072414647297,-995.9371273310875,-779.1150963688818,-879.8240310368321,-1151.4244507493167,-12329.583041318328,-5208.682736041238,-1424.1800610554178,21120,4224
277,24,4248,-13289.908050843627,-5729.079317463926,-1512.1657466759402,-7560.828733379702,-1873.5683606731513,-1270.7837763345062,120,24,False,-1348.7167347295137,-1597.5440818353047,-1270.7837763345062,-1470.215779807225,-1873.5683606731513,-12372.494611073775,-5231.508068190684,-1428.197308576618,21240,4248
278,24,4272,-8341.029204462193,-3282.121407418219,-1011.7815594087948,-5058.907797043974,-1212.6312056214508,-851.3692527247715,120,24,False,-952.0084295004739,-1059.1581671132974,-851.3692527247715,-983.7407420839797,-1212.6312056214508,-12065.87666459069,-5077.695219787756,-1397.6362889605866,21360,4272
279,24,4296,-10298.146578308879,-4275.6361580149505,-1204.5020840587856,-6022.510420293928,-1493.9762594957072,-1001.9024557662085,120,24,False,-1094.5182024347496,-1285.8246352957262,-1001.9024557662085,-1146.2888673015368,-1493.9762594957072,-11959.003275010857,-5028.164833705706,-1386.16768826103,21480,4296
280,24,4320,-14066.661235415735,-6085.337139767047,-1596.2648191297376,-7981.324095648688,-1919.3785273077124,-1352.5240487458452,120,24,False,-1447.4534483323057,-1697.8375421108856,-1352.5240487458452,-1564.130529151939,-1919.3785273077124,-12146.457533775474,-5123.217236008699,-1404.6480595533544,21600,4320
281,24,4344,-18420.57420717268,-8325.578876293279,-2018.9990661758807,-10094.995330879403,-2473.7943255336595,-1724.8119591133575,120,24,False,-1834.875846527248,-2102.6520386603684,-1724.8119591133575,-1958.8611610447708,-2473.7943255336595,-12166.656630430603,-5131.836253883213,-1406.9640753094782,21720,4344
282,24,4368,-10386.28014801687,-4293.753400957932,-1218.5053494117874,-6092.526747058937,-1490.6998273560089,-1018.5631235205144,120,24,False,-1095.6037088442226,-1310.1198685253632,-1018.5631235205144,-1177.5402188128278,-1490.6998273560089,-12130.542423694866,-5117.50922409128,-1402.606639920718,21840,4368
283,24,4392,-11783.250258158008,-5016.506470274103,-1353.3487575767808,-6766.743787883905,-1649.552329836277,-1145.4554402319172,120,24,False,-1239.011062804969,-1418.275240480552,-1145.4554402319172,-1314.4497145301898,-1649.552329836277,-11817.079520997815,-4960.395809940226,-1371.3367422115182,21960,4392
284,24,4416,-16507.02626235888,-7405.867237847291,-1820.2318049023174,-9101.159024511588,-2210.213261479633,-1526.6427961871045,120,24,False,-1654.3583360949656,-1933.1464820911758,-1526.6427961871045,-1776.7981486587087,-2210.213261479633,-12076.713438659424,-5091.446606492743,-1397.0533664333361,22080,4416
285,24,4440,-15790.646066894442,-6930.90984262286,-1771.947244854316,-8859.73622427158,-2107.4443150995385,-1503.8661256534042,120,24,False,-1640.0790606779458,-1862.5926322644152,-1503.8661256534042,-1745.7540905762773,-2107.4443150995385,-12388.68197459885,-5242.238067945056,-1429.2887813307589,22200,4440
286,24,4464,-10805.781978959094,-4502.29597826123,-1260.6972001395727,-6303.486000697863,-1551.3282524597441,-1032.4534109657668,120,24,False,-1191.584753830314,-1299.1958694580953,-1032.4534109657668,-1228.9237139839424,-1551.3282524597441,-12520.294410929459,-5313.154141979527,-1441.428053789986,22320,4464
287,24,4488,-19626.2372578038,-8916.009972444901,-2142.04545707178,-10710.2272853589,-2627.906549712516,-1825.7439880796958,120,24,False,-1947.5290517263445,-2216.740349461137,-1825.7439880796958,-2092.307346379206,-2627.906549712516,-12914.727772430755,-5511.429791717355,-1480.6595961426804,22440,4488
288,24,4512,-19438.268534826228,-8818.752692665752,-2123.9031684320953,-10619.515842160476,-2662.8534793545377,-1760.8068635556979,120,24,False,-1965.5561701860759,-2168.7071409906425,-1760.8068635556979,-2061.592188073522,-2662.8534793545377,-13366.260482880132,-5737.3088783032,-1525.790320915387,22560,4512
289,24,4536,-14283.434137615764,-6301.729466228524,-1596.340934277448,-7981.7046713872405,-1919.1282007764335,-1366.0980495383276,120,24,False,-1457.0556023289348,-1676.020180242015,-1366.0980495383276,-1563.4026385015304,-1919.1282007764335,-13311.075908645824,-5715.864478964135,-1519.0422859363382,22680,4536
290,24,4560,-8066.417972154403,-3118.5351421601526,-989.5765659988501,-4947.882829994251,-1307.540784896865,-795.9485048552283,120,24,False,-879.9344002341907,-1016.7746883059451,-795.9485048552283,-947.6844517020214,-1307.540784896865,-13028.382786002732,-5577.7433067631455,-1490.1278958479174,22800,4560
291,24,4584,-15009.443128383367,-6556.586276503047,-1690.5713703760641,-8452.85685188032,-2100.6680528629554,-1400.9167473212856,120,24,False,-1547.529112969553,-1756.7453978975816,-1400.9167473212856,-1646.9975408289458,-2100.6680528629554,-13278.262475519263,-5704.706024141252,-1514.7112902756028,22920,4584
292,24,4608,-13400.119812917832,-5811.343264948682,-1517.75530959383,-7588.77654796915,-1906.20530022427,-1261.7499247408784,120,24,False,-1365.8315287068938,-1587.0132774797137,-1261.7499247408784,-1467.9765168173933,-1906.20530022427,-13500.870804652828,-5837.487558680317,-1532.6766491945025,23040,4608
293,24,4632,-8360.110706975596,-3124.6076036097056,-1047.1006206731781,-5235.503103365891,-1261.0021309257652,-874.3783044043189,120,24,False,-1018.6451342862395,-1077.2393212410352,-874.3783044043189,-1004.2382125085317,-1261.0021309257652,-13311.614866281994,-5736.8072228764995,-1514.961528681099,23160,4632
294,24,4656,-13501.24280831301,-5830.538958394846,-1534.1407699836327,-7670.7038499181635,-1857.237350428687,-1297.859112320685,120,24,False,-1404.717323672324,-1605.3408382428338,-1297.859112320685,-1505.5492252536333,-1857.237350428687,-13340.920269898183,-5747.364037704748,-1518.7112464386869,23280,4656
295,24,4680,-15029.738972587274,-6647.058334166482,-1676.5361276841584,-8382.680638420792,-2057.2401385700177,-1425.0910049845108,120,24,False,-1533.156638585985,-1745.5988092923094,-1425.0910049845108,-1621.59404698797,-2057.2401385700177,-13163.056626242449,-5657.71773978867,-1501.067777290756,23400,4680
296,24,4704,-11662.820866652506,-4882.15557184314,-1356.133058961873,-6780.665294809365,-1699.8870787344135,-1125.2331510657611,120,24,False,-1237.4795557733535,-1391.7424502211522,-1125.2331510657611,-1326.323059014684,-1699.8870787344135,-13403.35690944101,-5792.720155594304,-1522.127350769341,23520,4704
297,24,4728,-8397.790020310696,-3176.451120610956,-1044.2677799399482,-5221.338899699741,-1267.04628591073,-887.4218531848833,120,24,False,-961.5909898887447,-1100.0298012088185,-887.4218531848833,-1005.2499695065643,-1267.04628591073,-13158.751007914363,-5665.088745751655,-1498.7324524325418,23640,4728
298,24,4752,-19578.483005540395,-8919.684743087299,-2131.759652490619,-10658.798262453094,-2586.997250734022,-1811.0652804430704,120,24,False,-1936.6913947676117,-2245.8740498708166,-1811.0652804430704,-2078.1702866375726,-2586.997250734022,-13720.623697968273,-5946.966912535108,-1554.7313570866327,23760,4752
299,24,4776,-13288.101937140978,-5675.378682527529,-1522.5446509226897,-7612.723254613448,-1920.9327804122047,-1268.7347631238001,120,24,False,-1340.447484669336,-1600.2025708057308,-1268.7347631238001,-1482.4056556023756,-1920.9327804122047,-13870.121465909877,-6016.9540387607385,-1570.633485429828,23880,4776
300,24,4800,-21451.789987399872,-9845.208071793313,-2321.316383121312,-11606.581915606559,-2835.519444795768,-1977.9687242787854,120,24,False,-2100.0892075288775,-2430.4885876768262,-1977.9687242787854,-2262.515951326303,-2835.519444795768,-14239.377903509085,-6204.9475853620515,-1606.8860636294066,24000,4800
301,24,4824,-20776.04218748293,-9500.451478838084,-2255.118141728969,-11275.590708644846,-2777.8906050261653,-1914.2486023406173,120,24,False,-2046.836358534987,-2350.784589630375,-1914.2486023406173,-2185.830553112702,-2777.8906050261653,-14357.151302524599,-6263.6912154892925,-1618.6920174070613,24120,4824
302,24,4848,-15548.587740483079,-6861.0125938908295,-1737.51502931845,-8687.57514659225,-2179.0377248438886,-1423.833666290329,120,24,False,-1586.9146385909164,-1816.8009807647236,-1423.833666290329,-1680.9881361023913,-2179.0377248438886,-14615.266682147907,-6392.054175135937,-1644.6425014023941,24240,4848
303,24,4872,-15810.684777340319,-7035.140026368454,-1755.108950194373,-8775.544750971865,-2165.891806618617,-1462.9431002015845,120,24,False,-1590.4171245744496,-1855.212119304557,-1462.9431002015845,-1701.0806002726554,-2165.891806618617,-14816.638408107023,-6492.985852940654,-1664.730511033274,24360,4872
304,24,4896,-8778.461752021494,-3330.852363629999,-1089.521877678299,-5447.609388391495,-1387.9402717193145,-917.2140530705393,120,24,False,-983.6721467125026,-1115.8582606240584,-917.2140530705393,-1042.9246562650799,-1387.9402717193145,-14430.210182590154,-6289.235109229789,-1628.1950146720728,24480,4896
305,24,4920,-10267.2367225507,-4208.008422498536,-1211.845660010433,-6059.228300052165,-1594.5726648421144,-1016.9353708876963,120,24,False,-1076.661329745961,-1230.8363582549432,-1016.9353708876963,-1140.22257632145,-1594.5726648421144,-14154.039715372968,-6153.090038223572,-1600.1899354298787,24600,4920
306,24,4944,-14210.415341146558,-6231.373951054771,-1595.8082780183572,-7979.0413900917865,-1991.7757321029524,-1334.7435515879235,120,24,False,-1436.2753021198891,-1674.6776494826856,-1334.7435515879235,-1541.5691547983358,-1991.7757321029524,-14324.27138348234,-6239.543936863249,-1616.9454893238178,24720,4944
307,24,4968,-19076.61254149885,-8668.896949017464,-2081.543118496277,-10407.715592481385,-2568.891684069305,-1752.3519643819359,120,24,False,-1891.902602426548,-2179.3425503522703,-1752.3519643819359,-2015.2267912513257,-2568.891684069305,-14296.790147667092,-6227.188285691877,-1613.9203723950427,24840,4968
308,24,4992,-12345.483977596065,-5025.287463859226,-1464.0393027473679,-7320.196513736839,-1817.5442571225044,-1218.9264270173958,120,24,False,-1366.5332292483522,-1510.4125598076948,-1218.9264270173958,-1406.7800405408923,-1817.5442571225044,-13942.150919805583,-6037.515024251552,-1580.9271791108065,24960,4992
309,24,5016,-13808.066403388897,-6010.489042420353,-1559.5154721937085,-7797.577360968543,-1972.741319448692,-1313.7966214352618,120,24,False,-1389.4932093246296,-1610.203967532605,-1313.7966214352618,-1511.3422432273549,-1972.741319448692,-13918.38253309424,-6022.953003061142,-1579.0859060066193,25080,5016
310,24,5040,-17294.272768774408,-7780.152711556409,-1902.8240114436,-9514.120057218,-2347.5254475683337,-1588.6067967577937,120,24,False,-1710.383785772739,-2018.0126111874347,-1588.6067967577937,-1849.5914159316992,-2347.5254475683337,-14379.775272925242,-6256.033881530956,-1624.748278278857,25200,5040
311,24,5064,-7421.220136314445,-2615.21021560508,-961.2019841418729,-4806.009920709364,-1204.0136595076015,-771.5477881297098,120,24,False,-922.2402391698529,-1006.084419829449,-771.5477881297098,-902.1238140727514,-1204.0136595076015,-14000.364123321797,-6058.965078486058,-1588.2798089671473,25320,5064
312,24,5088,-8850.84522018867,-3246.101454477108,-1120.9487531423124,-5604.743765711562,-1402.7982730953606,-927.3507223047724,120,24,False,-1043.3253270772957,-1150.6812458789461,-927.3507223047724,-1080.588197355187,-1402.7982730953606,-13772.900393685337,-5930.702987962479,-1568.4394811445713,25440,5088
313,24,5112,-13159.890963619004,-5587.92789381124,-1514.3926139615528,-7571.9630698077635,-1880.7517805453606,-1277.3749558663233,120,24,False,-1365.446822018867,-1568.0355076389949,-1277.3749558663233,-1480.3540037382181,-1880.7517805453606,-14012.889406517508,-6053.8690024725565,-1591.8040808089904,25560,5112
314,24,5136,-18153.78858432934,-8216.480215318103,-1987.4616738022476,-9937.308369011238,-2476.350820786409,-1672.6425646005416,120,24,False,-1814.592531243936,-2079.5114049697577,-1672.6425646005416,-1894.2110474105941,-2476.350820786409,-14245.516695318325,-6173.166065318719,-1614.470125999921,25680,5136
315,24,5160,-7080.647119229773,-2284.4134060591823,-959.2467426341182,-4796.233713170591,-1306.847142152728,-795.492593479419,120,24,False,-805.8382771175125,-990.8129935722243,-795.492593479419,-897.2427068487067,-1306.847142152728,-13848.062102650449,-5955.0338189133545,-1578.605656747419,25800,5160
316,24,5184,-15648.290925487712,-6917.852129766411,-1746.08775914426,-8730.4387957213,-2201.6172948132867,-1431.6051867700264,120,24,False,-1620.7905241048022,-1797.2312474947798,-1431.6051867700264,-1679.1945425384044,-2201.6172948132867,-14047.335605592209,-6056.818646809517,-1598.1033917565385,25920,5184
317,24,5208,-15858.418911099106,-7051.0214367275485,-1761.4794948743115,-8807.397474371557,-2189.60984827293,-1478.4688888815836,120,24,False,-1593.2274810743677,-1852.6235969392735,-1478.4688888815836,-1693.467659203402,-2189.60984827293,-14420.367050131628,-6250.547162615347,-1633.9639775032565,26040,5208
318,24,5232,-13249.490215573995,-5761.309829085438,-1497.6360772977114,-7488.180386488557,-1885.9436550968974,-1243.43894059785,120,24,False,-1358.6600365864529,-1561.2608424385046,-1243.43894059785,-1438.8769117688514,-1885.9436550968974,-14103.917410633308,-6092.628416915254,-1602.2577987436111,26160,5232
319,24,5256,-8070.526207777219,-2889.6305381797915,-1036.1791339194854,-5180.895669597427,-1369.6646412084933,-846.2428250414766,120,24,False,-954.4714752627247,-1047.8817341946265,-846.2428250414766,-962.6349938901055,-1369.6646412084933,-13843.03862416512,-5953.341009697868,-1577.9395228934509,26280,5256
320,24,5280,-19115.944503282655,-8656.701489923154,-2091.8486026719006,-10459.243013359503,-2669.6725320499486,-1729.7725521414832,120,24,False,-1882.1676989782482,-2189.045351284659,-1729.7725521414832,-1988.5848789051643,-2669.6725320499486,-13726.24634995926,-5893.915680604359,-1566.4661338709805,26400,5280
321,24,5304,-13808.716567084008,-5988.9858415907065,-1563.9461450986603,-7819.730725493301,-2068.039656585678,-1286.536034640969,120,24,False,-1395.4718906777985,-1577.7742535241425,-1286.536034640969,-1491.9088900647125,-2068.039656585678,-13377.880068939314,-5718.34239874199,-1531.907534039465,26520,5304
322,24,5328,-16021.374226344564,-7085.882203554988,-1787.0984045579148,-8935.492022789575,-2280.3205851330395,-1485.199907928044,120,24,False,-1630.492690940275,-1841.848090700314,-1485.199907928044,-1697.6307480879036,-2280.3205851330395,-13401.51939323239,-5729.5858792251975,-1534.386702801438,26640,5328
323,24,5352,-17224.051520985744,-7749.230029252493,-1894.96429834665,-9474.82149173325,-2382.422030565086,-1557.8677554437272,120,24,False,-1721.129710230262,-2026.3806551941527,-1557.8677554437272,-1787.0213403000216,-2382.422030565086,-13472.187730414662,-5765.2903793694,-1541.379470209052,26760,5352
324,24,5376,-14994.508890525405,-6619.664560979223,-1674.9688659092365,-8374.844329546182,-2130.1675291014813,-1406.7341956762764,120,24,False,-1486.233753867889,-1741.5331132825113,-1406.7341956762764,-1610.1757376180235,-2130.1675291014813,-13782.990087339858,-5929.73098923686,-1570.6518196205989,26880,5376
325,24,5400,-12957.796874825184,-5589.494376231433,-1473.66049971875,-7368.30249859375,-1908.3976528310327,-1212.4393886697608,120,24,False,-1324.333088479643,-1521.4666485199289,-1212.4393886697608,-1401.665720093385,-1908.3976528310327,-13917.518094953582,-5998.805286923505,-1583.7425616060145,27000,5400
326,24,5424,-11401.209121183594,-4651.687804187664,-1349.904263399186,-6749.52131699593,-1669.7192453057792,-1128.98312749802,120,24,False,-1238.7651111594475,-1410.424103826367,-1128.98312749802,-1301.6297292063155,-1669.7192453057792,-13777.057783955435,-5919.82097958015,-1571.4473608750561,27120,5424
327,24,5448,-13110.146836316744,-5608.703358700987,-1500.288695523151,-7501.443477615756,-1890.7789353794237,-1271.6428136443058,120,24,False,-1348.7583433349919,-1552.8420526357302,-1271.6428136443058,-1437.4213326213037,-1890.7789353794237,-13478.734498696325,-5766.811300064327,-1542.3846397263997,27240,5448
328,24,5472,-9743.398524373784,-3896.4357306324046,-1169.392558748276,-5846.962793741381,-1587.4443627574244,-945.1501597868894,120,24,False,-1043.6902017082812,-1189.4828077247648,-945.1501597868894,-1081.1952617640209,-1587.4443627574244,-13348.630226035213,-5710.368713402986,-1527.6523025264455,27360,5472
329,24,5496,-15887.101216319203,-7043.453437941722,-1768.7295556754962,-8843.64777837748,-2205.695399849688,-1454.0892696145581,120,24,False,-1615.174077063227,-1868.5490934750233,-1454.0892696145581,-1700.1399383749836,-2205.695399849688,-13452.581966681726,-5762.016933179055,-1538.1130067005347,27480,5496
330,24,5520,-16647.64447823457,-7369.581943719505,-1855.6125069030131,-9278.062534515066,-2442.877262911179,-1518.1097931065742,120,24,False,-1697.9849913080327,-1892.7413563211853,-1518.1097931065742,-1726.3491308680943,-2442.877262911179,-13420.250552154737,-5741.4883947872095,-1535.7524314735053,27600,5520
331,24,5544,-14411.46661693815,-6295.779819315533,-1623.1373595245236,-8115.686797622618,-2039.034268595031,-1369.5062460560775,120,24,False,-1476.4667814795503,-1694.296882524811,-1369.5062460560775,-1536.3826189671481,-2039.034268595031,-13769.76287618592,-5925.516874972732,-1568.8492002426378,27720,5544
332,24,5568,-13503.302125314905,-5837.659456282594,-1533.1285338064622,-7665.642669032311,-2000.6289592275652,-1248.217073476521,120,24,False,-1390.755717041892,-1571.0589615787883,-1248.217073476521,-1454.981957707544,-2000.6289592275652,-14002.385721442231,-6055.094775063006,-1589.4581892758454,27840,5568
333,24,5592,-13318.760193516206,-5745.922174484548,-1514.5676038063314,-7572.838019031657,-1965.729701071689,-1251.503883793276,120,24,False,-1343.9129422655337,-1564.1316275642844,-1251.503883793276,-1447.559864336873,-1965.729701071689,-14010.329182937096,-6062.994489096671,-1589.4669387680844,27960,5592
334,24,5616,-19294.60210474389,-8742.483177878454,-2110.4237853730874,-10552.118926865438,-2670.7059604249616,-1743.3900726091601,120,24,False,-1910.5348941449536,-2201.1725346422613,-1743.3900726091601,-2026.3154650441031,-2670.7059604249616,-14067.369858957822,-6089.294637224689,-1595.6150443466263,28080,5616
335,24,5640,-8655.897515114164,-3381.287327708762,-1054.9220374810802,-5274.610187405401,-1383.3939349586203,-867.2421359071786,120,24,False,-964.7751701509563,-1082.278179655947,-867.2421359071786,-976.9207667326986,-1383.3939349586203,-14146.132378752041,-6144.138333307168,-1600.3988090889745,28200,5640
336,24,5664,-20735.132794809913,-9372.018530298512,-2272.62285290228,-11363.114264511401,-2833.687341187008,-1905.4168099375383,120,24,False,-2087.1549328858982,-2351.4222027919186,-1905.4168099375383,-2185.432977709038,-2833.687341187008,-14400.474472218153,-6266.846653333773,-1626.7255637768753,28320,5664
337,24,5688,-14677.414707019336,-6408.892145179667,-1653.7045123679338,-8268.522561839669,-2184.909229409706,-1347.8960517341616,120,24,False,-1485.7000485645706,-1691.8331221003816,-1347.8960517341616,-1558.1841100308484,-2184.909229409706,-14341.424262014163,-6234.740188756379,-1621.3368146515566,28440,5688
338,24,5712,-13195.824127801545,-5693.850052522289,-1500.394815055851,-7501.974075279255,-1991.910327602563,-1233.3370154515635,120,24,False,-1332.134434203592,-1531.1190144551754,-1233.3370154515635,-1413.4732835663613,-1991.910327602563,-14338.740957625536,-6231.367199928222,-1621.4747515394636,28560,5712
339,24,5736,-9968.348697797668,-4032.304871760008,-1187.208765207532,-5936.04382603766,-1626.69154632699,-935.4717126406805,120,24,False,-1069.6388574649834,-1214.321760856128,-935.4717126406805,-1089.9199487488781,-1626.69154632699,-14433.63208212656,-6288.500916607232,-1629.0262331038657,28680,5736
340,24,5760,-24048.965444711,-10932.575714855104,-2623.2779459711796,-13116.389729855899,-3274.312035271979,-2215.532129798829,120,24,False,-2366.0740418224764,-2709.977708989671,-2215.532129798829,-2550.4938139729447,-3274.312035271979,-14680.283129197978,-6402.29462785383,-1655.5977002688298,28800,5760
341,24,5784,-14770.573110585814,-6439.436677227333,-1666.2272866716962,-8331.13643335848,-2174.75402467299,-1370.2465728849863,120,24,False,-1494.745314259364,-1711.483508564056,-1370.2465728849863,-1579.9070129770832,-2174.75402467299,-14728.375956373067,-6424.817169635661,-1660.7117573474814,28920,5784
342,24,5808,-15877.65583211499,-6995.517092732051,-1776.4277478765878,-8882.13873938294,-2297.0648176751633,-1472.1734297210312,120,24,False,-1601.7866715101736,-1832.9739933788453,-1472.1734297210312,-1678.1398270977254,-2297.0648176751633,-14721.190036661588,-6420.298914094515,-1660.1782245134152,29040,5808
343,24,5832,-33400.45877211784,-15823.743299209653,-3515.3430945816376,-17576.71547290819,-4348.4234970132475,-2965.634445235318,120,24,False,-3194.510256821573,-3685.1027686673915,-2965.634445235318,-3383.044505170659,-4348.4234970132475,-15530.010399218198,-6824.024577592373,-1741.1971643251643,29160,5832
344,24,5856,-14557.997210214116,-6372.315521081753,-1637.1363378264728,-8185.681689132363,-2055.272783934724,-1381.0636331502567,120,24,False,-1471.3938945002444,-1722.1105439422006,-1381.0636331502567,-1555.8408336049367,-2055.272783934724,-15508.18481520263,-6811.6571255974995,-1739.3055379210261,29280,5856
345,24,5880,-16221.040381061215,-7249.460509715797,-1794.3159742690837,-8971.579871345419,-2196.5094123291606,-1505.8325131183733,120,24,False,-1621.964700633092,-1906.1197796726537,-1505.8325131183733,-1741.1534655921387,-2196.5094123291606,-15671.34699051443,-6894.655432271718,-1755.3383116485431,29400,5880
346,24,5904,-12352.224772653728,-5271.850352029272,-1416.074884124891,-7080.3744206244555,-1785.5935119061778,-1170.6610495391487,120,24,False,-1280.006914522047,-1487.6741572815477,-1170.6610495391487,-1356.4387873755343,-1785.5935119061778,-15718.897773087938,-6925.663559663796,-1758.6468426848282,29520,5904
347,24,5928,-12026.1909098311,-5114.66848376018,-1382.304485214184,-6911.52242607092,-1749.921552293141,-1130.7703809624759,120,24,False,-1253.8316779287895,-1468.791510846606,-1130.7703809624759,-1308.2073040399073,-1749.921552293141,-15664.699976763655,-6900.961815916756,-1752.74763216938,29640,5928
348,24,5952,-11025.606048291907,-4392.795921056882,-1326.562025447005,-6632.810127235025,-1656.734859970208,-1097.227798139064,120,24,False,-1264.3053081441722,-1366.4158189971265,-1097.227798139064,-1248.1263419844538,-1656.734859970208,-15728.81035295956,-6925.7798254379795,-1760.6061055043167,29760,5952
349,24,5976,-15658.85882810632,-6938.9797633719545,-1743.975812946873,-8719.879064734365,-2189.6338983038813,-1474.2177569828623,120,24,False,-1590.6663350969552,-1801.3043042351542,-1474.2177569828623,-1664.0567701155114,-2189.6338983038813,-15717.398233548916,-6920.556141709494,-1759.3684183678856,29880,5976
350,24,6000,-7754.204865598054,-2812.3562684469193,-988.369719430227,-4941.8485971511345,-1292.4230015043074,-806.4593501958101,120,24,False,-899.0299338726861,-1007.5449054558396,-806.4593501958101,-936.3914061224909,-1292.4230015043074,-15272.726252917093,-6692.694857945864,-1716.0062789942463,30000,6000
351,24,6024,-13612.966106799495,-5938.271239855024,-1534.9389733888943,-7674.694866944471,-1910.439555925421,-1283.7901874887423,120,24,False,-1399.6970419113854,-1612.6206520578564,-1283.7901874887423,-1468.1474295610658,-1910.439555925421,-15232.80122741016,-6674.819428972839,-1711.5963596874644,30120,6024
352,24,6048,-8589.020395856365,-3214.1928081363344,-1074.9655175440062,-5374.827587720031,-1359.3457664582513,-907.4531625195879,120,24,False,-972.8243725349146,-1106.8480607099934,-907.4531625195879,-1028.3562254972844,-1359.3457664582513,-14987.087140937234,-6543.646096565525,-1688.6882088743416,30240,6048
353,24,6072,-8936.27475347972,-3525.582871343434,-1082.1383764272573,-5410.691882136286,-1452.2518816587824,-895.183880109402,120,24,False,-955.6359579812258,-1092.9968308708699,-895.183880109402,-1014.6233315160061,-1452.2518816587824,-14767.962868935405,-6432.629131408468,-1667.0667475053876,30360,6072
354,24,6096,-7742.611186568096,-2596.7509851104564,-1029.172040291528,-5145.86020145764,-1274.763378454302,-831.3103824066405,120,24,False,-923.3621029035394,-1136.5749006699891,-831.3103824066405,-979.8494370231689,-1274.763378454302,-14190.363323026619,-6125.342521770069,-1613.00416025131,30480,6096
355,24,6120,-8547.385109874656,-3326.562043498644,-1044.1646132752023,-5220.823066376011,-1363.8449768964017,-878.7691663275479,120,24,False,-966.153012230989,-1044.9465052019748,-878.7691663275479,-967.109405719098,-1363.8449768964017,-14184.937702764644,-6122.606257559563,-1612.4662890410161,30600,6120
356,24,6144,-9165.693629364438,-3575.6891710650702,-1118.0008916598733,-5590.004458299367,-1376.3551058461692,-925.2407808038432,120,24,False,-1019.4751389640252,-1186.79651674273,-925.2407808038432,-1082.1369159426,-1376.3551058461692,-13606.46574449237,-5832.789789597891,-1554.735190978896,30720,6144
357,24,6168,-7205.161297774737,-2547.0460780620183,-931.6230439425439,-4658.115219712719,-1204.5358105718742,-750.7670519391942,120,24,False,-866.8610447041206,-961.3271459703876,-750.7670519391942,-874.6241665271423,-1204.5358105718742,-13232.853074030141,-5639.697486242008,-1518.6311175576263,30840,6168
358,24,6192,-19102.640975171482,-8670.198829476023,-2086.488429139092,-10432.44214569546,-2605.250038400929,-1761.6572509244659,120,24,False,-1876.9700076452496,-2169.4475472694503,-1761.6572509244659,-2019.1173014553663,-2605.250038400929,-13528.193916398635,-5788.514925089696,-1547.9357982617887,30960,6192
359,24,6216,-6600.9841019068535,-2047.3508154374706,-910.7266572938767,-4553.633286469383,-1192.2426551575447,-747.8042856999351,120,24,False,-774.0793436024676,-978.4679974319411,-747.8042856999351,-861.0390045774944,-1192.2426551575447,-13359.825686604096,-5689.267222273569,-1534.1116928661056,31080,6216
360,24,6240,-11320.628881588826,-4641.961165770608,-1335.7335431636434,-6678.667715818217,-1846.348309356364,-1084.6813139688677,120,24,False,-1189.9891475800512,-1319.0387031258329,-1084.6813139688677,-1238.6102417871014,-1846.348309356364,-12723.408858447987,-5374.736494819344,-1469.734472725729,31200,6240
361,24,6264,-19751.956212385376,-8992.467691033178,-2151.89770427044,-10759.4885213522,-2666.482352067192,-1824.6065719971944,120,24,False,-1958.7076035342564,-2247.8013360183104,-1824.6065719971944,-2061.8906577352464,-2666.482352067192,-12972.478013537966,-5502.388045509636,-1494.0179936056657,31320,6264
362,24,6288,-8693.650865456575,-3272.885554471448,-1084.1530621970255,-5420.765310985127,-1358.2020160833674,-904.4365697867038,120,24,False,-1010.8401935131504,-1120.258523871543,-904.4365697867038,-1027.028007730363,-1358.2020160833674,-12613.277765205046,-5316.256468596606,-1459.4042593216877,31440,6288
363,24,6312,-6670.729910859454,-2058.328975746385,-922.480187022614,-4612.40093511307,-1195.2001604924296,-744.2943768655803,120,24,False,-778.7982661288999,-1032.0933898730243,-744.2943768655803,-862.014741753135,-1195.2001604924296,-11276.791322142128,-4627.985752423442,-1329.7611139437367,31560,6312
364,24,6336,-19517.3537672872,-8847.258088673687,-2134.0191357227027,-10670.095678613514,-2668.34715645506,-1782.4372803334522,120,24,False,-1936.5122117884082,-2238.3893946583985,-1782.4372803334522,-2044.409635378194,-2668.34715645506,-11524.759149995782,-4751.732880803039,-1354.6052538385484,31680,6336
365,24,6360,-8017.5667602500935,-2807.224645947169,-1042.0684228605849,-5210.3421143029245,-1287.6223588207472,-838.2951046342438,120,24,False,-940.8323914756555,-1175.659223258072,-838.2951046342438,-967.9330361142066,-1287.6223588207472,-11114.585468955225,-4529.621087614607,-1316.9928762681234,31800,6360
366,24,6384,-17108.861524245593,-7714.305999685335,-1878.9111049120518,-9394.555524560259,-2332.2554444577145,-1560.2429918797973,120,24,False,-1708.957861900576,-2011.2910691165662,-1560.2429918797973,-1781.8081572056049,-2332.2554444577145,-11352.417306534817,-4651.74386999741,-1340.1346873074813,31920,6384
367,24,6408,-18166.6524331634,-8206.025972713453,-1992.125292089989,-9960.626460449945,-2484.8656420098227,-1656.6704620431492,120,24,False,-1807.3706475231575,-2094.794182025156,-1656.6704620431492,-1916.9255268486593,-2484.8656420098227,-11659.440382701432,-4806.3117444450745,-1370.6257276512715,32040,6408
368,24,6432,-10789.819258718313,-4429.589783280564,-1272.0458950875498,-6360.229475437749,-1579.4583905269849,-1051.2456321676375,120,24,False,-1186.8362435910983,-1327.4471970410038,-1051.2456321676375,-1215.242012111025,-1579.4583905269849,-11647.651043222753,-4808.151437556259,-1367.899921133299,32160,6432
369,24,6456,-9840.00485830175,-4047.76189813408,-1158.4485920335342,-5792.24296016767,-1457.5633630227856,-976.9711179917783,120,24,False,-1047.3417089455922,-1210.3488792331648,-976.9711179917783,-1100.017890974349,-1457.5633630227856,-11356.708344732524,-4663.590544294365,-1338.623560087632,32280,6456
370,24,6480,-7040.878276617455,-2365.7375012185016,-935.0281550797908,-4675.140775398954,-1223.6654637938225,-774.544720201766,120,24,False,-838.160685117266,-961.6103511968139,-774.544720201766,-877.1595550892858,-1223.6654637938225,-11321.042015283494,-4641.259605932944,-1335.95648187011,32400,6480
371,24,6504,-10897.407940779165,-4506.600638817321,-1278.1614603923688,-6390.807301961844,-1580.0639318356675,-1053.1220451145584,120,24,False,-1196.783412097331,-1345.8210938228967,-1053.1220451145584,-1215.01681909139,-1580.0639318356675,-11185.264106982479,-4569.67607588106,-1323.117606220284,32520,6504
372,24,6528,-11575.744685660578,-4870.303969229305,-1341.0881432862545,-6705.440716431272,-1701.3581243674548,-1134.3102079311336,120,24,False,-1209.0393421659126,-1384.4674829409282,-1134.3102079311336,-1276.265559025843,-1701.3581243674548,-11334.60032147269,-4652.481633935708,-1336.4237375073963,32640,6528
373,24,6552,-15952.165399944413,-7144.717832432253,-1761.489513502432,-8807.44756751216,-2201.4152400894877,-1471.496911654375,120,24,False,-1605.6594165307608,-1861.3431299290667,-1471.496911654375,-1667.5328693084693,-2201.4152400894877,-11685.394853795922,-4833.4383819901495,-1370.3912943611551,32760,6552
374,24,6576,-21134.555717811207,-9719.922143396387,-2282.9267148829645,-11414.633574414822,-2830.263693435127,-1911.8284774531355,120,24,False,-2062.365950058461,-2422.9145704671714,-1911.8284774531355,-2187.2608830009267,-2830.263693435127,-12354.992080358079,-5189.596939904445,-1433.0790280907265,32880,6576
375,24,6600,-14631.248581081933,-6326.532299118346,-1660.9432563927173,-8304.716281963587,-2000.2887328731736,-1380.5788493940008,120,24,False,-1616.4241837863817,-1725.3083175364427,-1380.5788493940008,-1582.1161983735876,-2000.2887328731736,-12659.185253918442,-5339.595452685431,-1463.9179602466024,33000,6600
376,24,6624,-19142.10339321768,-8707.642311872285,-2086.8922162690787,-10434.461081345395,-2514.6064312144244,-1780.7950967678967,120,24,False,-1927.7222634750924,-2183.365941714631,-1780.7950967678967,-2027.9713481733518,-2514.6064312144244,-13158.005742111103,-5596.193109725791,-1512.3625264770628,33120,6624
377,24,6648,-9849.589531822412,-4001.574620283901,-1169.6029823077022,-5848.014911538511,-1440.8878786881878,-977.3203199521747,120,24,False,-1067.1647939617067,-1243.37067486401,-977.3203199521747,-1119.2712440724313,-1440.8878786881878,-13290.227153813486,-5668.9195368368855,-1524.2615233953206,33240,6648
378,24,6672,-20241.233442455632,-9259.647833914982,-2196.3171217081303,-10981.585608540652,-2704.954727623367,-1840.7369567294065,120,24,False,-1996.0300099753454,-2322.1851600348077,-1840.7369567294065,-2117.678754177727,-2704.954727623367,-13347.156777177695,-5698.391987058833,-1529.7529580237726,33360,6672
379,24,6696,-11148.294845777287,-4612.0546843233815,-1307.2480322907813,-6536.240161453907,-1640.8446325044638,-1102.7603673059195,120,24,False,-1175.4719799514019,-1382.835441398211,-1102.7603673059195,-1234.3277402939107,-1640.8446325044638,-13574.522314371217,-5826.627180503128,-1549.579026773618,33480,6696
380,24,6720,-17330.15329904043,-7733.845362427401,-1919.2615873226055,-9596.307936613028,-2334.212351812558,-1606.6057149554422,120,24,False,-1777.5618568496757,-2015.7525818785266,-1606.6057149554422,-1862.175431116825,-2334.212351812558,-13874.9985352438,-5981.221390335968,-1578.7554289815657,33600,6720
381,24,6744,-14385.618605403557,-6184.474154397231,-1640.2288902012654,-8201.144451006327,-2004.7951780212916,-1388.9250476294135,120,24,False,-1481.2749805500725,-1725.8492074660087,-1388.9250476294135,-1600.3000373395407,-2004.7951780212916,-13606.681654894704,-5840.8217135041705,-1553.171988278107,33720,6744
382,24,6768,-13530.53199449538,-5886.356932657947,-1528.8350123674868,-7644.1750618374335,-1898.7005539250729,-1287.3123725163628,120,24,False,-1389.085951573761,-1600.9027482159145,-1287.3123725163628,-1468.1734356063228,-1898.7005539250729,-13848.525711346645,-5971.495282413495,-1575.4060857866302,33840,6768
383,24,6792,-14074.584094946507,-6108.122651484304,-1593.2922886924407,-7966.4614434622035,-1927.6861040349572,-1353.272433106927,120,24,False,-1475.615419363651,-1673.7088798504315,-1353.272433106927,-1536.1786071062365,-1927.6861040349572,-14218.718420550998,-6173.984966200392,-1608.9466908701215,33960,6792
384,24,6816,-18507.80318597414,-8390.649442076032,-2023.4307487796214,-10117.153743898107,-2498.3854795886045,-1698.1319598112848,120,24,False,-1851.3220790117725,-2132.6795676931624,-1698.1319598112848,-1936.6346577932813,-2498.3854795886045,-14168.240891485348,-6151.154533870509,-1603.4172715229674,34080,6816
385,24,6840,-17994.31647239182,-8020.657045442873,-1994.7318853897893,-9973.659426948947,-2419.008139386661,-1696.310526082391,120,24,False,-1802.5736082345936,-2106.6451495952565,-1696.310526082391,-1949.1220036500454,-2419.008139386661,-14667.078377092432,-6411.826153845294,-1651.0504446494276,34200,6840
386,24,6864,-11704.154043296201,-4823.401076002614,-1376.1505934587174,-6880.752967293587,-1708.9378443153605,-1121.054925444565,120,24,False,-1223.8839553729508,-1563.6421485465532,-1121.054925444565,-1263.2340936141577,-1708.9378443153605,-14396.843003044962,-6267.2809076611575,-1625.9124190767611,34320,6864
387,24,6888,-12206.070488200428,-5092.563154294893,-1422.701466781107,-7113.507333905535,-1770.3861801223,-1194.7694217792996,120,24,False,-1301.763520820809,-1475.5808198846798,-1194.7694217792996,-1371.0073912984462,-1770.3861801223,-14098.813905796813,-6111.60776674023,-1597.441227811317,34440,6888
388,24,6912,-13478.766438780316,-5763.464280310536,-1543.0604316939562,-7715.302158469781,-1917.628513805226,-1294.9193313111225,120,24,False,-1392.8041572001043,-1616.2144952327,-1294.9193313111225,-1493.7356609206272,-1917.628513805226,-14233.261264799914,-6178.301491591729,-1610.9919546416372,34560,6912
389,24,6936,-18856.164557601278,-8562.006779904745,-2058.8315555393065,-10294.157777696533,-2439.1483686364536,-1770.204432407437,120,24,False,-1908.6013830966463,-2159.3746157344526,-1770.204432407437,-2016.8289778215444,-2439.1483686364536,-14684.06924976489,-6404.0137356802625,-1656.011102816926,34680,6936
390,24,6960,-8324.116953507339,-3078.679229002468,-1049.087544900974,-5245.43772450487,-1282.6805383800918,-874.9118657764192,120,24,False,-949.8722863926198,-1158.9751309611972,-874.9118657764192,-978.9979029945416,-1282.6805383800918,-14748.231183609387,-6439.660822069461,-1661.7140723079851,34800,6960
391,24,6984,-12108.175261423487,-5124.514488156778,-1396.7321546533417,-6983.660773266708,-1681.3589501506783,-1193.1515186100964,120,24,False,-1290.3563043377897,-1456.7777743818056,-1193.1515186100964,-1362.0162257863376,-1681.3589501506783,-14808.769549641602,-6470.5565145364335,-1667.6426070210334,34920,6984
392,24,7008,-15925.638891929248,-7118.77367322317,-1761.3730437412155,-8806.865218706078,-2171.1236242209598,-1471.8185981856232,120,24,False,-1592.6951193839727,-1874.8760774546683,-1471.8185981856232,-1696.3517994608533,-2171.1236242209598,-15026.264259955035,-6582.979999736126,-1688.6568520437813,35040,7008
393,24,7032,-5781.161498194698,-1624.036985446781,-831.4249025495834,-4157.124512747917,-1000.423167764671,-678.8892619277553,120,24,False,-774.8112943964777,-928.4041099900303,-678.8892619277553,-774.5966786689827,-1000.423167764671,-14517.714064867547,-6306.9459573868535,-1642.1536214961393,35160,7032
394,24,7056,-14293.166533660347,-6265.451749588751,-1605.5429568143195,-8027.714784071597,-1941.031212145178,-1344.0806140018317,120,24,False,-1514.8645138774937,-1680.879263962453,-1344.0806140018317,-1546.8591800846405,-1941.031212145178,-14175.644605660007,-6134.222437696471,-1608.284433592707,35280,7056
395,24,7080,-6594.167308378248,-2196.582410687894,-879.5169795380707,-4397.5848976903535,-1038.4387513813388,-751.4839059581237,120,24,False,-830.9702173379842,-925.6548884567975,-751.4839059581237,-851.0371345561099,-1038.4387513813388,-13773.790542024823,-5927.7249432749495,-1569.2131197499748,35400,7080
396,24,7104,-16053.678843243004,-7172.403029993645,-1776.255162649872,-8881.27581324936,-2134.1330012356757,-1516.3935809387267,120,24,False,-1643.4876642447168,-1877.6638581885366,-1516.3935809387267,-1709.5977086417042,-2134.1330012356757,-13619.369314526088,-5850.962979181017,-1553.6812670690144,35520,7104
397,24,7128,-19167.06568969196,-8707.315892088744,-2091.9499595206435,-10459.749797603217,-2543.902461745948,-1758.4982456162159,120,24,False,-1921.4005145308952,-2206.0788293207447,-1758.4982456162159,-2029.8697463894127,-2543.902461745948,-14085.243122419566,-6086.250042771258,-1599.7986159296615,35640,7128
398,24,7152,-18619.362619839758,-8458.968026314116,-2032.0789187051282,-10160.394593525642,-2485.9825269516327,-1707.2563369318036,120,24,False,-1859.2501683283976,-2141.482224155167,-1707.2563369318036,-1966.4233371586408,-2485.9825269516327,-14004.14958128877,-6046.216052391216,-1591.5867057795112,35760,7152
399,24,7176,-12442.522884106287,-5333.307592967779,-1421.8430582277017,-7109.215291138508,-1728.3480902751305,-1215.479711299208,120,24,False,-1300.5800908101203,-1494.2501964961154,-1215.479711299208,-1370.5572022579333,-1728.3480902751305,-14068.86098320522,-6082.278697823434,-1597.3164570763572,35880,7176
400,24,7200,-12385.157081946953,-5342.984443989856,-1408.4345275914193,-7042.172637957096,-1748.5483985798212,-1171.3947992254716,120,24,False,-1292.8008525311193,-1494.2883834681882,-1171.3947992254716,-1335.1402041524966,-1748.5483985798212,-13821.611172350546,-5962.735651901558,-1571.7751040897979,36000,7200
401,24,7224,-12909.85144698434,-5360.300989456901,-1509.9100915054878,-7549.550457527439,-1817.9544051394755,-1267.0794211684267,120,24,False,-1390.5764465666196,-1612.4192066829144,-1267.0794211684267,-1461.520977970004,-1817.9544051394755,-13747.82281442959,-5921.526993654541,-1565.2591641550093,36120,7224
402,24,7248,-18919.527440930695,-8589.44832629494,-2066.0158229271506,-10330.079114635753,-2475.3366393062665,-1768.7545373072312,120,24,False,-1906.4062718694256,-2177.229104947007,-1768.7545373072312,-2002.352561205824,-2475.3366393062665,-14017.272586751355,-6056.68156333639,-1592.1182046829924,36240,7248
403,24,7272,-7486.548997063776,-2462.031371291835,-1004.9035251543883,-5024.517625771941,-1193.802139964151,-814.9833116471433,120,24,False,-890.3887388019747,-1189.9908649096851,-814.9833116471433,-935.3525704489869,-1193.802139964151,-13687.870831857217,-5874.376999326767,-1562.6987665060897,36360,7272
404,24,7296,-14625.315584537537,-6472.051799187468,-1630.6527570700139,-8153.263785350069,-1989.6243297237634,-1352.525175033408,120,24,False,-1510.3866344482249,-1725.068413660607,-1352.525175033408,-1575.6592324840656,-1989.6243297237634,-13493.746451785386,-5778.447117182339,-1543.059866920609,36480,7296
405,24,7320,-24409.4941676772,-11343.818937756265,-2613.1350459841874,-13065.675229920937,-3161.9458480656776,-2220.515870982607,120,24,False,-2392.3459249705775,-2746.7421521956276,-2220.515870982607,-2544.1254337064474,-3161.9458480656776,-13814.505336549653,-5944.605211798009,-1573.9800249503292,36600,7320
406,24,7344,-6594.004143860812,-2104.5520757196136,-897.8904136282397,-4489.452068141199,-1099.1686011648426,-739.1210108330176,120,24,False,-815.6277333123683,-997.8352192549074,-739.1210108330176,-837.6995035760626,-1099.1686011648426,-13558.997841577886,-5808.6627617838585,-1550.0670159588055,36720,7344
407,24,7368,-17974.653094878275,-8147.576246901477,-1965.4153695953592,-9827.076847976796,-2385.39579239318,-1658.136720665523,120,24,False,-1791.7778165089637,-2090.3062857445325,-1658.136720665523,-1901.4602326645975,-2385.39579239318,-13847.426971911778,-5961.413416414189,-1577.202711099518,36840,7368
408,24,7392,-17588.268990363464,-7798.063441003216,-1958.0411098720494,-9790.205549360247,-2338.637607586115,-1678.1379982432495,120,24,False,-1803.8595195219118,-2060.870925761757,-1678.1379982432495,-1908.6994982472131,-2338.637607586115,-14052.902099490933,-6063.143374448822,-1597.9517450084227,36960,7392
409,24,7416,-8785.81056034928,-3461.330316216012,-1064.8960488266534,-5324.480244133268,-1313.3015272380608,-899.7271212155168,120,24,False,-964.9587328832812,-1127.2768609108643,-899.7271212155168,-1019.2160018855441,-1313.3015272380608,-13549.384399628334,-5808.109551264386,-1548.25496967279,37080,7416
410,24,7440,-13997.80518316936,-6065.569088972189,-1586.4472188394338,-7932.236094197169,-1910.4075202864196,-1354.7730971314027,120,24,False,-1466.8559582115001,-1671.4432555542082,-1354.7730971314027,-1528.7562630136392,-1910.4075202864196,-13833.068811111438,-5957.454044262872,-1575.1229533697128,37200,7440
411,24,7464,-19220.195399341595,-8691.646056817719,-2105.709868504775,-10528.549342523875,-2534.7683054474273,-1790.7432683189813,120,24,False,-1927.8726580793655,-2235.7838002624735,-1790.7432683189813,-2039.3813104156259,-2534.7683054474273,-14188.66981800734,-6135.810622695919,-1610.5718390622847,37320,7464
412,24,7488,-19873.916256005545,-9078.923280577239,-2158.9985950856612,-10794.992975428306,-2600.1009061643786,-1840.3866162863449,120,24,False,-1967.3222230619579,-2281.783751830717,-1840.3866162863449,-2105.3994780849084,-2600.1009061643786,-14386.083686211156,-6233.8181030636215,-1630.453116629507,37440,7488
413,24,7512,-14523.82297731656,-6311.979674366219,-1642.3686605900682,-8211.843302950341,-1969.5816229861225,-1406.6365413934143,120,24,False,-1507.4688281012102,-1731.7897077168027,-1406.6365413934143,-1596.3666027527906,-1969.5816229861225,-14823.21676016725,-6468.215237509593,-1671.0003045315311,37560,7512
414,24,7536,-8292.238551748564,-3106.269400144574,-1037.1938303207978,-5185.969151603989,-1233.8962881032394,-874.8696684956083,120,24,False,-957.6984215279314,-1113.460672574351,-874.8696684956083,-1006.0441009028594,-1233.8962881032394,-14523.17036107166,-6310.256120037384,-1642.582848206855,37680,7536
415,24,7560,-15481.067859667175,-6857.087105797872,-1724.7961507738607,-8623.980753869304,-2096.722004543223,-1475.145343409442,120,24,False,-1595.4505746699858,-1813.9197596334031,-1475.145343409442,-1642.7430716132503,-2096.722004543223,-14967.515388636108,-6543.281354792884,-1684.8468067686445,37800,7560
416,24,7584,-13197.219642870918,-5568.751602564536,-1525.6936080612763,-7628.468040306382,-1849.1175162304423,-1293.245806435936,120,24,False,-1392.2234808012788,-1610.134137942596,-1293.245806435936,-1483.7470988961284,-1849.1175162304423,-14824.692428617502,-6463.0987834214275,-1672.3187290392148,37920,7584
417,24,7608,-17528.959738894922,-7885.501561293284,-1928.6916355203277,-9643.458177601638,-2321.685201102845,-1632.64417701125,120,24,False,-1768.6360671118814,-2048.1899411960135,-1632.64417701125,-1872.3027911796491,-2321.685201102845,-14742.787131077654,-6422.0080668816545,-1664.155812839199,38040,7608
418,24,7632,-14775.531464918164,-6512.505970876557,-1652.6050988083214,-8263.025494041607,-2072.556388092174,-1368.233103414628,120,24,False,-1504.702209830435,-1765.9300874703963,-1368.233103414628,-1551.6037052339736,-2072.556388092174,-14550.59557333157,-6324.684964109778,-1645.1821218443588,38160,7632
419,24,7656,-21916.40913273036,-10085.4654621046,-2366.188734125152,-11830.943670625762,-2865.209416887833,-2006.2750161351003,120,24,False,-2169.168203207794,-2484.3191330531968,-2006.2750161351003,-2305.971901341838,-2865.209416887833,-15024.289885762777,-6562.292857566618,-1692.3994056392312,38280,7656
420,24,7680,-11197.455157782111,-4740.4136732479765,-1291.4082969068268,-6457.041484534134,-1566.3080415882312,-1109.0192499661118,120,24,False,-1183.8679255616562,-1349.9086600385654,-1109.0192499661118,-1247.9376073795688,-1566.3080415882312,-14964.904789554534,-6532.164319029525,-1686.5480941050016,38400,7680
421,24,7704,-22905.207644561415,-10570.372481066595,-2466.967032698964,-12334.83516349482,-2981.73493396501,-2101.4001592302516,120,24,False,-2256.4343548705683,-2610.5791357470716,-2101.4001592302516,-2384.6865796819193,-2981.73493396501,-15464.672599433388,-6792.66789361001,-1734.4009411646755,38520,7704
422,24,7728,-12676.518586317121,-5469.095154078084,-1441.4846864478072,-7207.423432239037,-1769.7398014789987,-1210.5627304426123,120,24,False,-1319.1323497887022,-1524.2907628911062,-1210.5627304426123,-1383.697787637617,-1769.7398014789987,-15152.52215670271,-6636.650234999167,-1703.1743843407082,38640,7728
423,24,7752,-12302.622473572384,-5290.938421185056,-1402.3368104774659,-7011.68405238733,-1710.3835379727327,-1178.2946687049296,120,24,False,-1287.3667402193678,-1477.2315048777411,-1178.2946687049296,-1358.4076006125588,-1710.3835379727327,-15393.32583052814,-6778.095587493828,-1723.0460486068619,38760,7752
424,24,7776,-8093.705310940728,-2873.5991499503593,-1044.021232198074,-5220.106160990369,-1277.7766630298963,-875.8374728962699,120,24,False,-937.1848601834913,-1148.6783842676944,-875.8374728962699,-980.6287806130172,-1277.7766630298963,-15066.745316848299,-6598.172955031972,-1693.714472363265,38880,7776
425,24,7800,-18492.34795815035,-8180.308677294435,-2062.4078561711826,-10312.039280855914,-2438.9651764166592,-1737.037442877352,120,24,False,-1883.269076412689,-2243.5422480973616,-1737.037442877352,-2009.2253370518517,-2438.9651764166592,-14770.888006371952,-6439.99744200888,-1666.1781128726147,39000,7800
426,24,7824,-13013.61532183233,-5631.161519680446,-1476.490760430377,-7382.453802151885,-1827.1910425513327,-1219.4796489819496,120,24,False,-1336.0007041681026,-1579.586403312741,-1219.4796489819496,-1420.1960031377594,-1827.1910425513327,-15091.868565270532,-6616.327914206922,-1695.1081302127216,39120,7824
427,24,7848,-8738.560604219032,-3227.413608494999,-1102.2293991448066,-5511.146995724033,-1335.4316511006787,-913.4402384644845,120,24,False,-998.5738207412464,-1224.9672825269072,-913.4402384644845,-1038.7340028907163,-1335.4316511006787,-14630.063940737567,-6370.319782286599,-1651.948831690194,39240,7848
428,24,7872,-14700.936977984802,-6286.033880758452,-1682.98061944527,-8414.90309722635,-2010.2500622716047,-1372.820456021114,120,24,False,-1575.7863967334256,-1836.7626160720524,-1372.820456021114,-1619.2835661281524,-2010.2500622716047,-14485.697340118635,-6294.718304274361,-1638.1958071688548,39360,7872
429,24,7896,-14897.862018884793,-6588.861468875128,-1661.800110001933,-8309.000550009665,-2038.2753872707278,-1379.5674303952728,120,24,False,-1508.5783171217333,-1776.1638745479754,-1379.5674303952728,-1606.4155406739558,-2038.2753872707278,-14791.299913045408,-6451.094861907316,-1668.041010227619,39480,7896
430,24,7920,-11374.984258070084,-4832.479144549108,-1308.5010227041953,-6542.505113520976,-1575.0126343010943,-1118.3080905888341,120,24,False,-1212.7805386166074,-1378.080239123547,-1118.3080905888341,-1258.3236108908932,-1575.0126343010943,-14660.158866790447,-6389.440364686163,-1654.143700420857,39600,7920
431,24,7944,-9714.53691601162,-3760.4979845644248,-1190.807786289439,-5954.038931447195,-1436.4191048855637,-968.8860943353559,120,24,False,-1080.2731623306236,-1339.0756728763704,-968.8860943353559,-1129.3848970192807,-1436.4191048855637,-14184.875942623947,-6142.882961073497,-1608.3985963100902,39720,7944
432,24,7968,-7226.575512483039,-2420.8669181720343,-961.1417188622011,-4805.708594311005,-1149.2621012781813,-781.5558560706367,120,24,False,-862.1238123644544,-1149.2621012781813,-781.5558560706367,-898.458513485344,-1114.3083111123883,-13552.508905447825,-5809.980142953237,-1548.5057524989174,39840,7968
433,24,7992,-13754.083441639546,-5921.456385902029,-1566.5254111475035,-7832.627055737517,-1874.7160598493879,-1328.8520433593496,120,24,False,-1457.6759779274855,-1649.6039443537563,-1328.8520433593496,-1521.7790302475387,-1874.7160598493879,-13514.021928663973,-5790.453978530028,-1544.713590026789,39960,7992
434,24,8016,-15791.546165510532,-6820.928822240342,-1794.1234686540379,-8970.617343270189,-2141.7120919389686,-1540.1570075893344,120,24,False,-1660.0129481867375,-1887.9020901894444,-1540.1570075893344,-1740.833205365705,-2141.7120919389686,-13888.987309352073,-5976.186949634816,-1582.560071943451,40080,8016
435,24,8040,-14498.36308795823,-6383.4225489750215,-1622.988107796642,-8114.94053898321,-1987.7288676054436,-1339.4489116570057,120,24,False,-1479.678966614462,-1764.4609185726465,-1339.4489116570057,-1543.6228745336518,-1987.7288676054436,-13839.852070766627,-5952.503721793673,-1577.4696697945901,40200,8040
436,24,8064,-18199.106250134148,-8230.063698083773,-1993.8085104100749,-9969.042552050374,-2406.409609436179,-1667.1685353035195,120,24,False,-1847.1174522042004,-2112.723526631802,-1667.1685353035195,-1935.6234284746745,-2406.409609436179,-14089.946401129786,-6085.569326569635,-1600.87541491203,40320,8064
437,24,8088,-12840.90535602728,-5380.742877211644,-1492.0324957631276,-7460.162478815638,-1775.685643357935,-1266.9956254511287,120,24,False,-1374.119933690094,-1597.6490619864185,-1266.9956254511287,-1445.7122143300612,-1775.685643357935,-13855.543681986406,-5960.331392365553,-1579.04245792417,40440,8088
438,24,8112,-10293.969862600865,-4169.8255631775755,-1224.828859884658,-6124.14429942329,-1472.0360574493964,-1037.426989425717,120,24,False,-1136.0925327548382,-1299.3622565224896,-1037.426989425717,-1179.2264632708498,-1472.0360574493964,-13631.46560187054,-5843.197371980605,-1557.6536459779868,40560,8112
439,24,8136,-12343.554573338522,-5281.481193033421,-1412.4146760610201,-7062.073380305101,-1707.3903232333303,-1197.6740554600508,120,24,False,-1304.354055536999,-1489.702876668008,-1197.6740554600508,-1362.9520694067123,-1707.3903232333303,-13152.822873900946,-5602.998158527045,-1509.9649430747804,40680,8136
440,24,8160,-6872.55765356716,-2406.8462074893296,-893.142289215566,-4465.71144607783,-1064.8618883358115,-759.2039900924384,120,24,False,-823.9452576348374,-952.4810683368601,-759.2039900924384,-865.2192416778828,-1064.8618883358115,-12936.5779986902,-5486.319785239113,-1490.0516426902172,40800,8160
441,24,8184,-13031.836732054224,-5622.065334758685,-1481.954279459108,-7409.77139729554,-1812.057307787566,-1223.642001433766,120,24,False,-1362.5353458590382,-1577.3141334376803,-1223.642001433766,-1434.2226087774886,-1812.057307787566,-12442.90945306484,-5238.904427923718,-1440.8010050282244,40920,8184
442,24,8208,-15811.010648929927,-6965.395931741563,-1769.1229434376728,-8845.614717188364,-2133.2044496160424,-1484.053446958199,120,24,False,-1614.621234671053,-1904.6714972576028,-1484.053446958199,-1709.064088685467,-2133.2044496160424,-12599.634056195482,-5313.7194668068905,-1457.1829178777175,41040,8208
443,24,8232,-10662.188679305895,-4400.428924544389,-1252.351950952301,-6261.759754761505,-1465.2772887450665,-1068.9993095345596,120,24,False,-1169.7380579926228,-1329.9708968133273,-1068.9993095345596,-1227.7742016759282,-1465.2772887450665,-12517.612366482155,-5269.193991974858,-1449.6836749014594,41160,8232
444,24,8256,-15460.741731743412,-6897.725824420043,-1712.6031814646735,-8563.015907323368,-2080.6494822280115,-1431.6466212411337,120,24,False,-1573.92106689261,-1832.7577212049505,-1431.6466212411337,-1644.041015756661,-2080.6494822280115,-12885.96418752229,-5470.400325698342,-1483.1127723647892,41280,8256
445,24,8280,-14218.049344544084,-6104.669382255224,-1622.675992457772,-8113.37996228886,-1976.4610608156365,-1367.055674828333,120,24,False,-1492.5074336306002,-1717.4278690164922,-1367.055674828333,-1559.9279239977984,-1976.4610608156365,-12672.249256841977,-5366.6183609463815,-1461.126179179119,41400,8280
446,24,8304,-14901.889710624571,-6571.19338462533,-1666.1392651998485,-8330.696325999243,-2051.6729344563637,-1376.4381683642566,120,24,False,-1512.6233188241526,-1806.5565922343724,-1376.4381683642566,-1583.405312120097,-2051.6729344563637,-12766.66297628159,-5413.619954193626,-1470.6086044175925,41520,8304
447,24,8328,-16691.90866288913,-7472.807539326281,-1843.8202247125705,-9219.101123562852,-2182.762630252558,-1571.5077230287468,120,24,False,-1702.7474408801677,-1953.4866710661759,-1571.5077230287468,-1808.5966583352026,-2182.762630252558,-13164.330379215095,-5625.889650735189,-1507.6881456959804,41640,8328
448,24,8352,-11632.497023881511,-4866.603911762587,-1353.178622423785,-6765.893112118925,-1598.0005611502424,-1160.9339472509373,120,24,False,-1256.7536271401068,-1415.6672603258728,-1160.9339472509373,-1334.537716251766,-1598.0005611502424,-13010.90838150993,-5554.918152285396,-1491.1980458449063,41760,8352
449,24,8376,-20433.177118223302,-9365.530867141242,-2213.529250216412,-11067.64625108206,-2643.3064204476827,-1902.1779889837333,120,24,False,-2040.440281562342,-2330.633036419153,-1902.1779889837333,-2151.088523669148,-2643.3064204476827,-13287.674136476853,-5693.7516221987025,-1518.7845028556303,41880,8376
450,24,8400,-15450.091598394109,-6855.778285630614,-1718.8626625526988,-8594.313312763494,-2077.4376573804566,-1474.1556449676889,120,24,False,-1575.2549574037162,-1812.84200353012,-1474.1556449676889,-1654.6230494815115,-2077.4376573804566,-13491.429503493055,-5794.916579252777,-1539.3025848480556,42000,8400
451,24,8424,-13274.083356091014,-5780.3220442843885,-1498.752262361325,-7493.761311806625,-1811.927368609531,-1257.8956617053377,120,24,False,-1377.829199461606,-1602.1658889817656,-1257.8956617053377,-1443.9431930483831,-1811.927368609531,-13669.406825497024,-5895.907782238775,-1554.6998086516498,42120,8424
452,24,8448,-16217.417738669148,-7236.474187273819,-1796.1887102790656,-8980.943551395329,-2156.536497824254,-1511.3408981475193,120,24,False,-1637.750870610912,-1940.6191517854515,-1511.3408981475193,-1734.6961330271918,-2156.536497824254,-14118.948936806331,-6136.6881456938645,-1596.452158222493,42240,8448
453,24,8472,-11904.464672730446,-5056.0888986354685,-1369.6751548189955,-6848.375774094977,-1693.7296782413323,-1150.933674279282,120,24,False,-1253.4256755290162,-1440.8369277116021,-1150.933674279282,-1309.449818333744,-1693.7296782413323,-14026.467998360875,-6093.4197713305375,-1586.6096454060676,42360,8472
454,24,8496,-14397.213193776737,-6321.397286603622,-1615.1631814346233,-8075.815907173116,-1970.244228985531,-1330.3425635014462,120,24,False,-1476.6845697025155,-1751.871491815547,-1330.3425635014462,-1546.6730531680764,-1970.244228985531,-13956.751349774186,-6068.443194548701,-1577.661631045097,42480,8496
455,24,8520,-18761.12529196914,-8343.395676636437,-2083.5459230665406,-10417.729615332702,-2449.1141722465327,-1764.840575910578,120,24,False,-1905.5376057589135,-2241.3634649978485,-1764.840575910578,-2056.873796418829,-2449.1141722465327,-14169.889459974733,-6166.441850931772,-1600.6895218085917,42600,8520
456,24,8544,-12897.122463506765,-5577.812050443842,-1463.8620826125846,-7319.310413062923,-1738.7121553001864,-1231.090268598759,120,24,False,-1363.682355293727,-1575.7898312440498,-1231.090268598759,-1410.0358026262004,-1738.7121553001864,-13904.790270643362,-6033.829268549775,-1574.1922004187174,42720,8544
457,24,8568,-18182.044373374585,-8224.851659429187,-1991.4385427890797,-9957.192713945398,-2336.9097724700528,-1706.3296123841785,120,24,False,-1850.3466783694432,-2119.4246558746504,-1706.3296123841785,-1944.1819948470736,-2336.9097724700528,-14171.847221510729,-6176.034707660652,-1599.162502770015,42840,8568
458,24,8592,-8150.995594218066,-3184.1823163466956,-993.362655574274,-4966.81327787137,-1214.5809073827495,-824.9571231928683,120,24,False,-905.1101364351325,-1093.4617934243238,-824.9571231928683,-928.7033174362961,-1214.5809073827495,-14064.698508091587,-6126.752545319108,-1587.589192554496,42960,8592
459,24,8616,-9597.351387814433,-3942.814970689835,-1130.9072834249198,-5654.536417124599,-1352.1214582596622,-954.5075375164897,120,24,False,-1050.8079325667807,-1218.99327992603,-954.5075375164897,-1078.1062088556364,-1352.1214582596622,-13927.388348815384,-6059.819234201929,-1573.513822922691,43080,8616
460,24,8640,-16481.415027944313,-7397.771264590755,-1816.7287526707119,-9083.643763353559,-2141.2995106099743,-1544.6563184521763,120,24,False,-1686.6387817544187,-1932.9930088463534,-1544.6563184521763,-1778.0561436906364,-2141.2995106099743,-14407.83121753424,-6309.365487057001,-1619.6931460954481,43200,8640
461,24,8664,-15144.982514200805,-6698.223279194043,-1689.3518470013526,-8446.759235006763,-2017.4490054170376,-1444.6528239964628,120,24,False,-1544.5070541313523,-1789.4574680840205,-1444.6528239964628,-1650.6928833778886,-2017.4490054170376,-14513.488506641568,-6363.173384278769,-1630.0630244725603,43320,8664
462,24,8688,-17138.04560305813,-7738.373524208932,-1879.9344157698392,-9399.672078849197,-2265.035290036954,-1597.8241990877334,120,24,False,-1735.1500733929636,-1987.0122631145553,-1597.8241990877334,-1814.6502532169893,-2265.035290036954,-14579.84025434798,-6401.822263902138,-1635.6035980891686,43440,8688
463,24,8712,-9184.03616065854,-3686.986199994423,-1099.4099921328234,-5497.049960664117,-1309.5596711908838,-931.4567509350269,120,24,False,-1004.8721072378554,-1193.4460519357237,-931.4567509350269,-1057.7153793646266,-1309.5596711908838,-14505.932628415612,-6366.1501276746385,-1627.9565001481947,43560,8712
464,24,8736,-11799.634003441206,-4864.348706975274,-1387.0570592931865,-6935.285296465932,-1636.0374048543658,-1180.1753747959267,120,24,False,-1267.4287941805164,-1495.9947644776657,-1180.1753747959267,-1355.648958157457,-1636.0374048543658,-14322.8772420005,-6264.4812718024,-1611.6791940396204,43680,8736
465,24,8760,-11917.61011842209,-4906.689907701181,-1402.1840421441816,-7010.920210720908,-1645.1159817658845,-1178.4525670906548,120,24,False,-1281.351833425271,-1547.7279696837,-1178.4525670906548,-1358.2718587553968,-1645.1159817658845,-14207.855280694403,-6204.582298074698,-1600.6545965239409,43800,8760
466,24,8784,-11235.130306511364,-4530.525801982832,-1340.9209009057065,-6704.604504528533,-1635.272127508787,-1130.3636094018575,120,24,False,-1221.3999144252473,-1419.8287737654312,-1130.3636094018575,-1297.7400794272096,-1635.272127508787,-14024.517310488742,-6102.548918942573,-1584.3936783092336,43920,8784
467,24,8808,-16914.536464237877,-7596.1221972264775,-1863.6828534022802,-9318.414267011402,-2215.5347913341184,-1604.7858033885757,120,24,False,-1727.4248254379531,-1956.8358044572544,-1604.7858033885757,-1813.8330423934988,-2215.5347913341184,-14035.64870055618,-6108.714651837582,-1585.3868097437194,44040,8808
468,24,8832,-9779.809289181,-3893.9489123534527,-1177.1720753655093,-5885.860376827546,-1413.853926925172,-991.7661192686307,120,24,False,-1083.6292664166842,-1278.7746841558408,-991.7661192686307,-1117.8363800612183,-1413.853926925172,-13943.014313821153,-6060.081901867126,-1576.5864823908053,44160,8832
469,24,8856,-13261.380124019055,-5785.005503337476,-1495.2749241363158,-7476.374620681579,-1793.1244569931014,-1264.7091338289765,120,24,False,-1375.0162186313553,-1588.1584416155779,-1264.7091338289765,-1455.3663696125673,-1793.1244569931014,-13584.42446411094,-5881.055633676939,-1540.6737660868007,44280,8856
470,24,8880,-17428.943000591575,-7863.238515945138,-1913.1408969292875,-9565.704484646438,-2334.2926274459896,-1596.6732058561372,120,24,False,-1727.7772483922668,-2067.631486130203,-1596.6732058561372,-1839.3299168218407,-2334.2926274459896,-13683.367034220815,-5931.428645192665,-1550.38767780563,44400,8880
471,24,8904,-10889.098633779628,-4564.292031117583,-1264.961320532409,-6324.806602662045,-1515.6378446915853,-1048.1866100912491,120,24,False,-1159.6984452896618,-1356.401092765449,-1048.1866100912491,-1244.8826098241007,-1515.6378446915853,-13564.117798105242,-5870.6271445343245,-1538.6981307141843,44520,8904
472,24,8928,-20080.104074081966,-9192.503504717719,-2177.520113872849,-10887.600569364246,-2638.2251920041003,-1822.2529985302294,120,24,False,-1979.161462631309,-2324.8616763861046,-1822.2529985302294,-2123.099239812502,-2638.2251920041003,-13757.252114875886,-5968.4286104065195,-1557.7647008938734,44640,8928
473,24,8952,-24519.77631351907,-11410.558269524665,-2621.8436087988803,-13109.218043994402,-3151.4100309909254,-2219.3847715268903,120,24,False,-2414.448924702187,-2779.0287269011637,-2219.3847715268903,-2544.9455898732367,-3151.4100309909254,-14388.017696915316,-6286.15207895098,-1620.3731235928676,44760,8952
474,24,8976,-21130.382686711142,-9717.569888889395,-2282.562559564349,-11412.812797821745,-2681.8917204496397,-1965.467928118443,120,24,False,-2103.861640068305,-2414.0678985927143,-1965.467928118443,-2247.523610592643,-2681.8917204496397,-14724.676171562034,-6455.960709065268,-1653.743092499354,44880,8976
475,24,9000,-12477.248133479421,-5358.432228652362,-1423.7631809654117,-7118.815904827059,-1677.7875501135973,-1220.9783138934267,120,24,False,-1320.4046637008732,-1513.2352295691298,-1220.9783138934267,-1386.410147550032,-1677.7875501135973,-14410.482313637553,-6306.712536666064,-1620.7539553942975,45000,9000
476,24,9024,-17516.882330071057,-7866.944604745243,-1929.9875450651627,-9649.937725325814,-2278.815066560026,-1637.8567103617381,120,24,False,-1787.3649157144152,-2048.6553054539377,-1637.8567103617381,-1897.245727235696,-2278.815066560026,-14641.470306965766,-6421.169164381134,-1644.0602285169266,45120,9024
477,24,9048,-12891.235222985117,-5596.139090150966,-1459.0192265668302,-7295.096132834151,-1736.5207270238536,-1238.8555765696788,120,24,False,-1350.8030099859634,-1550.6805474175899,-1238.8555765696788,-1418.2362718370657,-1736.5207270238536,-14376.929849446291,-6289.733535917223,-1617.4392627058141,45240,9048
478,24,9072,-11802.1626622646,-4965.984279667047,-1367.2356765195104,-6836.178382597552,-1611.999609522919,-1162.3753921689822,120,24,False,-1267.7532449212906,-1467.89165041022,-1162.3753921689822,-1326.1584855741403,-1611.999609522919,-14559.488202848617,-6378.823634083239,-1636.132913753076,45360,9072
479,24,9096,-8304.061486082546,-3253.837532480076,-1010.0447907204941,-5050.223953602471,-1197.557322649669,-863.9337577781689,120,24,False,-926.6073786467766,-1095.0627369925805,-863.9337577781689,-967.0627575352754,-1197.557322649669,-14494.823707762025,-6344.374762172751,-1630.0897891178545,45480,9096
480,24,9120,-11762.540790746007,-4930.0593435998735,-1366.4962894292269,-6832.481447146134,-1603.0524220113216,-1169.254658782695,120,24,False,-1243.6290481521996,-1500.9175173677443,-1169.254658782695,-1315.6278008321735,-1603.0524220113216,-14258.879995902109,-6220.989166123208,-1607.5781659557802,45600,9120
481,24,9144,-12613.11014307606,-5440.083863276599,-1434.605255959892,-7173.02627979946,-1690.3505170340156,-1234.9987221914625,120,24,False,-1320.3668897810103,-1520.1232749595515,-1234.9987221914625,-1407.1868758334194,-1690.3505170340156,-14132.286377345872,-6158.082195327335,-1594.8408364037073,45720,9144
482,24,9168,-11058.452345267604,-4544.844909564795,-1302.7214871405617,-6513.607435702808,-1548.46778686786,-1110.7047150284077,120,24,False,-1189.0528909454367,-1401.4547657280325,-1110.7047150284077,-1263.9272771330718,-1548.46778686786,-13828.306714456348,-5998.405764595128,-1565.9801899722434,45840,9168
483,24,9192,-6176.738492517064,-1865.6847294229758,-862.2107526188177,-4311.053763094088,-991.2445296161467,-725.2550601143457,120,24,False,-782.9685896682873,-991.2445296161467,-725.2550601143457,-826.9220332692615,-984.6635504260463,-13677.941831049273,-5907.340691066556,-1554.1202279965432,45960,9192
484,24,9216,-14099.025889220859,-6107.385250638173,-1598.3281277165374,-7991.640638582687,-1855.4539724883068,-1373.986786006888,120,24,False,-1494.561550515252,-1694.4682109961286,-1373.986786006888,-1573.170118576111,-1855.4539724883068,-13792.911425338254,-5969.492518249701,-1564.6837814177109,46080,9216
485,24,9240,-11323.15298779942,-4788.72442275864,-1306.885713008156,-6534.42856504078,-1562.3879341690558,-1105.4413308371634,120,24,False,-1192.4978394937245,-1394.8385535545478,-1105.4413308371634,-1279.2629069862885,-1562.3879341690558,-13763.188568807123,-5963.594244002574,-1559.9188649609096,46200,9240
486,24,9264,-9342.909191560997,-3505.9574057948407,-1167.3903571532314,-5836.951785766157,-1376.1192147710437,-1001.3374382305401,120,24,False,-1054.188218438558,-1285.6600320155387,-1001.3374382305401,-1119.646882310476,-1376.1192147710437,-13668.577513059605,-5912.365824193174,-1551.2423377732857,46320,9264
487,24,9288,-8477.495091041785,-3389.4548562790897,-1017.608046952539,-5088.040234762695,-1223.7619050155306,-867.786431213274,120,24,False,-946.2724535912186,-1082.4239194417748,-867.786431213274,-967.7955255008962,-1223.7619050155306,-13246.725444399799,-5702.032457145804,-1508.9385974507986,46440,9288
488,24,9312,-16527.083136976595,-7411.916394104968,-1823.0333485743256,-9115.166742871628,-2159.643783032261,-1572.372260887888,120,24,False,-1683.4539291625413,-1928.5286688894223,-1572.372260887888,-1771.1681008995158,-2159.643783032261,-13584.089136789578,-5877.93083123338,-1541.2316611112394,46560,9312
489,24,9336,-8190.057717436277,-2821.8848436874246,-1073.6345747497705,-5368.172873748853,-1257.9129644141942,-872.6293048203057,120,24,False,-963.0511655433379,-1257.9129644141942,-872.6293048203057,-1025.0125901705765,-1249.5668488004383,-13330.523016460438,-5729.774798250878,-1520.1496436419122,46680,9336
490,24,9360,-11464.373365337973,-4707.691714638731,-1351.3363301398483,-6756.681650699242,-1593.3847104545187,-1143.5562389434697,120,24,False,-1252.8143604507534,-1442.8939490165594,-1143.5562389434697,-1324.0323918339411,-1593.3847104545187,-13032.29453469776,-5571.997458185559,-1492.0594153024401,46800,9360
491,24,9384,-11885.150792688975,-5053.6306510802815,-1366.304028321739,-6831.520141608695,-1614.4413255728796,-1165.0585078073411,120,24,False,-1260.877985837877,-1447.0438042239389,-1165.0585078073411,-1344.0985181666586,-1614.4413255728796,-13082.097142643226,-5596.464389183693,-1497.1265506919065,46920,9384
492,24,9408,-19957.60041739203,-9152.110948211935,-2161.0978938360186,-10805.489469180093,-2536.474160945054,-1855.6464649032232,120,24,False,-2006.366631656052,-2279.0705471606243,-1855.6464649032232,-2127.931664515139,-2536.474160945054,-13075.971959808729,-5594.444761358403,-1496.305439690065,47040,9408
493,24,9432,-10530.675466871773,-4031.8964487678527,-1299.7558036207843,-6498.779018103921,-1517.9774641396423,-1099.017864368541,120,24,False,-1168.48038772025,-1499.4338170935625,-1099.017864368541,-1213.869484781924,-1517.9774641396423,-12376.516917476365,-5225.511670320563,-1430.2010494311605,47160,9432
494,24,9456,-13597.324693849023,-5955.914904830773,-1528.28195780365,-7641.409789018249,-1841.1538542778471,-1290.7802358029905,120,24,False,-1400.4619806336427,-1649.6640140638494,-1290.7802358029905,-1459.3497042399194,-1841.1538542778471,-11999.864017833259,-5037.428921117632,-1392.4870193431252,47280,9456
495,24,9480,-10917.88789954638,-4481.077057071136,-1287.362168495049,-6436.8108424752445,-1554.0203207262464,-1085.6033347852733,120,24,False,-1163.3344690909353,-1382.4442913553655,-1085.6033347852733,-1251.4084265174233,-1554.0203207262464,-11921.896006136607,-4993.56116253857,-1385.6669687196074,47400,9480
496,24,9504,-11558.242940385953,-4924.756329451237,-1326.6973221869432,-6633.486610934716,-1571.2942759243676,-1140.9333683974223,120,24,False,-1229.596976013176,-1406.1669243093875,-1140.9333683974223,-1285.4950662903623,-1571.2942759243676,-11623.96403665235,-4846.451748773869,-1355.5024575756966,47520,9504
497,24,9528,-7308.81558399807,-2489.3458986367145,-963.8939370722712,-4819.469685361356,-1152.5639108886696,-801.1830843956897,120,24,False,-870.1753725319938,-1086.197938286519,-801.1830843956897,-909.3493792584842,-1152.5639108886696,-11344.843054703,-4691.112089198158,-1330.7461931009684,47640,9528
498,24,9552,-10979.54331381118,-4628.647658602421,-1270.179131041752,-6350.89565520876,-1495.5358721262896,-1071.663264200284,120,24,False,-1156.3689597131888,-1394.2882952173052,-1071.663264200284,-1233.039263951693,-1495.5358721262896,-11303.71208728033,-4674.245258144927,-1325.8933658270805,47760,9552
499,24,9576,-19792.206190858426,-9032.45968001536,-2151.949302168613,-10759.746510843066,-2530.3899835218313,-1841.5125801065908,120,24,False,-1999.5179487302535,-2264.116175957956,-1841.5125801065908,-2124.209822526436,-2530.3899835218313,-11878.119322519122,-4963.176365521691,-1382.9885913994865,47880,9576
500,24,9600,-13405.506048574289,-5840.2432598024225,-1513.0525577543733,-7565.262788771866,-1805.660644297047,-1284.3135130113096,120,24,False,-1392.8810276276208,-1613.6791307252417,-1284.3135130113096,-1468.7284731106472,-1805.660644297047,-11960.267585410536,-5008.685561331818,-1390.316404815744,48000,9600
